#
# TABLE STRUCTURE FOR: communities
#

DROP TABLE IF EXISTS `communities`;

CREATE TABLE `communities` (
  `id` bigint(20) unsigned NOT NULL AUTO_INCREMENT,
  `name` varchar(150) COLLATE utf8mb4_unicode_ci DEFAULT NULL,
  `admin_user_id` bigint(20) unsigned NOT NULL,
  `description` text COLLATE utf8mb4_unicode_ci DEFAULT NULL,
  UNIQUE KEY `id` (`id`),
  KEY `communities_name_idx` (`name`),
  KEY `admin_user_id` (`admin_user_id`),
  CONSTRAINT `communities_ibfk_1` FOREIGN KEY (`admin_user_id`) REFERENCES `users` (`id`)
) ENGINE=InnoDB AUTO_INCREMENT=101 DEFAULT CHARSET=utf8mb4 COLLATE=utf8mb4_unicode_ci;

INSERT INTO `communities` (`id`, `name`, `admin_user_id`, `description`) VALUES ('1', 'illo', '101', 'Ullam voluptas reprehenderit voluptatem explicabo voluptas ipsa sint. Molestiae qui eos rerum qui. Qui reiciendis consectetur labore sit eum officiis. Consequatur sint illo quod doloribus.');
INSERT INTO `communities` (`id`, `name`, `admin_user_id`, `description`) VALUES ('2', 'nihil', '102', 'Quae asperiores consequatur quia error molestias doloribus. Molestiae hic consequuntur enim saepe officia. Vel magni ratione et sit autem. Assumenda distinctio rem saepe quisquam.');
INSERT INTO `communities` (`id`, `name`, `admin_user_id`, `description`) VALUES ('3', 'nulla', '104', 'Velit eligendi perferendis et ipsum. Error rerum numquam debitis nam est est quas.');
INSERT INTO `communities` (`id`, `name`, `admin_user_id`, `description`) VALUES ('4', 'eligendi', '105', 'Velit necessitatibus est facere ea et tempora sit. Eos enim explicabo pariatur accusamus rem. Corrupti quo deserunt ab ut soluta quae quos. Facere odit asperiores repellendus maiores autem. Aliquid asperiores nisi qui ipsa magni hic.');
INSERT INTO `communities` (`id`, `name`, `admin_user_id`, `description`) VALUES ('5', 'qui', '107', 'Consectetur odio enim cumque commodi. Illo tenetur odit est minus aut et voluptas sint. Et dolores eligendi dolores debitis cupiditate voluptas necessitatibus.');
INSERT INTO `communities` (`id`, `name`, `admin_user_id`, `description`) VALUES ('6', 'consequuntur', '108', 'Magni dicta ipsam dignissimos. Iusto possimus saepe neque reprehenderit dolore vitae itaque expedita. Consequatur eum odio architecto pariatur et rerum. Molestiae vel est et aut dolorum.');
INSERT INTO `communities` (`id`, `name`, `admin_user_id`, `description`) VALUES ('7', 'assumenda', '109', 'Et facilis voluptatem molestiae impedit consectetur. Error vero illo nemo ex omnis. Et voluptatum quod voluptatibus iste laudantium excepturi laudantium velit. Qui est dolores dolore et maxime aut. Aut natus eaque doloribus magnam aperiam.');
INSERT INTO `communities` (`id`, `name`, `admin_user_id`, `description`) VALUES ('8', 'odio', '110', 'In soluta hic magni sed. Laboriosam corporis est molestias officia id voluptates neque. Nisi quam laudantium et fugiat.');
INSERT INTO `communities` (`id`, `name`, `admin_user_id`, `description`) VALUES ('9', 'consequatur', '111', 'Autem sed perferendis omnis consequatur et. Provident cumque omnis temporibus. Veniam nesciunt corporis modi itaque autem qui. Eum qui temporibus ad possimus sed sit deleniti. Soluta aperiam quo ducimus nisi vel eligendi et sint.');
INSERT INTO `communities` (`id`, `name`, `admin_user_id`, `description`) VALUES ('10', 'molestias', '112', 'Dolor fugit quaerat quasi. Et voluptatibus non iusto natus error nobis. Totam dignissimos et sapiente sit ut. Non architecto corporis quam nobis molestiae. Illum explicabo earum sint qui ex odit autem error.');
INSERT INTO `communities` (`id`, `name`, `admin_user_id`, `description`) VALUES ('11', 'occaecati', '113', 'Aut porro aliquid in laboriosam eius. Consequatur nostrum quia autem consequatur. Soluta ut tenetur et eligendi voluptas impedit voluptatem.');
INSERT INTO `communities` (`id`, `name`, `admin_user_id`, `description`) VALUES ('12', 'unde', '114', 'Omnis est cum accusamus odit. Minima officia velit doloremque consequatur minus voluptatum id quia. Molestias quisquam totam dignissimos sint error ducimus sunt. Vel error sint voluptas aut inventore mollitia non.');
INSERT INTO `communities` (`id`, `name`, `admin_user_id`, `description`) VALUES ('13', 'iure', '115', 'Accusamus suscipit et iusto commodi. Numquam laudantium voluptatem nobis quis officia suscipit. Neque unde in omnis fuga. Non occaecati quia qui et maxime iure.');
INSERT INTO `communities` (`id`, `name`, `admin_user_id`, `description`) VALUES ('14', 'vel', '116', 'Aliquid est in consectetur quod voluptates enim. Impedit eius nemo expedita aliquid autem autem non. Ex qui sed molestiae explicabo consequatur numquam est alias.');
INSERT INTO `communities` (`id`, `name`, `admin_user_id`, `description`) VALUES ('15', 'minus', '117', 'Tenetur sunt molestiae similique necessitatibus neque commodi omnis sed. Perferendis neque et libero in vel error ea tempore. Dicta ullam nam facere tempora vel. Qui aut qui quia laudantium labore velit ipsum tenetur.');
INSERT INTO `communities` (`id`, `name`, `admin_user_id`, `description`) VALUES ('16', 'ut', '118', 'Quia dicta qui tenetur. Aliquid aut unde aut et sint nisi illum.');
INSERT INTO `communities` (`id`, `name`, `admin_user_id`, `description`) VALUES ('17', 'quia', '119', 'Ea sint aut eveniet doloremque quia accusamus possimus voluptatibus. Assumenda vel quidem consequuntur beatae. Aut magni exercitationem labore sint.');
INSERT INTO `communities` (`id`, `name`, `admin_user_id`, `description`) VALUES ('18', 'consequatur', '120', 'Quos quas animi magnam sed. Molestiae sint corrupti cumque in reiciendis facere corrupti. Ratione voluptas labore eaque necessitatibus occaecati iure.');
INSERT INTO `communities` (`id`, `name`, `admin_user_id`, `description`) VALUES ('19', 'ipsum', '128', 'Et molestias quia quo est nostrum rerum et. Deleniti dicta sit voluptates repellat totam aliquid. Corrupti quo enim perferendis. Sapiente nulla beatae possimus est vel corporis.');
INSERT INTO `communities` (`id`, `name`, `admin_user_id`, `description`) VALUES ('20', 'reiciendis', '131', 'Dolorum quia itaque molestiae sunt aspernatur. Incidunt aut dolore quos nobis neque omnis quisquam. Officia aliquam omnis laborum dolorum exercitationem ratione et.');
INSERT INTO `communities` (`id`, `name`, `admin_user_id`, `description`) VALUES ('21', 'suscipit', '134', 'Illo laudantium laboriosam animi ratione fugiat et. Repellendus voluptas debitis aut maiores optio. Soluta magnam placeat optio ut. Ut laborum nisi qui quibusdam.');
INSERT INTO `communities` (`id`, `name`, `admin_user_id`, `description`) VALUES ('22', 'dolor', '135', 'Sit molestiae expedita totam tenetur. Minus non debitis eveniet nam minima sunt eaque ut. Aut nisi dicta molestiae quaerat voluptatem qui autem. Deleniti natus et quisquam cum. Vel et necessitatibus nihil veritatis animi ut non.');
INSERT INTO `communities` (`id`, `name`, `admin_user_id`, `description`) VALUES ('23', 'sed', '136', 'Temporibus expedita illo omnis sed. Ut ipsum fuga sint et. Molestiae et minus quidem maiores eligendi dolorum facere suscipit. Sequi officiis ea odio eveniet.');
INSERT INTO `communities` (`id`, `name`, `admin_user_id`, `description`) VALUES ('24', 'voluptatem', '141', 'Rerum dignissimos deleniti dolorem ducimus iusto. Sint ab eveniet voluptatem non. Nam dolorem vero cupiditate non. Reprehenderit inventore corrupti molestias quia maiores ipsam blanditiis corrupti.');
INSERT INTO `communities` (`id`, `name`, `admin_user_id`, `description`) VALUES ('25', 'aut', '142', 'Dicta sit a eveniet sit inventore neque veritatis. Suscipit nobis eos in repudiandae nisi consequatur. Est tempora nesciunt ea dolores illum. Enim aliquid et odio.');
INSERT INTO `communities` (`id`, `name`, `admin_user_id`, `description`) VALUES ('26', 'aliquam', '144', 'Ipsa maxime aperiam earum nisi quisquam reiciendis. Ullam rerum qui unde consectetur aliquam magni. Veritatis repellendus minus et aut consequatur aliquid. Laboriosam eaque consequatur et inventore aut. Quaerat voluptatum asperiores velit ratione facilis quisquam.');
INSERT INTO `communities` (`id`, `name`, `admin_user_id`, `description`) VALUES ('27', 'blanditiis', '146', 'Quibusdam harum quas consequatur blanditiis. Voluptas voluptatibus harum sunt qui sit. Doloribus doloribus molestias odit.');
INSERT INTO `communities` (`id`, `name`, `admin_user_id`, `description`) VALUES ('28', 'voluptate', '147', 'Porro numquam porro voluptas explicabo corrupti. Id nulla deleniti ut inventore deleniti. Sed quia molestiae facilis consequuntur quos ex.');
INSERT INTO `communities` (`id`, `name`, `admin_user_id`, `description`) VALUES ('29', 'et', '148', 'Est libero et voluptatem unde repudiandae. Et quia quia laudantium et nemo excepturi fugit. Dolores exercitationem tempora animi provident ipsam. Et cum atque doloribus quia aut repellat sint aperiam.');
INSERT INTO `communities` (`id`, `name`, `admin_user_id`, `description`) VALUES ('30', 'qui', '149', 'Excepturi ut aut autem sint nihil et. Inventore excepturi iste nemo nam error architecto molestiae. Voluptate sit doloremque nobis perferendis non.');
INSERT INTO `communities` (`id`, `name`, `admin_user_id`, `description`) VALUES ('31', 'itaque', '150', 'Commodi voluptatem numquam at consequatur tempore quasi dignissimos. Deleniti ratione eaque ut mollitia voluptatibus dolores. Aperiam ut veritatis molestias accusantium.');
INSERT INTO `communities` (`id`, `name`, `admin_user_id`, `description`) VALUES ('32', 'quis', '151', 'Est excepturi velit vel et sed. Commodi sunt molestiae nemo. Nihil dicta eveniet et quo et quae laboriosam. Vero consequatur officiis quia tempora.');
INSERT INTO `communities` (`id`, `name`, `admin_user_id`, `description`) VALUES ('33', 'voluptatum', '152', 'Voluptatem beatae id dolores omnis ratione. Vel voluptas quis nostrum ipsum hic. Reprehenderit ipsa temporibus aut officiis qui quia.');
INSERT INTO `communities` (`id`, `name`, `admin_user_id`, `description`) VALUES ('34', 'quis', '153', 'Voluptas amet nesciunt est aliquid sunt sit. Dolorem nesciunt sit et mollitia rerum tempore. Nihil tenetur nostrum consectetur sunt. Ipsa vero aut voluptatem.');
INSERT INTO `communities` (`id`, `name`, `admin_user_id`, `description`) VALUES ('35', 'omnis', '154', 'Sunt eos laudantium non unde deleniti quidem exercitationem. Est alias officiis perspiciatis consequatur eos illum autem. Corporis velit assumenda voluptate recusandae.');
INSERT INTO `communities` (`id`, `name`, `admin_user_id`, `description`) VALUES ('36', 'eum', '155', 'Reprehenderit qui et tempore vel ad aliquid amet quia. Beatae ad delectus quasi porro quibusdam aut numquam.');
INSERT INTO `communities` (`id`, `name`, `admin_user_id`, `description`) VALUES ('37', 'quia', '159', 'Nam facere ut odio est sint et tenetur blanditiis. Neque libero illum velit id quisquam exercitationem quod. Nam tempora nemo ullam fugiat. Rerum corrupti officia illo dolor reprehenderit accusantium ut.');
INSERT INTO `communities` (`id`, `name`, `admin_user_id`, `description`) VALUES ('38', 'labore', '163', 'Id molestiae iure eveniet laborum ea consequatur ut. Et est repudiandae harum explicabo in et voluptatem est. Voluptas praesentium sint facilis et est praesentium accusantium est. Necessitatibus dolore facilis rem dolores maiores.');
INSERT INTO `communities` (`id`, `name`, `admin_user_id`, `description`) VALUES ('39', 'perspiciatis', '165', 'Occaecati doloribus corporis minima. Similique sint culpa quam tempora consequuntur. Exercitationem id dolorem cupiditate tempora. Dolores cupiditate tenetur laboriosam dignissimos reprehenderit maxime dignissimos.');
INSERT INTO `communities` (`id`, `name`, `admin_user_id`, `description`) VALUES ('40', 'voluptas', '166', 'Recusandae maxime quasi reiciendis nemo eaque. Minima consequatur et non praesentium ducimus expedita ut. Dolorum eum ut dolores enim architecto.');
INSERT INTO `communities` (`id`, `name`, `admin_user_id`, `description`) VALUES ('41', 'ut', '168', 'Voluptatem laudantium nisi odio officiis facere voluptatibus nostrum aspernatur. Perspiciatis aspernatur et assumenda suscipit voluptate et error. Et eaque autem earum consequatur. Dolores quos cupiditate aut qui commodi.');
INSERT INTO `communities` (`id`, `name`, `admin_user_id`, `description`) VALUES ('42', 'corrupti', '170', 'Temporibus quasi doloribus ut vero deserunt velit. Quod ut est exercitationem mollitia. Voluptatem nihil quaerat adipisci rerum quo. Excepturi dolorem ab voluptatem non natus hic.');
INSERT INTO `communities` (`id`, `name`, `admin_user_id`, `description`) VALUES ('43', 'iure', '171', 'Aut doloremque recusandae voluptas architecto cupiditate. Doloribus exercitationem praesentium unde porro et. Quos recusandae dolores perspiciatis ea repellat perspiciatis. Tempora ut doloremque nam ut necessitatibus. Ipsa sed sunt alias rem.');
INSERT INTO `communities` (`id`, `name`, `admin_user_id`, `description`) VALUES ('44', 'officiis', '174', 'Unde ea maiores pariatur eligendi doloremque molestiae cum. In a molestiae a quo nostrum. Sed veniam ipsa asperiores neque suscipit. Inventore dolor itaque facere ut adipisci dolore unde dolore.');
INSERT INTO `communities` (`id`, `name`, `admin_user_id`, `description`) VALUES ('45', 'necessitatibus', '175', 'Eligendi deleniti ullam et nam sunt magnam blanditiis dignissimos. Cumque praesentium ut adipisci laudantium. Quis delectus sunt quod explicabo dolores. Quia quibusdam illo quo aut amet quasi. Omnis tenetur pariatur et consequatur quisquam fugiat autem sapiente.');
INSERT INTO `communities` (`id`, `name`, `admin_user_id`, `description`) VALUES ('46', 'ut', '176', 'Suscipit doloremque ut ipsa et aut. Fugiat blanditiis voluptas distinctio et id. Aperiam sint omnis tempore vel sed minus ut. Consequuntur ut quae ex dolores perferendis quibusdam earum.');
INSERT INTO `communities` (`id`, `name`, `admin_user_id`, `description`) VALUES ('47', 'non', '177', 'Vero voluptatem quibusdam veniam ex laudantium quo voluptatum. Qui aut inventore earum cupiditate. Ipsam quis consequatur pariatur fuga provident ut.');
INSERT INTO `communities` (`id`, `name`, `admin_user_id`, `description`) VALUES ('48', 'id', '178', 'Et aut ut consequatur voluptatum et rerum accusamus perspiciatis. Harum aut dolorum ab minus quo nihil. Optio recusandae dolorum corporis consequatur aliquam rem. Necessitatibus ut doloremque facere vel.');
INSERT INTO `communities` (`id`, `name`, `admin_user_id`, `description`) VALUES ('49', 'mollitia', '179', 'Mollitia odit deleniti odio neque recusandae. Nesciunt velit delectus minus ut veniam ad. Est accusantium et tempora. Illo nemo omnis rerum nobis.');
INSERT INTO `communities` (`id`, `name`, `admin_user_id`, `description`) VALUES ('50', 'quia', '181', 'Atque reiciendis id dolores amet magni voluptatem eveniet. Asperiores odit sapiente unde quia dolores. Rem commodi non rem non tempore ut. Aut dolores aut beatae at.');
INSERT INTO `communities` (`id`, `name`, `admin_user_id`, `description`) VALUES ('51', 'voluptatem', '183', 'Voluptate voluptatem unde commodi. Est molestias dolor quia minima sed. Esse quibusdam inventore alias ea nostrum nisi deserunt. Rerum omnis quis quis alias ipsa.');
INSERT INTO `communities` (`id`, `name`, `admin_user_id`, `description`) VALUES ('52', 'accusantium', '187', 'Perferendis perferendis placeat aut explicabo. Qui iste doloremque eaque dolor. Aspernatur in corporis vero facere sint dolores eum.');
INSERT INTO `communities` (`id`, `name`, `admin_user_id`, `description`) VALUES ('53', 'sit', '188', 'Laudantium atque exercitationem omnis. Et perspiciatis culpa delectus distinctio est aut. Perferendis nisi consequatur natus nihil praesentium eum.');
INSERT INTO `communities` (`id`, `name`, `admin_user_id`, `description`) VALUES ('54', 'delectus', '190', 'Necessitatibus iste qui quibusdam sunt ratione. Optio distinctio dolores aliquid consequatur architecto molestiae rerum odit.');
INSERT INTO `communities` (`id`, `name`, `admin_user_id`, `description`) VALUES ('55', 'sunt', '192', 'Animi odio dicta commodi totam aut ab. Quibusdam provident aliquid autem sed aut. Vel quis dolorum et suscipit laudantium debitis.');
INSERT INTO `communities` (`id`, `name`, `admin_user_id`, `description`) VALUES ('56', 'voluptatum', '195', 'Animi sit dolorum sed autem voluptatum ut explicabo et. Nesciunt dolores voluptatibus aut. Omnis maiores vero praesentium odit.');
INSERT INTO `communities` (`id`, `name`, `admin_user_id`, `description`) VALUES ('57', 'est', '196', 'Laborum eius veniam quisquam consequatur facilis eveniet ullam. Qui fugit doloribus qui dolores sed ipsam quibusdam et. Quia optio cum minima consequatur. Maiores et nulla labore minima est eius ducimus.');
INSERT INTO `communities` (`id`, `name`, `admin_user_id`, `description`) VALUES ('58', 'consectetur', '197', 'Qui modi officiis eum sit. Nisi modi dolor et assumenda iusto dolores quia. Perspiciatis rerum repudiandae consequatur sit.');
INSERT INTO `communities` (`id`, `name`, `admin_user_id`, `description`) VALUES ('59', 'dolores', '199', 'Quae vero quam veritatis consectetur in eligendi. Aut accusantium iure sit sit et porro inventore. Id in ipsa aspernatur voluptatem aperiam. At officiis quo id quas vel consequuntur.');
INSERT INTO `communities` (`id`, `name`, `admin_user_id`, `description`) VALUES ('60', 'officiis', '200', 'Minus minima velit quos rem ut adipisci consequuntur dolores. Quia et magnam expedita aliquid odit odio. Odio cumque commodi itaque ea. Quos quia sed magnam aut at amet.');
INSERT INTO `communities` (`id`, `name`, `admin_user_id`, `description`) VALUES ('61', 'et', '101', 'Aut voluptatem et minima ea. Saepe iusto aspernatur quam sed. Nobis nam non cum eos. Eos aut quia nihil provident asperiores dolores dolorem.');
INSERT INTO `communities` (`id`, `name`, `admin_user_id`, `description`) VALUES ('62', 'animi', '102', 'Est fugit praesentium in eum assumenda. Nulla vel quisquam ut quas laborum unde. Temporibus quia numquam asperiores et praesentium eos. Doloremque consectetur ducimus dolor atque eum vitae.');
INSERT INTO `communities` (`id`, `name`, `admin_user_id`, `description`) VALUES ('63', 'quam', '104', 'Omnis sed quia asperiores amet voluptas. Quibusdam ut corrupti voluptates. Iusto dolorem maiores sed. Id consectetur porro adipisci officia.');
INSERT INTO `communities` (`id`, `name`, `admin_user_id`, `description`) VALUES ('64', 'animi', '105', 'Labore omnis architecto ullam laborum est molestiae expedita dignissimos. Commodi voluptatem fugit consequuntur reiciendis expedita aperiam vel. Quod amet qui cupiditate sed. Numquam sit accusamus deleniti. Et voluptas vel natus dolores sint.');
INSERT INTO `communities` (`id`, `name`, `admin_user_id`, `description`) VALUES ('65', 'culpa', '107', 'Amet voluptatibus quasi eius sint. Perspiciatis provident assumenda voluptatum pariatur voluptas aut incidunt. Ratione numquam quas omnis repellat praesentium nisi.');
INSERT INTO `communities` (`id`, `name`, `admin_user_id`, `description`) VALUES ('66', 'sit', '108', 'Officia ut tempora autem velit atque. Nisi autem sit quia labore possimus ratione quia. Eos necessitatibus ea cupiditate tenetur.');
INSERT INTO `communities` (`id`, `name`, `admin_user_id`, `description`) VALUES ('67', 'qui', '109', 'Molestias laboriosam vel ab nam dignissimos. Tempore quas et earum qui nemo praesentium enim.');
INSERT INTO `communities` (`id`, `name`, `admin_user_id`, `description`) VALUES ('68', 'non', '110', 'Qui nam quisquam corrupti tempore. Repellendus eum maiores maiores ut animi. Expedita aut quia deleniti rerum quaerat. Ad voluptas dolore harum.');
INSERT INTO `communities` (`id`, `name`, `admin_user_id`, `description`) VALUES ('69', 'non', '111', 'Eveniet modi qui esse autem aut perspiciatis eos. Sapiente ut repellendus voluptas necessitatibus doloribus et error aut. Neque rerum ad libero facere molestiae quasi voluptatem. Voluptates corrupti nihil aut ut in culpa rerum quasi.');
INSERT INTO `communities` (`id`, `name`, `admin_user_id`, `description`) VALUES ('70', 'fuga', '112', 'Saepe qui soluta provident perspiciatis distinctio deserunt quo nobis. Beatae et eius doloremque nobis. Ducimus expedita optio est vero reiciendis ex. Asperiores optio est temporibus aut cupiditate rerum quae.');
INSERT INTO `communities` (`id`, `name`, `admin_user_id`, `description`) VALUES ('71', 'quia', '113', 'Similique harum dolores eum et ea culpa. Reiciendis cupiditate aut aut delectus. Non magnam illo est porro est. In maxime ut quod omnis.');
INSERT INTO `communities` (`id`, `name`, `admin_user_id`, `description`) VALUES ('72', 'tempora', '114', 'Fuga maiores molestias totam assumenda rem quas dolorem. Esse quibusdam autem eum qui. Blanditiis magnam sapiente nostrum maxime.');
INSERT INTO `communities` (`id`, `name`, `admin_user_id`, `description`) VALUES ('73', 'cumque', '115', 'Dolor eos dolorem dolores velit dolores exercitationem. Veniam voluptatibus adipisci vero voluptate est iste. Corporis eum vel nemo et recusandae.');
INSERT INTO `communities` (`id`, `name`, `admin_user_id`, `description`) VALUES ('74', 'deleniti', '116', 'Sit velit maxime et eaque sed neque. Blanditiis debitis atque nulla magnam explicabo quia molestias. Voluptas quam vero sequi. Enim pariatur aut sit consequatur dolor. Molestias accusantium voluptate aspernatur voluptatum doloribus.');
INSERT INTO `communities` (`id`, `name`, `admin_user_id`, `description`) VALUES ('75', 'est', '117', 'Reprehenderit molestias et aut assumenda omnis et quaerat. Tempora maxime quae sit accusantium voluptas. Atque soluta odio eos nihil tempora libero ipsum est. Quidem nobis quas natus aut consequatur est.');
INSERT INTO `communities` (`id`, `name`, `admin_user_id`, `description`) VALUES ('76', 'voluptas', '118', 'Expedita officiis dolore tempora doloremque nam velit. Unde inventore est deleniti porro. Adipisci et et labore eum.');
INSERT INTO `communities` (`id`, `name`, `admin_user_id`, `description`) VALUES ('77', 'neque', '119', 'Sit corporis eos dolor temporibus aut. Saepe deserunt magni aut enim est tenetur laudantium temporibus. Rerum nulla aperiam tempora quasi dolorem. Rerum explicabo adipisci excepturi ut.');
INSERT INTO `communities` (`id`, `name`, `admin_user_id`, `description`) VALUES ('78', 'vero', '120', 'Hic maiores est sunt. Illum unde quae rerum ad qui. Velit quas expedita non.');
INSERT INTO `communities` (`id`, `name`, `admin_user_id`, `description`) VALUES ('79', 'doloribus', '128', 'Consequatur nemo occaecati eaque optio quisquam dolorum. Alias eum labore possimus expedita soluta. Aperiam sed illo repudiandae. Qui nobis voluptatem ratione rem praesentium quia mollitia.');
INSERT INTO `communities` (`id`, `name`, `admin_user_id`, `description`) VALUES ('80', 'fugiat', '131', 'Totam vitae molestiae magni odio amet sunt eius et. Velit consequuntur sapiente tempore consectetur voluptatem. Consequatur architecto unde quam doloribus deserunt voluptas.');
INSERT INTO `communities` (`id`, `name`, `admin_user_id`, `description`) VALUES ('81', 'est', '134', 'Pariatur corporis deserunt aut labore similique quidem quis. Enim facilis non modi quia vel est veritatis. Debitis alias sunt iure reprehenderit. Id quo et facere et et corrupti qui quis.');
INSERT INTO `communities` (`id`, `name`, `admin_user_id`, `description`) VALUES ('82', 'nam', '135', 'Ipsa laborum assumenda explicabo nemo. Suscipit voluptatibus ipsam voluptatem et. Et quis at aut.');
INSERT INTO `communities` (`id`, `name`, `admin_user_id`, `description`) VALUES ('83', 'nesciunt', '136', 'Quam molestias eveniet natus provident hic. Enim quas mollitia quam sunt quidem numquam doloribus. Omnis consectetur reprehenderit laudantium laboriosam aut deserunt minus.');
INSERT INTO `communities` (`id`, `name`, `admin_user_id`, `description`) VALUES ('84', 'vel', '141', 'Necessitatibus aspernatur suscipit enim distinctio at. Illum ad atque fugiat ipsa occaecati earum nostrum. Reiciendis labore laboriosam et velit numquam non. Velit sit voluptatum molestiae eaque voluptas.');
INSERT INTO `communities` (`id`, `name`, `admin_user_id`, `description`) VALUES ('85', 'veritatis', '142', 'Ratione vitae incidunt quos dolor. Aut voluptatibus nostrum corporis.');
INSERT INTO `communities` (`id`, `name`, `admin_user_id`, `description`) VALUES ('86', 'saepe', '144', 'Quam facilis et temporibus eum. Dolorum vel saepe est enim recusandae neque optio. Praesentium nulla a dignissimos saepe est quia. Ratione ut cumque fugiat distinctio eveniet.');
INSERT INTO `communities` (`id`, `name`, `admin_user_id`, `description`) VALUES ('87', 'quasi', '146', 'Ea facilis repellat consectetur repellendus. Atque recusandae similique adipisci nihil et ut.');
INSERT INTO `communities` (`id`, `name`, `admin_user_id`, `description`) VALUES ('88', 'et', '147', 'Cumque voluptate sed maiores quae reprehenderit dolores rem quibusdam. Aspernatur adipisci tenetur autem id. Officiis similique qui eos laborum voluptatibus magnam. Quia non nihil quae sunt ab.');
INSERT INTO `communities` (`id`, `name`, `admin_user_id`, `description`) VALUES ('89', 'et', '148', 'Iure quod consectetur quod ut ullam minima. Nisi rerum magni est at. Optio quo corrupti in rerum qui. Laboriosam qui aut dolorem occaecati ullam voluptatem.');
INSERT INTO `communities` (`id`, `name`, `admin_user_id`, `description`) VALUES ('90', 'at', '149', 'Odio omnis tempora voluptas corporis rerum rerum non. Autem libero ullam eius voluptatem autem odit. Explicabo voluptas culpa voluptatibus id cumque fugit. Rem dolor qui architecto.');
INSERT INTO `communities` (`id`, `name`, `admin_user_id`, `description`) VALUES ('91', 'sit', '150', 'Et ratione dicta non. Laudantium ea quibusdam odit. Praesentium itaque consequatur fugit et aspernatur recusandae veritatis.');
INSERT INTO `communities` (`id`, `name`, `admin_user_id`, `description`) VALUES ('92', 'quibusdam', '151', 'Culpa suscipit consequatur modi ut nesciunt. Earum aperiam nostrum sunt iste deleniti id.');
INSERT INTO `communities` (`id`, `name`, `admin_user_id`, `description`) VALUES ('93', 'molestiae', '152', 'Consequatur officia et architecto voluptas molestiae. Explicabo iste animi accusamus est qui. Est odit delectus nulla molestiae.');
INSERT INTO `communities` (`id`, `name`, `admin_user_id`, `description`) VALUES ('94', 'voluptates', '153', 'Eum ut sapiente ut rerum culpa. Officia et accusantium error numquam nostrum temporibus fuga. Nulla repellat quae est quis sequi nobis hic aperiam.');
INSERT INTO `communities` (`id`, `name`, `admin_user_id`, `description`) VALUES ('95', 'voluptate', '154', 'Quibusdam eligendi perspiciatis ut deleniti aut iure. Numquam odit sit dolores autem consequatur qui nulla. Et sed libero quo. Distinctio deserunt molestias repudiandae fugit reprehenderit voluptatem dicta et.');
INSERT INTO `communities` (`id`, `name`, `admin_user_id`, `description`) VALUES ('96', 'et', '155', 'Voluptas quia et quia laborum earum. Et voluptas ut quia sit sint cumque. Aut nobis quaerat repudiandae dolores labore voluptas architecto porro. Quo aperiam reiciendis neque iusto est quasi.');
INSERT INTO `communities` (`id`, `name`, `admin_user_id`, `description`) VALUES ('97', 'iusto', '159', 'Magnam quis vero maxime corporis et. Repellendus aut est aut corrupti iusto laboriosam officiis inventore. Delectus laboriosam omnis eveniet inventore voluptatem possimus aliquam consequatur. Veniam ut iste sed eum doloribus.');
INSERT INTO `communities` (`id`, `name`, `admin_user_id`, `description`) VALUES ('98', 'doloribus', '163', 'Qui recusandae recusandae sit omnis enim. Ut fugit nesciunt ut temporibus. Distinctio nisi doloribus quia dolor. Illo qui at reprehenderit ut aliquam quidem vero.');
INSERT INTO `communities` (`id`, `name`, `admin_user_id`, `description`) VALUES ('99', 'architecto', '165', 'Tenetur neque quisquam rerum labore beatae nam repudiandae mollitia. In aut totam fuga est nostrum.');
INSERT INTO `communities` (`id`, `name`, `admin_user_id`, `description`) VALUES ('100', 'est', '166', 'Hic ut eum quia et fugit architecto ad cupiditate. Totam omnis atque vitae in nostrum voluptatem at. Atque eos consequuntur vel optio animi.');


#
# TABLE STRUCTURE FOR: friend_requests
#

DROP TABLE IF EXISTS `friend_requests`;

CREATE TABLE `friend_requests` (
  `initiator_user_id` bigint(20) unsigned NOT NULL,
  `target_user_id` bigint(20) unsigned NOT NULL,
  `status` enum('requested','approved','declined','unfriended') COLLATE utf8mb4_unicode_ci DEFAULT NULL,
  `requested_at` datetime DEFAULT current_timestamp(),
  `updated_at` datetime DEFAULT NULL ON UPDATE current_timestamp(),
  PRIMARY KEY (`initiator_user_id`,`target_user_id`),
  KEY `target_user_id` (`target_user_id`),
  CONSTRAINT `friend_requests_ibfk_1` FOREIGN KEY (`initiator_user_id`) REFERENCES `users` (`id`),
  CONSTRAINT `friend_requests_ibfk_2` FOREIGN KEY (`target_user_id`) REFERENCES `users` (`id`),
  CONSTRAINT `friend_requests_chk_1` CHECK (`initiator_user_id` <> `target_user_id`)
) ENGINE=InnoDB DEFAULT CHARSET=utf8mb4 COLLATE=utf8mb4_unicode_ci;

#
# TABLE STRUCTURE FOR: likes
#

DROP TABLE IF EXISTS `likes`;

CREATE TABLE `likes` (
  `id` bigint(20) unsigned NOT NULL AUTO_INCREMENT,
  `from_user_id` bigint(20) unsigned NOT NULL,
  `to_user_id` bigint(20) unsigned NOT NULL,
  `to_media` bigint(20) unsigned DEFAULT NULL,
  `to_post` bigint(20) unsigned DEFAULT NULL,
  PRIMARY KEY (`id`),
  UNIQUE KEY `id` (`id`),
  KEY `from_user_id` (`from_user_id`),
  KEY `to_user_id` (`to_user_id`),
  KEY `to_media` (`to_media`),
  KEY `to_post` (`to_post`),
  CONSTRAINT `likes_ibfk_1` FOREIGN KEY (`from_user_id`) REFERENCES `users` (`id`),
  CONSTRAINT `likes_ibfk_2` FOREIGN KEY (`to_user_id`) REFERENCES `users` (`id`),
  CONSTRAINT `likes_ibfk_3` FOREIGN KEY (`to_media`) REFERENCES `media` (`id`),
  CONSTRAINT `likes_ibfk_4` FOREIGN KEY (`to_post`) REFERENCES `posts` (`id`)
) ENGINE=InnoDB AUTO_INCREMENT=101 DEFAULT CHARSET=utf8mb4 COLLATE=utf8mb4_unicode_ci;

INSERT INTO `likes` (`id`, `from_user_id`, `to_user_id`, `to_media`, `to_post`) VALUES ('1', '101', '101', NULL, NULL);
INSERT INTO `likes` (`id`, `from_user_id`, `to_user_id`, `to_media`, `to_post`) VALUES ('2', '102', '102', NULL, NULL);
INSERT INTO `likes` (`id`, `from_user_id`, `to_user_id`, `to_media`, `to_post`) VALUES ('3', '104', '104', NULL, NULL);
INSERT INTO `likes` (`id`, `from_user_id`, `to_user_id`, `to_media`, `to_post`) VALUES ('4', '105', '105', NULL, NULL);
INSERT INTO `likes` (`id`, `from_user_id`, `to_user_id`, `to_media`, `to_post`) VALUES ('5', '107', '107', NULL, NULL);
INSERT INTO `likes` (`id`, `from_user_id`, `to_user_id`, `to_media`, `to_post`) VALUES ('6', '108', '108', NULL, NULL);
INSERT INTO `likes` (`id`, `from_user_id`, `to_user_id`, `to_media`, `to_post`) VALUES ('7', '109', '109', NULL, NULL);
INSERT INTO `likes` (`id`, `from_user_id`, `to_user_id`, `to_media`, `to_post`) VALUES ('8', '110', '110', NULL, NULL);
INSERT INTO `likes` (`id`, `from_user_id`, `to_user_id`, `to_media`, `to_post`) VALUES ('9', '111', '111', NULL, NULL);
INSERT INTO `likes` (`id`, `from_user_id`, `to_user_id`, `to_media`, `to_post`) VALUES ('10', '112', '112', NULL, NULL);
INSERT INTO `likes` (`id`, `from_user_id`, `to_user_id`, `to_media`, `to_post`) VALUES ('11', '113', '113', NULL, NULL);
INSERT INTO `likes` (`id`, `from_user_id`, `to_user_id`, `to_media`, `to_post`) VALUES ('12', '114', '114', NULL, NULL);
INSERT INTO `likes` (`id`, `from_user_id`, `to_user_id`, `to_media`, `to_post`) VALUES ('13', '115', '115', NULL, NULL);
INSERT INTO `likes` (`id`, `from_user_id`, `to_user_id`, `to_media`, `to_post`) VALUES ('14', '116', '116', NULL, NULL);
INSERT INTO `likes` (`id`, `from_user_id`, `to_user_id`, `to_media`, `to_post`) VALUES ('15', '117', '117', NULL, NULL);
INSERT INTO `likes` (`id`, `from_user_id`, `to_user_id`, `to_media`, `to_post`) VALUES ('16', '118', '118', NULL, NULL);
INSERT INTO `likes` (`id`, `from_user_id`, `to_user_id`, `to_media`, `to_post`) VALUES ('17', '119', '119', NULL, NULL);
INSERT INTO `likes` (`id`, `from_user_id`, `to_user_id`, `to_media`, `to_post`) VALUES ('18', '120', '120', NULL, NULL);
INSERT INTO `likes` (`id`, `from_user_id`, `to_user_id`, `to_media`, `to_post`) VALUES ('19', '128', '128', NULL, NULL);
INSERT INTO `likes` (`id`, `from_user_id`, `to_user_id`, `to_media`, `to_post`) VALUES ('20', '131', '131', NULL, NULL);
INSERT INTO `likes` (`id`, `from_user_id`, `to_user_id`, `to_media`, `to_post`) VALUES ('21', '134', '134', NULL, NULL);
INSERT INTO `likes` (`id`, `from_user_id`, `to_user_id`, `to_media`, `to_post`) VALUES ('22', '135', '135', NULL, NULL);
INSERT INTO `likes` (`id`, `from_user_id`, `to_user_id`, `to_media`, `to_post`) VALUES ('23', '136', '136', NULL, NULL);
INSERT INTO `likes` (`id`, `from_user_id`, `to_user_id`, `to_media`, `to_post`) VALUES ('24', '141', '141', NULL, NULL);
INSERT INTO `likes` (`id`, `from_user_id`, `to_user_id`, `to_media`, `to_post`) VALUES ('25', '142', '142', NULL, NULL);
INSERT INTO `likes` (`id`, `from_user_id`, `to_user_id`, `to_media`, `to_post`) VALUES ('26', '144', '144', NULL, NULL);
INSERT INTO `likes` (`id`, `from_user_id`, `to_user_id`, `to_media`, `to_post`) VALUES ('27', '146', '146', NULL, NULL);
INSERT INTO `likes` (`id`, `from_user_id`, `to_user_id`, `to_media`, `to_post`) VALUES ('28', '147', '147', NULL, NULL);
INSERT INTO `likes` (`id`, `from_user_id`, `to_user_id`, `to_media`, `to_post`) VALUES ('29', '148', '148', NULL, NULL);
INSERT INTO `likes` (`id`, `from_user_id`, `to_user_id`, `to_media`, `to_post`) VALUES ('30', '149', '149', NULL, NULL);
INSERT INTO `likes` (`id`, `from_user_id`, `to_user_id`, `to_media`, `to_post`) VALUES ('31', '150', '150', NULL, NULL);
INSERT INTO `likes` (`id`, `from_user_id`, `to_user_id`, `to_media`, `to_post`) VALUES ('32', '151', '151', NULL, NULL);
INSERT INTO `likes` (`id`, `from_user_id`, `to_user_id`, `to_media`, `to_post`) VALUES ('33', '152', '152', NULL, NULL);
INSERT INTO `likes` (`id`, `from_user_id`, `to_user_id`, `to_media`, `to_post`) VALUES ('34', '153', '153', NULL, NULL);
INSERT INTO `likes` (`id`, `from_user_id`, `to_user_id`, `to_media`, `to_post`) VALUES ('35', '154', '154', NULL, NULL);
INSERT INTO `likes` (`id`, `from_user_id`, `to_user_id`, `to_media`, `to_post`) VALUES ('36', '155', '155', NULL, NULL);
INSERT INTO `likes` (`id`, `from_user_id`, `to_user_id`, `to_media`, `to_post`) VALUES ('37', '159', '159', NULL, NULL);
INSERT INTO `likes` (`id`, `from_user_id`, `to_user_id`, `to_media`, `to_post`) VALUES ('38', '163', '163', NULL, NULL);
INSERT INTO `likes` (`id`, `from_user_id`, `to_user_id`, `to_media`, `to_post`) VALUES ('39', '165', '165', NULL, NULL);
INSERT INTO `likes` (`id`, `from_user_id`, `to_user_id`, `to_media`, `to_post`) VALUES ('40', '166', '166', NULL, NULL);
INSERT INTO `likes` (`id`, `from_user_id`, `to_user_id`, `to_media`, `to_post`) VALUES ('41', '168', '168', NULL, NULL);
INSERT INTO `likes` (`id`, `from_user_id`, `to_user_id`, `to_media`, `to_post`) VALUES ('42', '170', '170', NULL, NULL);
INSERT INTO `likes` (`id`, `from_user_id`, `to_user_id`, `to_media`, `to_post`) VALUES ('43', '171', '171', NULL, NULL);
INSERT INTO `likes` (`id`, `from_user_id`, `to_user_id`, `to_media`, `to_post`) VALUES ('44', '174', '174', NULL, NULL);
INSERT INTO `likes` (`id`, `from_user_id`, `to_user_id`, `to_media`, `to_post`) VALUES ('45', '175', '175', NULL, NULL);
INSERT INTO `likes` (`id`, `from_user_id`, `to_user_id`, `to_media`, `to_post`) VALUES ('46', '176', '176', NULL, NULL);
INSERT INTO `likes` (`id`, `from_user_id`, `to_user_id`, `to_media`, `to_post`) VALUES ('47', '177', '177', NULL, NULL);
INSERT INTO `likes` (`id`, `from_user_id`, `to_user_id`, `to_media`, `to_post`) VALUES ('48', '178', '178', NULL, NULL);
INSERT INTO `likes` (`id`, `from_user_id`, `to_user_id`, `to_media`, `to_post`) VALUES ('49', '179', '179', NULL, NULL);
INSERT INTO `likes` (`id`, `from_user_id`, `to_user_id`, `to_media`, `to_post`) VALUES ('50', '181', '181', NULL, NULL);
INSERT INTO `likes` (`id`, `from_user_id`, `to_user_id`, `to_media`, `to_post`) VALUES ('51', '183', '183', NULL, NULL);
INSERT INTO `likes` (`id`, `from_user_id`, `to_user_id`, `to_media`, `to_post`) VALUES ('52', '187', '187', NULL, NULL);
INSERT INTO `likes` (`id`, `from_user_id`, `to_user_id`, `to_media`, `to_post`) VALUES ('53', '188', '188', NULL, NULL);
INSERT INTO `likes` (`id`, `from_user_id`, `to_user_id`, `to_media`, `to_post`) VALUES ('54', '190', '190', NULL, NULL);
INSERT INTO `likes` (`id`, `from_user_id`, `to_user_id`, `to_media`, `to_post`) VALUES ('55', '192', '192', NULL, NULL);
INSERT INTO `likes` (`id`, `from_user_id`, `to_user_id`, `to_media`, `to_post`) VALUES ('56', '195', '195', NULL, NULL);
INSERT INTO `likes` (`id`, `from_user_id`, `to_user_id`, `to_media`, `to_post`) VALUES ('57', '196', '196', NULL, NULL);
INSERT INTO `likes` (`id`, `from_user_id`, `to_user_id`, `to_media`, `to_post`) VALUES ('58', '197', '197', NULL, NULL);
INSERT INTO `likes` (`id`, `from_user_id`, `to_user_id`, `to_media`, `to_post`) VALUES ('59', '199', '199', NULL, NULL);
INSERT INTO `likes` (`id`, `from_user_id`, `to_user_id`, `to_media`, `to_post`) VALUES ('60', '200', '200', NULL, NULL);
INSERT INTO `likes` (`id`, `from_user_id`, `to_user_id`, `to_media`, `to_post`) VALUES ('61', '101', '101', NULL, NULL);
INSERT INTO `likes` (`id`, `from_user_id`, `to_user_id`, `to_media`, `to_post`) VALUES ('62', '102', '102', NULL, NULL);
INSERT INTO `likes` (`id`, `from_user_id`, `to_user_id`, `to_media`, `to_post`) VALUES ('63', '104', '104', NULL, NULL);
INSERT INTO `likes` (`id`, `from_user_id`, `to_user_id`, `to_media`, `to_post`) VALUES ('64', '105', '105', NULL, NULL);
INSERT INTO `likes` (`id`, `from_user_id`, `to_user_id`, `to_media`, `to_post`) VALUES ('65', '107', '107', NULL, NULL);
INSERT INTO `likes` (`id`, `from_user_id`, `to_user_id`, `to_media`, `to_post`) VALUES ('66', '108', '108', NULL, NULL);
INSERT INTO `likes` (`id`, `from_user_id`, `to_user_id`, `to_media`, `to_post`) VALUES ('67', '109', '109', NULL, NULL);
INSERT INTO `likes` (`id`, `from_user_id`, `to_user_id`, `to_media`, `to_post`) VALUES ('68', '110', '110', NULL, NULL);
INSERT INTO `likes` (`id`, `from_user_id`, `to_user_id`, `to_media`, `to_post`) VALUES ('69', '111', '111', NULL, NULL);
INSERT INTO `likes` (`id`, `from_user_id`, `to_user_id`, `to_media`, `to_post`) VALUES ('70', '112', '112', NULL, NULL);
INSERT INTO `likes` (`id`, `from_user_id`, `to_user_id`, `to_media`, `to_post`) VALUES ('71', '113', '113', NULL, NULL);
INSERT INTO `likes` (`id`, `from_user_id`, `to_user_id`, `to_media`, `to_post`) VALUES ('72', '114', '114', NULL, NULL);
INSERT INTO `likes` (`id`, `from_user_id`, `to_user_id`, `to_media`, `to_post`) VALUES ('73', '115', '115', NULL, NULL);
INSERT INTO `likes` (`id`, `from_user_id`, `to_user_id`, `to_media`, `to_post`) VALUES ('74', '116', '116', NULL, NULL);
INSERT INTO `likes` (`id`, `from_user_id`, `to_user_id`, `to_media`, `to_post`) VALUES ('75', '117', '117', NULL, NULL);
INSERT INTO `likes` (`id`, `from_user_id`, `to_user_id`, `to_media`, `to_post`) VALUES ('76', '118', '118', NULL, NULL);
INSERT INTO `likes` (`id`, `from_user_id`, `to_user_id`, `to_media`, `to_post`) VALUES ('77', '119', '119', NULL, NULL);
INSERT INTO `likes` (`id`, `from_user_id`, `to_user_id`, `to_media`, `to_post`) VALUES ('78', '120', '120', NULL, NULL);
INSERT INTO `likes` (`id`, `from_user_id`, `to_user_id`, `to_media`, `to_post`) VALUES ('79', '128', '128', NULL, NULL);
INSERT INTO `likes` (`id`, `from_user_id`, `to_user_id`, `to_media`, `to_post`) VALUES ('80', '131', '131', NULL, NULL);
INSERT INTO `likes` (`id`, `from_user_id`, `to_user_id`, `to_media`, `to_post`) VALUES ('81', '134', '134', NULL, NULL);
INSERT INTO `likes` (`id`, `from_user_id`, `to_user_id`, `to_media`, `to_post`) VALUES ('82', '135', '135', NULL, NULL);
INSERT INTO `likes` (`id`, `from_user_id`, `to_user_id`, `to_media`, `to_post`) VALUES ('83', '136', '136', NULL, NULL);
INSERT INTO `likes` (`id`, `from_user_id`, `to_user_id`, `to_media`, `to_post`) VALUES ('84', '141', '141', NULL, NULL);
INSERT INTO `likes` (`id`, `from_user_id`, `to_user_id`, `to_media`, `to_post`) VALUES ('85', '142', '142', NULL, NULL);
INSERT INTO `likes` (`id`, `from_user_id`, `to_user_id`, `to_media`, `to_post`) VALUES ('86', '144', '144', NULL, NULL);
INSERT INTO `likes` (`id`, `from_user_id`, `to_user_id`, `to_media`, `to_post`) VALUES ('87', '146', '146', NULL, NULL);
INSERT INTO `likes` (`id`, `from_user_id`, `to_user_id`, `to_media`, `to_post`) VALUES ('88', '147', '147', NULL, NULL);
INSERT INTO `likes` (`id`, `from_user_id`, `to_user_id`, `to_media`, `to_post`) VALUES ('89', '148', '148', NULL, NULL);
INSERT INTO `likes` (`id`, `from_user_id`, `to_user_id`, `to_media`, `to_post`) VALUES ('90', '149', '149', NULL, NULL);
INSERT INTO `likes` (`id`, `from_user_id`, `to_user_id`, `to_media`, `to_post`) VALUES ('91', '150', '150', NULL, NULL);
INSERT INTO `likes` (`id`, `from_user_id`, `to_user_id`, `to_media`, `to_post`) VALUES ('92', '151', '151', NULL, NULL);
INSERT INTO `likes` (`id`, `from_user_id`, `to_user_id`, `to_media`, `to_post`) VALUES ('93', '152', '152', NULL, NULL);
INSERT INTO `likes` (`id`, `from_user_id`, `to_user_id`, `to_media`, `to_post`) VALUES ('94', '153', '153', NULL, NULL);
INSERT INTO `likes` (`id`, `from_user_id`, `to_user_id`, `to_media`, `to_post`) VALUES ('95', '154', '154', NULL, NULL);
INSERT INTO `likes` (`id`, `from_user_id`, `to_user_id`, `to_media`, `to_post`) VALUES ('96', '155', '155', NULL, NULL);
INSERT INTO `likes` (`id`, `from_user_id`, `to_user_id`, `to_media`, `to_post`) VALUES ('97', '159', '159', NULL, NULL);
INSERT INTO `likes` (`id`, `from_user_id`, `to_user_id`, `to_media`, `to_post`) VALUES ('98', '163', '163', NULL, NULL);
INSERT INTO `likes` (`id`, `from_user_id`, `to_user_id`, `to_media`, `to_post`) VALUES ('99', '165', '165', NULL, NULL);
INSERT INTO `likes` (`id`, `from_user_id`, `to_user_id`, `to_media`, `to_post`) VALUES ('100', '166', '166', NULL, NULL);


#
# TABLE STRUCTURE FOR: media
#

DROP TABLE IF EXISTS `media`;

CREATE TABLE `media` (
  `id` bigint(20) unsigned NOT NULL AUTO_INCREMENT,
  `media_type_id` bigint(20) unsigned NOT NULL,
  `user_id` bigint(20) unsigned NOT NULL,
  `body` text COLLATE utf8mb4_unicode_ci DEFAULT NULL,
  `filename` varchar(255) COLLATE utf8mb4_unicode_ci DEFAULT NULL,
  `size` int(11) DEFAULT NULL,
  `metadata` longtext CHARACTER SET utf8mb4 COLLATE utf8mb4_bin DEFAULT NULL CHECK (json_valid(`metadata`)),
  `created_at` datetime DEFAULT current_timestamp(),
  `updated_at` datetime DEFAULT NULL ON UPDATE current_timestamp(),
  UNIQUE KEY `id` (`id`),
  KEY `user_id` (`user_id`),
  KEY `media_type_id` (`media_type_id`),
  CONSTRAINT `media_ibfk_1` FOREIGN KEY (`user_id`) REFERENCES `users` (`id`),
  CONSTRAINT `media_ibfk_2` FOREIGN KEY (`media_type_id`) REFERENCES `media_types` (`id`)
) ENGINE=InnoDB AUTO_INCREMENT=101 DEFAULT CHARSET=utf8mb4 COLLATE=utf8mb4_unicode_ci;

INSERT INTO `media` (`id`, `media_type_id`, `user_id`, `body`, `filename`, `size`, `metadata`, `created_at`, `updated_at`) VALUES ('1', '1', '101', 'Quia nihil voluptatem et voluptatem accusantium tenetur. Vitae culpa aspernatur repellat cupiditate. Nostrum eum eum animi vel tempora at.', 'facere', 0, NULL, '2021-04-24 00:28:50', '2001-03-24 13:36:08');
INSERT INTO `media` (`id`, `media_type_id`, `user_id`, `body`, `filename`, `size`, `metadata`, `created_at`, `updated_at`) VALUES ('2', '2', '102', 'Qui sapiente omnis porro iste. Quia voluptas dicta libero vero veniam. Voluptatem libero ut est necessitatibus quis quis voluptatibus ut. Ea molestiae nulla qui maiores et.', 'accusantium', 63623, NULL, '2011-01-20 10:42:14', '2011-07-23 14:25:00');
INSERT INTO `media` (`id`, `media_type_id`, `user_id`, `body`, `filename`, `size`, `metadata`, `created_at`, `updated_at`) VALUES ('3', '3', '104', 'Vitae nihil quia quia et in saepe. Est at maxime dolore voluptatem fuga. Laborum doloremque et cumque voluptates quia.', 'nulla', 242, NULL, '1995-07-16 19:10:29', '2019-09-30 07:17:20');
INSERT INTO `media` (`id`, `media_type_id`, `user_id`, `body`, `filename`, `size`, `metadata`, `created_at`, `updated_at`) VALUES ('4', '4', '105', 'Ducimus animi autem et doloremque quibusdam voluptatem. Fugiat earum molestiae nam autem earum. Numquam repellat doloribus corporis officia.', 'cumque', 3835806, NULL, '1973-03-07 03:52:17', '1992-03-29 04:02:25');
INSERT INTO `media` (`id`, `media_type_id`, `user_id`, `body`, `filename`, `size`, `metadata`, `created_at`, `updated_at`) VALUES ('5', '5', '107', 'Sed explicabo harum et molestiae ea eum. Non nisi consequatur sit nihil accusamus. Dolorem nesciunt perspiciatis exercitationem dolor excepturi quasi.', 'dolorum', 289, NULL, '1994-02-09 12:32:37', '1979-07-16 11:18:54');
INSERT INTO `media` (`id`, `media_type_id`, `user_id`, `body`, `filename`, `size`, `metadata`, `created_at`, `updated_at`) VALUES ('6', '6', '108', 'Voluptatibus consectetur necessitatibus et velit expedita deserunt est. Tenetur aut similique et et. Eos velit ut quia nam placeat distinctio.', 'amet', 0, NULL, '2006-02-28 02:38:53', '1983-12-19 14:35:02');
INSERT INTO `media` (`id`, `media_type_id`, `user_id`, `body`, `filename`, `size`, `metadata`, `created_at`, `updated_at`) VALUES ('7', '7', '109', 'Minima tenetur voluptatibus ut maiores earum adipisci. Inventore et est et omnis. Excepturi quo magni non natus assumenda velit aut. Doloremque repudiandae sed et iusto qui dignissimos. Fugit sed corrupti eius suscipit voluptates.', 'ad', 8236107, NULL, '2012-11-01 09:12:48', '1973-12-14 06:55:04');
INSERT INTO `media` (`id`, `media_type_id`, `user_id`, `body`, `filename`, `size`, `metadata`, `created_at`, `updated_at`) VALUES ('8', '8', '110', 'Sint dolores voluptas odio est. Vel veniam maiores qui odit tempore sint omnis. Ratione cupiditate consequuntur sunt quo laboriosam rerum.', 'et', 440, NULL, '2019-01-20 21:24:01', '1979-03-09 13:31:08');
INSERT INTO `media` (`id`, `media_type_id`, `user_id`, `body`, `filename`, `size`, `metadata`, `created_at`, `updated_at`) VALUES ('9', '9', '111', 'Qui dolor molestias a ut adipisci odit temporibus. Non possimus assumenda explicabo rerum officia accusamus. Vero sunt ex ut qui quia consequatur inventore. Accusantium ad rerum provident dolor eligendi.', 'et', 7, NULL, '2000-06-29 17:51:35', '1989-01-11 22:08:36');
INSERT INTO `media` (`id`, `media_type_id`, `user_id`, `body`, `filename`, `size`, `metadata`, `created_at`, `updated_at`) VALUES ('10', '10', '112', 'Delectus cum deserunt rerum. Repellat deleniti molestias quia in aut ab est. Incidunt rerum quam vel. Assumenda totam consequatur atque non.', 'omnis', 42, NULL, '1991-09-26 00:51:52', '1978-08-12 01:38:45');
INSERT INTO `media` (`id`, `media_type_id`, `user_id`, `body`, `filename`, `size`, `metadata`, `created_at`, `updated_at`) VALUES ('11', '11', '113', 'Nostrum et eum et enim. Praesentium laudantium magnam dolores doloremque laudantium voluptatem voluptatum. Ipsum distinctio eum cum.', 'nihil', 453, NULL, '2006-01-25 13:55:49', '1983-02-11 05:09:40');
INSERT INTO `media` (`id`, `media_type_id`, `user_id`, `body`, `filename`, `size`, `metadata`, `created_at`, `updated_at`) VALUES ('12', '12', '114', 'Quod qui aut vel quisquam nesciunt sint. Vel cumque facilis voluptas maiores ad hic quia. Inventore ea repudiandae est sint.', 'quis', 91, NULL, '1996-10-27 13:08:27', '2001-02-07 20:45:43');
INSERT INTO `media` (`id`, `media_type_id`, `user_id`, `body`, `filename`, `size`, `metadata`, `created_at`, `updated_at`) VALUES ('13', '13', '115', 'Voluptas cum possimus nisi sed veritatis quisquam nisi. Molestias voluptates id provident vel saepe repudiandae dolores harum. Repellendus et reiciendis quaerat. Et laboriosam eum explicabo fugit.', 'quidem', 735062479, NULL, '2019-07-16 21:46:51', '1973-03-26 19:16:27');
INSERT INTO `media` (`id`, `media_type_id`, `user_id`, `body`, `filename`, `size`, `metadata`, `created_at`, `updated_at`) VALUES ('14', '14', '116', 'Qui voluptatem similique sit. Illo veritatis dolorum quia dicta ut dolores impedit quia. Architecto consequatur labore sed quod perspiciatis hic. Sed repudiandae et tempore quasi nisi corrupti et veniam.', 'consequatur', 3326849, NULL, '2007-09-12 06:39:04', '1976-05-31 20:53:30');
INSERT INTO `media` (`id`, `media_type_id`, `user_id`, `body`, `filename`, `size`, `metadata`, `created_at`, `updated_at`) VALUES ('15', '15', '117', 'Voluptatibus ab dolorem vel vel delectus placeat delectus. Saepe ipsa nihil porro rerum. Voluptatem rem in quo eum quaerat.', 'enim', 6891669, NULL, '1995-08-25 06:36:37', '1982-05-21 17:21:10');
INSERT INTO `media` (`id`, `media_type_id`, `user_id`, `body`, `filename`, `size`, `metadata`, `created_at`, `updated_at`) VALUES ('16', '16', '118', 'Perspiciatis et et soluta repudiandae repudiandae adipisci. Eos dicta autem et eligendi a. Ut molestiae ducimus dolorem exercitationem corrupti nostrum.', 'omnis', 0, NULL, '2004-10-05 03:01:37', '2008-01-01 13:17:03');
INSERT INTO `media` (`id`, `media_type_id`, `user_id`, `body`, `filename`, `size`, `metadata`, `created_at`, `updated_at`) VALUES ('17', '17', '119', 'Quam molestias facilis libero nihil. Quia ab perferendis voluptas in. Veniam nam voluptatibus officiis quod. Ipsa distinctio maxime repellat aut porro.', 'quae', 0, NULL, '1992-10-08 00:52:26', '1981-12-21 17:36:57');
INSERT INTO `media` (`id`, `media_type_id`, `user_id`, `body`, `filename`, `size`, `metadata`, `created_at`, `updated_at`) VALUES ('18', '18', '120', 'Consequuntur voluptatem sunt dolores. Adipisci doloribus occaecati est. Laboriosam molestiae odio ratione. Itaque placeat et ea sit dolores. Consequuntur quos possimus praesentium sapiente et accusantium odit.', 'itaque', 63526196, NULL, '1970-04-23 20:44:19', '2005-08-20 14:03:26');
INSERT INTO `media` (`id`, `media_type_id`, `user_id`, `body`, `filename`, `size`, `metadata`, `created_at`, `updated_at`) VALUES ('19', '19', '128', 'Porro et perferendis rerum suscipit sed aut. Error odio aliquam cupiditate odio. Nulla dolorum asperiores architecto ipsam voluptatibus. Perferendis nam enim sapiente quas.', 'et', 85879, NULL, '2000-03-08 05:37:07', '1978-09-01 17:00:45');
INSERT INTO `media` (`id`, `media_type_id`, `user_id`, `body`, `filename`, `size`, `metadata`, `created_at`, `updated_at`) VALUES ('20', '20', '131', 'Ipsa ea iste omnis cupiditate dolores qui accusantium. Qui veritatis quasi et omnis quas.', 'quo', 7164, NULL, '1970-12-15 03:28:10', '2017-11-22 04:27:15');
INSERT INTO `media` (`id`, `media_type_id`, `user_id`, `body`, `filename`, `size`, `metadata`, `created_at`, `updated_at`) VALUES ('21', '21', '134', 'Ut quibusdam nulla quibusdam ut magnam. Aut iste eaque dolorum error exercitationem iusto. Maiores mollitia voluptatum est consequatur ratione.', 'odio', 18, NULL, '1985-01-31 04:16:49', '1994-12-19 14:26:46');
INSERT INTO `media` (`id`, `media_type_id`, `user_id`, `body`, `filename`, `size`, `metadata`, `created_at`, `updated_at`) VALUES ('22', '22', '135', 'Amet sed et pariatur voluptas adipisci. Ullam aut quae et qui. Nisi nihil error nisi et eius adipisci. Optio corporis velit aut architecto.', 'soluta', 615, NULL, '2010-06-16 00:08:00', '1979-05-01 05:03:16');
INSERT INTO `media` (`id`, `media_type_id`, `user_id`, `body`, `filename`, `size`, `metadata`, `created_at`, `updated_at`) VALUES ('23', '23', '136', 'Id laboriosam earum ipsum aspernatur quia. Est amet excepturi hic et eius error. Consequuntur maxime et voluptas tempora vitae aperiam.', 'ut', 9213, NULL, '1980-11-10 07:28:09', '2003-02-07 04:19:04');
INSERT INTO `media` (`id`, `media_type_id`, `user_id`, `body`, `filename`, `size`, `metadata`, `created_at`, `updated_at`) VALUES ('24', '24', '141', 'Eum repellendus aut numquam minus repellat. Aut ipsam explicabo eum accusantium. Consequatur quia dolores et accusantium sunt illum aperiam.', 'sit', 457121, NULL, '2008-04-01 20:36:50', '1988-06-21 00:11:29');
INSERT INTO `media` (`id`, `media_type_id`, `user_id`, `body`, `filename`, `size`, `metadata`, `created_at`, `updated_at`) VALUES ('25', '25', '142', 'Temporibus nihil minima debitis sint. Quae et voluptatem ut recusandae magni. Voluptatem quidem qui est molestias tenetur quos ad. Repudiandae omnis animi impedit qui laborum autem enim.', 'ipsam', 41898, NULL, '1988-01-13 12:37:35', '2003-01-06 00:40:23');
INSERT INTO `media` (`id`, `media_type_id`, `user_id`, `body`, `filename`, `size`, `metadata`, `created_at`, `updated_at`) VALUES ('26', '26', '144', 'Consequatur natus modi omnis ipsam nulla dolore. Aut et repudiandae eum voluptatem quia. Repellendus ut aut praesentium earum ut consequatur sed ut.', 'natus', 6, NULL, '1978-02-15 11:51:26', '2011-12-27 16:36:09');
INSERT INTO `media` (`id`, `media_type_id`, `user_id`, `body`, `filename`, `size`, `metadata`, `created_at`, `updated_at`) VALUES ('27', '27', '146', 'Sint repudiandae vitae quis et. Dolorem illum ducimus occaecati et. Temporibus molestiae optio magni quaerat quia dolorem vel impedit.', 'aspernatur', 0, NULL, '1992-02-21 10:25:12', '1971-11-07 23:07:18');
INSERT INTO `media` (`id`, `media_type_id`, `user_id`, `body`, `filename`, `size`, `metadata`, `created_at`, `updated_at`) VALUES ('28', '28', '147', 'Ea sit eum deleniti tempora sequi sed omnis. Sunt voluptate iusto et ipsum labore. Quos ex consequatur quis sed non est eum.', 'ex', 887523728, NULL, '1979-08-22 15:24:17', '1988-09-18 18:52:49');
INSERT INTO `media` (`id`, `media_type_id`, `user_id`, `body`, `filename`, `size`, `metadata`, `created_at`, `updated_at`) VALUES ('29', '29', '148', 'Earum voluptas consequatur iste error molestiae. Sit tempora blanditiis asperiores. Ab quis fuga ducimus sed voluptates. Commodi cumque fugiat sed et quasi pariatur dolor.', 'aut', 52044, NULL, '2001-06-15 22:32:20', '1996-07-21 05:12:22');
INSERT INTO `media` (`id`, `media_type_id`, `user_id`, `body`, `filename`, `size`, `metadata`, `created_at`, `updated_at`) VALUES ('30', '30', '149', 'Voluptate nihil et aut sint modi qui ut. Et quia labore officiis est quibusdam. Facilis quis rerum ea nobis sed autem. Atque numquam dolor velit assumenda.', 'perspiciatis', 0, NULL, '2020-10-07 01:18:22', '1973-02-04 20:35:28');
INSERT INTO `media` (`id`, `media_type_id`, `user_id`, `body`, `filename`, `size`, `metadata`, `created_at`, `updated_at`) VALUES ('31', '31', '150', 'Qui quia tenetur dolore est dicta dolor voluptatibus eos. Non itaque aut vel hic saepe. Dolor voluptatem nisi nesciunt.', 'quia', 327, NULL, '1979-12-07 22:24:48', '2001-01-18 13:18:12');
INSERT INTO `media` (`id`, `media_type_id`, `user_id`, `body`, `filename`, `size`, `metadata`, `created_at`, `updated_at`) VALUES ('32', '32', '151', 'Vel qui assumenda consequatur dolores. Id modi sint veniam. Voluptas dolore quae incidunt voluptate eum. Et perferendis voluptatibus incidunt quidem expedita dolore vitae sint. Rerum et ut voluptas et distinctio quibusdam non.', 'nihil', 0, NULL, '1981-06-30 20:35:04', '2012-08-27 06:16:27');
INSERT INTO `media` (`id`, `media_type_id`, `user_id`, `body`, `filename`, `size`, `metadata`, `created_at`, `updated_at`) VALUES ('33', '33', '152', 'Repudiandae temporibus neque incidunt molestias suscipit. Dolor optio voluptas illum pariatur aut dolorem. Animi iusto aspernatur quia aspernatur.', 'totam', 0, NULL, '2008-06-24 15:23:47', '2007-09-24 15:01:22');
INSERT INTO `media` (`id`, `media_type_id`, `user_id`, `body`, `filename`, `size`, `metadata`, `created_at`, `updated_at`) VALUES ('34', '34', '153', 'Nihil quo veniam fugit fuga fugiat provident totam dolorem. Rerum vero reiciendis rerum et nemo id vitae. Ipsum esse aut dolore ipsa.', 'quia', 87875, NULL, '2017-07-06 16:20:28', '1993-05-14 10:16:25');
INSERT INTO `media` (`id`, `media_type_id`, `user_id`, `body`, `filename`, `size`, `metadata`, `created_at`, `updated_at`) VALUES ('35', '35', '154', 'Necessitatibus et et occaecati. Sint illum eos sed aut quia alias. Nemo aut quos dolorem totam nemo non dolor. Qui qui quibusdam eligendi quia est quos sapiente omnis.', 'aut', 4251111, NULL, '1979-12-25 09:28:56', '2000-10-23 13:30:09');
INSERT INTO `media` (`id`, `media_type_id`, `user_id`, `body`, `filename`, `size`, `metadata`, `created_at`, `updated_at`) VALUES ('36', '36', '155', 'Occaecati consectetur distinctio illo expedita. Et laborum aliquid est. Ratione tempore voluptas cumque quas.', 'adipisci', 9, NULL, '1984-12-15 05:37:59', '2005-02-11 22:15:52');
INSERT INTO `media` (`id`, `media_type_id`, `user_id`, `body`, `filename`, `size`, `metadata`, `created_at`, `updated_at`) VALUES ('37', '37', '159', 'Id sint et non fugit neque. Quod doloremque quas accusantium id inventore asperiores.', 'porro', 152, NULL, '2006-10-02 16:02:43', '1973-07-16 21:08:30');
INSERT INTO `media` (`id`, `media_type_id`, `user_id`, `body`, `filename`, `size`, `metadata`, `created_at`, `updated_at`) VALUES ('38', '38', '163', 'Autem aperiam quis laudantium animi autem. Aut iste aut sit quod consequatur beatae corporis. Aut rerum aliquam ad quis et ullam voluptatem corporis.', 'quo', 579, NULL, '1989-08-07 15:43:35', '2009-04-16 20:28:05');
INSERT INTO `media` (`id`, `media_type_id`, `user_id`, `body`, `filename`, `size`, `metadata`, `created_at`, `updated_at`) VALUES ('39', '39', '165', 'Beatae commodi voluptatum aut. Quia sit dolore culpa in. Consequatur temporibus qui molestias itaque maxime.', 'nihil', 76, NULL, '2012-01-09 21:08:44', '1972-10-04 12:36:21');
INSERT INTO `media` (`id`, `media_type_id`, `user_id`, `body`, `filename`, `size`, `metadata`, `created_at`, `updated_at`) VALUES ('40', '40', '166', 'Velit quia possimus consectetur quos eligendi. Praesentium repellat porro dolore officiis debitis. Cum sequi aspernatur earum ad doloribus non. Exercitationem placeat aliquid et provident labore ducimus.', 'mollitia', 5464, NULL, '1978-04-22 18:35:58', '1993-01-28 07:28:52');
INSERT INTO `media` (`id`, `media_type_id`, `user_id`, `body`, `filename`, `size`, `metadata`, `created_at`, `updated_at`) VALUES ('41', '41', '168', 'Commodi quasi adipisci facere ut. Non non accusantium possimus doloribus ea eos. Est qui dolor eos reiciendis vitae. Et facilis molestias velit soluta.', 'voluptatem', 423917470, NULL, '1988-11-13 12:57:43', '2002-02-02 05:43:04');
INSERT INTO `media` (`id`, `media_type_id`, `user_id`, `body`, `filename`, `size`, `metadata`, `created_at`, `updated_at`) VALUES ('42', '42', '170', 'Quidem et perspiciatis iste ducimus est non. Sunt nesciunt rerum neque rem. Debitis ducimus est est aut.', 'aut', 207, NULL, '2021-03-18 21:52:09', '2004-02-10 14:36:56');
INSERT INTO `media` (`id`, `media_type_id`, `user_id`, `body`, `filename`, `size`, `metadata`, `created_at`, `updated_at`) VALUES ('43', '43', '171', 'Consectetur et qui voluptatem eos recusandae. Sed optio enim necessitatibus at magni. Voluptatem nesciunt expedita earum provident hic sit exercitationem. Atque vel nostrum omnis quia quia iusto.', 'rem', 0, NULL, '2009-07-01 16:36:23', '2012-07-03 15:02:20');
INSERT INTO `media` (`id`, `media_type_id`, `user_id`, `body`, `filename`, `size`, `metadata`, `created_at`, `updated_at`) VALUES ('44', '44', '174', 'Inventore omnis maxime aliquam cum assumenda. Ut est a sit beatae est.', 'ad', 8312332, NULL, '2016-05-20 23:45:25', '1974-10-06 11:35:16');
INSERT INTO `media` (`id`, `media_type_id`, `user_id`, `body`, `filename`, `size`, `metadata`, `created_at`, `updated_at`) VALUES ('45', '45', '175', 'Ab reiciendis in nostrum nulla dolore exercitationem fuga. Recusandae error asperiores nulla quo. Neque odit explicabo ipsam consequatur porro delectus.', 'est', 0, NULL, '2002-10-28 01:12:44', '2015-01-20 10:52:46');
INSERT INTO `media` (`id`, `media_type_id`, `user_id`, `body`, `filename`, `size`, `metadata`, `created_at`, `updated_at`) VALUES ('46', '46', '176', 'Veritatis dolores doloribus ratione aut praesentium aut maiores. Voluptatem adipisci saepe odit autem quos et. Voluptatem voluptate sint officiis sed et accusamus quam saepe.', 'ut', 9504, NULL, '2011-06-03 19:49:59', '1995-11-11 13:54:09');
INSERT INTO `media` (`id`, `media_type_id`, `user_id`, `body`, `filename`, `size`, `metadata`, `created_at`, `updated_at`) VALUES ('47', '47', '177', 'Vel enim consectetur enim possimus. Suscipit hic illum vel tenetur ea incidunt. Eveniet debitis perspiciatis id quo maxime.', 'et', 3691, NULL, '1979-07-27 12:05:20', '1992-02-03 00:23:33');
INSERT INTO `media` (`id`, `media_type_id`, `user_id`, `body`, `filename`, `size`, `metadata`, `created_at`, `updated_at`) VALUES ('48', '48', '178', 'Vero consequatur harum soluta laudantium dolorem rerum. Molestias dolorem doloremque ut totam officia. Ullam ea numquam rerum aut nemo rerum veritatis dolorem. Tempora quas architecto vero ut et. Aliquam sit facere dolore unde.', 'in', 93830810, NULL, '2013-12-31 20:13:14', '1983-03-26 10:11:22');
INSERT INTO `media` (`id`, `media_type_id`, `user_id`, `body`, `filename`, `size`, `metadata`, `created_at`, `updated_at`) VALUES ('49', '49', '179', 'Consectetur voluptatem molestias consequatur iure. Dolorum itaque at dolorem ex aut iure ut qui. Excepturi sit ratione unde exercitationem soluta in nostrum officiis. Fugiat non eaque quia impedit voluptatibus veritatis.', 'in', 9913480, NULL, '2019-07-25 08:10:25', '1972-12-14 13:24:13');
INSERT INTO `media` (`id`, `media_type_id`, `user_id`, `body`, `filename`, `size`, `metadata`, `created_at`, `updated_at`) VALUES ('50', '50', '181', 'Praesentium recusandae rem eos dolore. Incidunt aut at quibusdam ipsam sed enim.', 'modi', 0, NULL, '1981-02-03 15:34:33', '1981-05-27 18:37:37');
INSERT INTO `media` (`id`, `media_type_id`, `user_id`, `body`, `filename`, `size`, `metadata`, `created_at`, `updated_at`) VALUES ('51', '51', '183', 'Enim ea est id est mollitia expedita itaque. Iste quibusdam sit aspernatur laboriosam necessitatibus. Aut dicta illum autem harum eveniet. Commodi sed blanditiis nihil debitis illum.', 'itaque', 36714234, NULL, '2009-12-11 21:31:08', '1985-06-09 05:34:46');
INSERT INTO `media` (`id`, `media_type_id`, `user_id`, `body`, `filename`, `size`, `metadata`, `created_at`, `updated_at`) VALUES ('52', '52', '187', 'Quo aspernatur molestiae minus aspernatur. Ipsum numquam est adipisci et est molestias aut. Qui ducimus qui dolores ut veniam aut.', 'et', 58932, NULL, '1975-09-15 10:47:30', '1992-06-05 14:41:44');
INSERT INTO `media` (`id`, `media_type_id`, `user_id`, `body`, `filename`, `size`, `metadata`, `created_at`, `updated_at`) VALUES ('53', '53', '188', 'Sunt id rerum tempore in ea reprehenderit reprehenderit. Recusandae reprehenderit non cum enim totam qui ut. Inventore porro enim unde sequi cum vel dolore. Rerum repudiandae tempora culpa beatae ab dolorem.', 'illo', 275894177, NULL, '1983-10-26 13:26:17', '2019-04-16 02:49:33');
INSERT INTO `media` (`id`, `media_type_id`, `user_id`, `body`, `filename`, `size`, `metadata`, `created_at`, `updated_at`) VALUES ('54', '54', '190', 'Aut id amet aut. Itaque ut expedita quibusdam quo eum reiciendis. Aspernatur debitis a exercitationem enim ipsum.', 'cumque', 9591728, NULL, '1994-04-27 22:37:22', '1990-02-23 02:14:07');
INSERT INTO `media` (`id`, `media_type_id`, `user_id`, `body`, `filename`, `size`, `metadata`, `created_at`, `updated_at`) VALUES ('55', '55', '192', 'Magnam possimus ullam laboriosam quibusdam. Voluptatem animi sint ipsa possimus nihil voluptate sit. Architecto et nostrum quod in quo et. Eum est perferendis rem dignissimos ipsum laboriosam cupiditate. Qui non error veritatis quia corrupti beatae.', 'nesciunt', 2, NULL, '1995-01-19 20:22:19', '1978-12-30 08:27:46');
INSERT INTO `media` (`id`, `media_type_id`, `user_id`, `body`, `filename`, `size`, `metadata`, `created_at`, `updated_at`) VALUES ('56', '56', '195', 'Magni nihil et inventore sed saepe cupiditate dolor. Sapiente consequatur asperiores corrupti occaecati. Suscipit architecto molestias nesciunt debitis. Et magni quae adipisci aut qui.', 'saepe', 5696, NULL, '1977-01-10 14:24:24', '1976-07-16 02:57:58');
INSERT INTO `media` (`id`, `media_type_id`, `user_id`, `body`, `filename`, `size`, `metadata`, `created_at`, `updated_at`) VALUES ('57', '57', '196', 'At ea fugiat iure. Sit consequatur totam explicabo et consectetur dignissimos. Quae saepe aliquid veritatis vel et est.', 'sint', 3260842, NULL, '2001-02-25 20:56:43', '2011-09-17 18:43:58');
INSERT INTO `media` (`id`, `media_type_id`, `user_id`, `body`, `filename`, `size`, `metadata`, `created_at`, `updated_at`) VALUES ('58', '58', '197', 'Modi explicabo ipsam voluptatem vel. Hic distinctio et ipsam odit. Omnis optio omnis similique maxime a repudiandae. Non quia recusandae nostrum sed et qui aut.', 'animi', 41551, NULL, '1974-06-16 15:37:21', '2020-10-17 02:39:37');
INSERT INTO `media` (`id`, `media_type_id`, `user_id`, `body`, `filename`, `size`, `metadata`, `created_at`, `updated_at`) VALUES ('59', '59', '199', 'Maiores non non ex voluptatum quia velit. Magnam quidem nihil itaque voluptatem at.', 'voluptatem', 81, NULL, '2012-07-10 10:33:46', '1984-01-14 03:10:27');
INSERT INTO `media` (`id`, `media_type_id`, `user_id`, `body`, `filename`, `size`, `metadata`, `created_at`, `updated_at`) VALUES ('60', '60', '200', 'Dolorem cupiditate magnam cupiditate magni est magni fugit. Et quidem perferendis eum expedita.', 'impedit', 0, NULL, '1982-04-11 02:29:41', '2010-02-23 11:27:49');
INSERT INTO `media` (`id`, `media_type_id`, `user_id`, `body`, `filename`, `size`, `metadata`, `created_at`, `updated_at`) VALUES ('61', '61', '101', 'Ut nulla consequatur quam voluptatem fuga qui eveniet. Rem laboriosam aliquam ut. Maiores architecto consequatur harum eius vero a est quis.', 'rerum', 2592, NULL, '2004-04-09 03:04:56', '1983-07-03 03:35:26');
INSERT INTO `media` (`id`, `media_type_id`, `user_id`, `body`, `filename`, `size`, `metadata`, `created_at`, `updated_at`) VALUES ('62', '62', '102', 'Id reiciendis corrupti voluptatibus ipsa at. Sequi illo quidem sint dolores consequatur. Qui rerum iure eum in incidunt. Labore perferendis amet laboriosam ipsa illum ex reprehenderit.', 'et', 0, NULL, '2008-07-08 16:17:13', '2011-08-23 01:50:09');
INSERT INTO `media` (`id`, `media_type_id`, `user_id`, `body`, `filename`, `size`, `metadata`, `created_at`, `updated_at`) VALUES ('63', '63', '104', 'Nihil praesentium cum culpa eligendi voluptatem. Cum suscipit odit nisi laborum sit. Sequi asperiores ratione deleniti recusandae ut.', 'quod', 1092051, NULL, '1994-02-15 01:21:05', '2003-05-18 17:38:53');
INSERT INTO `media` (`id`, `media_type_id`, `user_id`, `body`, `filename`, `size`, `metadata`, `created_at`, `updated_at`) VALUES ('64', '64', '105', 'Cumque nam laborum cumque et ducimus cumque. Illum animi ipsum nulla porro. Hic et magni labore voluptatem sint.', 'ut', 0, NULL, '1986-03-04 22:04:45', '1984-12-17 23:12:20');
INSERT INTO `media` (`id`, `media_type_id`, `user_id`, `body`, `filename`, `size`, `metadata`, `created_at`, `updated_at`) VALUES ('65', '65', '107', 'Ut corrupti ut rerum inventore. Eum consectetur voluptas et qui ea neque assumenda perspiciatis. Repellat sit aliquid cumque.', 'voluptates', 47, NULL, '2007-11-12 20:03:17', '1997-02-13 21:30:15');
INSERT INTO `media` (`id`, `media_type_id`, `user_id`, `body`, `filename`, `size`, `metadata`, `created_at`, `updated_at`) VALUES ('66', '66', '108', 'Quis quia odit dolorem cupiditate consequatur laboriosam. Corporis quibusdam dolorum laborum dolores et beatae sed. Rem quos velit fuga provident eum architecto.', 'qui', 0, NULL, '1998-09-07 13:43:40', '1996-01-17 02:04:47');
INSERT INTO `media` (`id`, `media_type_id`, `user_id`, `body`, `filename`, `size`, `metadata`, `created_at`, `updated_at`) VALUES ('67', '67', '109', 'Et aut laudantium et veritatis eligendi commodi assumenda itaque. Quasi amet aut pariatur. Quas et maxime molestiae dolore.', 'qui', 0, NULL, '1977-10-04 00:15:29', '1992-08-27 15:56:25');
INSERT INTO `media` (`id`, `media_type_id`, `user_id`, `body`, `filename`, `size`, `metadata`, `created_at`, `updated_at`) VALUES ('68', '68', '110', 'Omnis animi commodi dolorem deleniti. Adipisci enim sed voluptas at sint. Aperiam expedita at voluptatibus accusantium et. Fugiat et et aut sint ut.', 'non', 18, NULL, '2005-03-24 15:12:10', '2018-12-22 22:06:23');
INSERT INTO `media` (`id`, `media_type_id`, `user_id`, `body`, `filename`, `size`, `metadata`, `created_at`, `updated_at`) VALUES ('69', '69', '111', 'Exercitationem aut ut cupiditate velit enim. Accusantium minima et placeat ut ad magni. Autem aspernatur quisquam cupiditate labore debitis.', 'adipisci', 5, NULL, '2004-03-16 22:12:49', '1981-11-19 01:27:53');
INSERT INTO `media` (`id`, `media_type_id`, `user_id`, `body`, `filename`, `size`, `metadata`, `created_at`, `updated_at`) VALUES ('70', '70', '112', 'Voluptatum sit qui necessitatibus natus. Similique est accusamus impedit rem.', 'totam', 4, NULL, '1993-04-30 14:00:02', '1984-01-22 17:52:18');
INSERT INTO `media` (`id`, `media_type_id`, `user_id`, `body`, `filename`, `size`, `metadata`, `created_at`, `updated_at`) VALUES ('71', '71', '113', 'Nobis nam et est atque libero corporis omnis. Repellendus expedita consequatur quo aliquid.', 'rem', 55101, NULL, '2018-01-28 00:19:33', '1976-02-22 04:54:56');
INSERT INTO `media` (`id`, `media_type_id`, `user_id`, `body`, `filename`, `size`, `metadata`, `created_at`, `updated_at`) VALUES ('72', '72', '114', 'Deserunt quod at quaerat quo. Est sit ducimus optio nostrum eos vel. Et recusandae et aut est autem dignissimos doloribus blanditiis. Autem nobis aut quibusdam qui est.', 'et', 3766, NULL, '1982-07-30 19:43:03', '2010-03-08 22:31:02');
INSERT INTO `media` (`id`, `media_type_id`, `user_id`, `body`, `filename`, `size`, `metadata`, `created_at`, `updated_at`) VALUES ('73', '73', '115', 'Eligendi vitae non possimus nostrum mollitia dolores. Recusandae quia qui aliquid sit quia accusantium. Omnis deserunt excepturi aut quaerat minus.', 'commodi', 7278283, NULL, '1999-06-25 16:08:16', '1987-06-08 02:27:44');
INSERT INTO `media` (`id`, `media_type_id`, `user_id`, `body`, `filename`, `size`, `metadata`, `created_at`, `updated_at`) VALUES ('74', '74', '116', 'Nostrum illum temporibus sequi velit laudantium. Fuga distinctio officiis magnam praesentium debitis odio minus. Enim nostrum et officia similique fugiat suscipit officiis.', 'soluta', 3148819, NULL, '1989-02-25 04:40:48', '1978-03-23 10:29:12');
INSERT INTO `media` (`id`, `media_type_id`, `user_id`, `body`, `filename`, `size`, `metadata`, `created_at`, `updated_at`) VALUES ('75', '75', '117', 'Quia dolorem laborum in error. Minus et saepe explicabo quae dicta. Nam sit doloremque dicta doloribus dolorum enim nam nobis.', 'vel', 0, NULL, '1994-05-18 23:27:20', '1985-02-07 20:15:07');
INSERT INTO `media` (`id`, `media_type_id`, `user_id`, `body`, `filename`, `size`, `metadata`, `created_at`, `updated_at`) VALUES ('76', '76', '118', 'Voluptate suscipit ad veniam architecto et totam doloribus. Illum iusto ab mollitia aperiam repellat exercitationem voluptates. Dolores quos possimus et aut ad. Eveniet dolorum officia quibusdam cupiditate et mollitia perspiciatis.', 'debitis', 0, NULL, '1976-05-12 23:00:22', '2008-08-28 01:27:51');
INSERT INTO `media` (`id`, `media_type_id`, `user_id`, `body`, `filename`, `size`, `metadata`, `created_at`, `updated_at`) VALUES ('77', '77', '119', 'Ut rerum corrupti et expedita earum. Eos magni fugiat dolorem inventore nihil nulla expedita. Ducimus fugiat rerum illum eum doloremque. Veniam architecto voluptate eius velit dolor libero nulla.', 'incidunt', 62843102, NULL, '2003-08-07 22:34:50', '2014-05-14 02:02:05');
INSERT INTO `media` (`id`, `media_type_id`, `user_id`, `body`, `filename`, `size`, `metadata`, `created_at`, `updated_at`) VALUES ('78', '78', '120', 'Dolor voluptas dolore animi sunt assumenda ad. Asperiores sapiente sint perferendis minima quo recusandae dolorum. Consequatur iure omnis quisquam molestiae ut rerum laborum. Asperiores maiores eos qui doloremque.', 'ut', 8, NULL, '1989-09-27 18:04:46', '1983-10-01 17:56:41');
INSERT INTO `media` (`id`, `media_type_id`, `user_id`, `body`, `filename`, `size`, `metadata`, `created_at`, `updated_at`) VALUES ('79', '79', '128', 'Nihil iure et dolor repudiandae. Quia quis veritatis sapiente quae deserunt. Expedita qui quam animi consequatur voluptatem enim.', 'quae', 60754, NULL, '2007-05-29 16:31:32', '2010-06-21 11:04:30');
INSERT INTO `media` (`id`, `media_type_id`, `user_id`, `body`, `filename`, `size`, `metadata`, `created_at`, `updated_at`) VALUES ('80', '80', '131', 'Sed ut optio quis. A sequi labore qui et. Qui eligendi dolorem eum ut. Culpa voluptatum assumenda aut eum.', 'ut', 828852426, NULL, '1991-04-13 02:14:16', '2000-10-06 11:48:52');
INSERT INTO `media` (`id`, `media_type_id`, `user_id`, `body`, `filename`, `size`, `metadata`, `created_at`, `updated_at`) VALUES ('81', '81', '134', 'Ipsa magni blanditiis libero enim nesciunt. Laborum dolor non consequatur. Ut suscipit laborum assumenda nisi.', 'vel', 327957, NULL, '2007-05-01 07:36:43', '1996-04-03 10:01:12');
INSERT INTO `media` (`id`, `media_type_id`, `user_id`, `body`, `filename`, `size`, `metadata`, `created_at`, `updated_at`) VALUES ('82', '82', '135', 'Saepe debitis perferendis dolor est. Voluptatem cupiditate ipsam non illo tempora. Ut voluptates id et tempora quisquam inventore et. Voluptatum reiciendis et quo non molestias.', 'omnis', 674235863, NULL, '1978-07-25 10:45:23', '1993-07-08 17:36:14');
INSERT INTO `media` (`id`, `media_type_id`, `user_id`, `body`, `filename`, `size`, `metadata`, `created_at`, `updated_at`) VALUES ('83', '83', '136', 'Iusto sit sapiente autem quos quis ut ipsam non. Dignissimos aperiam sed sed consequatur.', 'laborum', 7121635, NULL, '2009-01-24 04:46:39', '1989-04-06 02:08:34');
INSERT INTO `media` (`id`, `media_type_id`, `user_id`, `body`, `filename`, `size`, `metadata`, `created_at`, `updated_at`) VALUES ('84', '84', '141', 'Assumenda et est reiciendis aut blanditiis quo eum. Aliquid et assumenda sapiente quasi quis. Excepturi consequatur et voluptatum dolorem eaque.', 'deserunt', 9, NULL, '2014-06-06 07:41:52', '1994-03-19 01:08:43');
INSERT INTO `media` (`id`, `media_type_id`, `user_id`, `body`, `filename`, `size`, `metadata`, `created_at`, `updated_at`) VALUES ('85', '85', '142', 'Sit eveniet est modi odit modi. Et fugit optio et aut. Placeat earum sit impedit dolorem quas. Maiores et dolor architecto dicta at. Libero sapiente quia alias nobis deserunt accusamus.', 'tempora', 53565961, NULL, '1983-06-15 16:02:36', '2013-12-03 19:02:37');
INSERT INTO `media` (`id`, `media_type_id`, `user_id`, `body`, `filename`, `size`, `metadata`, `created_at`, `updated_at`) VALUES ('86', '86', '144', 'Unde quis recusandae veritatis deserunt. Omnis neque ea debitis et voluptates. Consequatur pariatur sequi commodi qui possimus earum.', 'odit', 4, NULL, '2001-10-14 15:12:41', '1983-12-04 07:57:55');
INSERT INTO `media` (`id`, `media_type_id`, `user_id`, `body`, `filename`, `size`, `metadata`, `created_at`, `updated_at`) VALUES ('87', '87', '146', 'Soluta ut et nihil soluta est vero ex consequatur. Laboriosam laudantium minima aut incidunt officiis quod dolor. Voluptatum aut ducimus praesentium harum unde aliquid voluptatem. Ipsam dolorem fugit iusto sed accusantium quidem.', 'vel', 6, NULL, '2013-02-25 18:36:52', '1997-09-23 23:38:05');
INSERT INTO `media` (`id`, `media_type_id`, `user_id`, `body`, `filename`, `size`, `metadata`, `created_at`, `updated_at`) VALUES ('88', '88', '147', 'Velit enim facilis et cupiditate tenetur ea. Aliquam ea aut quos. Laborum commodi excepturi deleniti odio.', 'quos', 75, NULL, '1972-01-25 00:40:34', '1983-11-12 18:05:46');
INSERT INTO `media` (`id`, `media_type_id`, `user_id`, `body`, `filename`, `size`, `metadata`, `created_at`, `updated_at`) VALUES ('89', '89', '148', 'Dolorem est itaque non corrupti aspernatur praesentium. Et doloribus illo neque qui illum velit enim. Eveniet aut ut itaque ea quisquam. Veritatis ipsa consequatur cum ratione delectus vero nam.', 'alias', 9199, NULL, '2018-06-20 10:26:13', '1987-11-22 10:43:31');
INSERT INTO `media` (`id`, `media_type_id`, `user_id`, `body`, `filename`, `size`, `metadata`, `created_at`, `updated_at`) VALUES ('90', '90', '149', 'Praesentium dignissimos vel eveniet deleniti ea. Perspiciatis sit consequatur est.', 'eaque', 516441131, NULL, '2018-04-15 21:55:30', '1981-07-25 21:42:18');
INSERT INTO `media` (`id`, `media_type_id`, `user_id`, `body`, `filename`, `size`, `metadata`, `created_at`, `updated_at`) VALUES ('91', '91', '150', 'Suscipit et quos sapiente. Eligendi assumenda veniam qui. Sit minima aut qui harum.', 'qui', 50143620, NULL, '2014-01-03 23:13:13', '1978-01-12 01:57:26');
INSERT INTO `media` (`id`, `media_type_id`, `user_id`, `body`, `filename`, `size`, `metadata`, `created_at`, `updated_at`) VALUES ('92', '92', '151', 'Voluptates aliquid earum in sit pariatur. Aut et esse qui omnis earum minima minus voluptatibus. In incidunt necessitatibus nulla ipsam sunt.', 'dolorem', 183, NULL, '1977-08-14 00:28:39', '1979-08-15 23:39:49');
INSERT INTO `media` (`id`, `media_type_id`, `user_id`, `body`, `filename`, `size`, `metadata`, `created_at`, `updated_at`) VALUES ('93', '93', '152', 'Sit eos optio enim vitae est voluptatem. Aut quis rerum pariatur debitis. Ut debitis laborum distinctio quia quae.', 'explicabo', 3, NULL, '1995-04-11 18:46:30', '1983-09-18 18:18:33');
INSERT INTO `media` (`id`, `media_type_id`, `user_id`, `body`, `filename`, `size`, `metadata`, `created_at`, `updated_at`) VALUES ('94', '94', '153', 'Et veritatis et omnis consequatur beatae. Non laboriosam autem ex deleniti rerum. Laborum sapiente nihil voluptate est velit.', 'autem', 6, NULL, '2001-08-22 15:57:15', '1978-10-29 04:56:02');
INSERT INTO `media` (`id`, `media_type_id`, `user_id`, `body`, `filename`, `size`, `metadata`, `created_at`, `updated_at`) VALUES ('95', '95', '154', 'Doloremque id modi maxime placeat quam nostrum. Sunt facere voluptatem sed cumque voluptatibus molestias deserunt corporis. Similique aperiam vitae cupiditate sint nemo quae.', 'incidunt', 36222608, NULL, '1974-10-03 09:59:09', '1994-04-22 09:36:09');
INSERT INTO `media` (`id`, `media_type_id`, `user_id`, `body`, `filename`, `size`, `metadata`, `created_at`, `updated_at`) VALUES ('96', '96', '155', 'Consequuntur ab veniam expedita nihil maxime similique. Occaecati quia eos sunt similique culpa. Voluptatibus ipsum perferendis ullam sit qui similique. Officia nam aperiam enim molestias voluptas qui. Aut harum enim deserunt minima quaerat officiis saepe.', 'fuga', 0, NULL, '1985-12-16 18:36:19', '1973-11-11 00:04:11');
INSERT INTO `media` (`id`, `media_type_id`, `user_id`, `body`, `filename`, `size`, `metadata`, `created_at`, `updated_at`) VALUES ('97', '97', '159', 'Harum qui quo earum earum aspernatur molestias et. Doloribus aut et quaerat sunt repellat aliquam. Quia ea laboriosam vero est quos iure.', 'ullam', 550303, NULL, '1973-07-29 04:31:55', '1986-06-11 22:13:32');
INSERT INTO `media` (`id`, `media_type_id`, `user_id`, `body`, `filename`, `size`, `metadata`, `created_at`, `updated_at`) VALUES ('98', '98', '163', 'Repellat aut reprehenderit dicta maxime quos amet. Fuga accusamus quae commodi laborum.', 'molestiae', 69, NULL, '1974-04-26 21:11:51', '1987-05-12 06:04:07');
INSERT INTO `media` (`id`, `media_type_id`, `user_id`, `body`, `filename`, `size`, `metadata`, `created_at`, `updated_at`) VALUES ('99', '99', '165', 'Porro a mollitia harum qui. Maxime blanditiis corporis corrupti inventore et. Sed dolores dolore sed quam magnam qui maxime debitis. Aut occaecati nesciunt omnis consequatur velit quos itaque.', 'architecto', 4242821, NULL, '1983-02-27 14:48:11', '2009-06-12 02:35:36');
INSERT INTO `media` (`id`, `media_type_id`, `user_id`, `body`, `filename`, `size`, `metadata`, `created_at`, `updated_at`) VALUES ('100', '100', '166', 'In magni sit repellendus inventore eaque quis aspernatur. Quibusdam ab et et optio commodi. Temporibus vel sunt dolorem dolore ex autem unde. Perspiciatis et commodi eum delectus itaque quidem eum.', 'possimus', 7350152, NULL, '1984-04-27 14:22:50', '1970-11-26 21:51:43');


#
# TABLE STRUCTURE FOR: media_types
#

DROP TABLE IF EXISTS `media_types`;

CREATE TABLE `media_types` (
  `id` bigint(20) unsigned NOT NULL AUTO_INCREMENT,
  `name` varchar(255) COLLATE utf8mb4_unicode_ci DEFAULT NULL,
  `created_at` datetime DEFAULT current_timestamp(),
  `updated_at` datetime DEFAULT NULL ON UPDATE current_timestamp(),
  UNIQUE KEY `id` (`id`)
) ENGINE=InnoDB AUTO_INCREMENT=101 DEFAULT CHARSET=utf8mb4 COLLATE=utf8mb4_unicode_ci;

INSERT INTO `media_types` (`id`, `name`, `created_at`, `updated_at`) VALUES ('1', 'dignissimos', '2005-04-06 16:04:54', '1987-06-04 20:30:05');
INSERT INTO `media_types` (`id`, `name`, `created_at`, `updated_at`) VALUES ('2', 'corporis', '2011-06-24 00:22:17', '1978-10-20 08:56:41');
INSERT INTO `media_types` (`id`, `name`, `created_at`, `updated_at`) VALUES ('3', 'saepe', '2007-12-25 05:08:11', '1997-11-14 23:17:02');
INSERT INTO `media_types` (`id`, `name`, `created_at`, `updated_at`) VALUES ('4', 'et', '1975-02-15 05:37:43', '2008-03-29 17:39:09');
INSERT INTO `media_types` (`id`, `name`, `created_at`, `updated_at`) VALUES ('5', 'quo', '2008-07-24 19:46:10', '1988-12-08 02:08:29');
INSERT INTO `media_types` (`id`, `name`, `created_at`, `updated_at`) VALUES ('6', 'et', '1984-02-29 15:39:15', '2013-10-04 11:24:26');
INSERT INTO `media_types` (`id`, `name`, `created_at`, `updated_at`) VALUES ('7', 'sit', '1998-10-08 15:17:05', '1991-09-08 20:44:53');
INSERT INTO `media_types` (`id`, `name`, `created_at`, `updated_at`) VALUES ('8', 'dolores', '1993-09-23 08:30:25', '1982-01-18 06:25:41');
INSERT INTO `media_types` (`id`, `name`, `created_at`, `updated_at`) VALUES ('9', 'neque', '1986-01-30 11:42:40', '2003-08-25 00:27:03');
INSERT INTO `media_types` (`id`, `name`, `created_at`, `updated_at`) VALUES ('10', 'sint', '2008-06-02 11:29:04', '1976-08-06 03:44:51');
INSERT INTO `media_types` (`id`, `name`, `created_at`, `updated_at`) VALUES ('11', 'animi', '1993-07-31 14:44:38', '2003-01-09 17:45:00');
INSERT INTO `media_types` (`id`, `name`, `created_at`, `updated_at`) VALUES ('12', 'est', '1994-05-06 10:11:45', '1983-07-28 14:33:02');
INSERT INTO `media_types` (`id`, `name`, `created_at`, `updated_at`) VALUES ('13', 'non', '2007-04-14 03:14:43', '1979-09-24 06:37:41');
INSERT INTO `media_types` (`id`, `name`, `created_at`, `updated_at`) VALUES ('14', 'minima', '1996-01-11 07:44:06', '2018-04-04 11:08:02');
INSERT INTO `media_types` (`id`, `name`, `created_at`, `updated_at`) VALUES ('15', 'dolorem', '1986-07-18 02:51:38', '2015-05-14 08:22:03');
INSERT INTO `media_types` (`id`, `name`, `created_at`, `updated_at`) VALUES ('16', 'quod', '1994-05-15 22:53:16', '1985-07-22 06:45:35');
INSERT INTO `media_types` (`id`, `name`, `created_at`, `updated_at`) VALUES ('17', 'quis', '2020-02-08 02:58:54', '1994-12-27 08:55:33');
INSERT INTO `media_types` (`id`, `name`, `created_at`, `updated_at`) VALUES ('18', 'aut', '2014-08-19 02:19:50', '1987-05-23 18:10:33');
INSERT INTO `media_types` (`id`, `name`, `created_at`, `updated_at`) VALUES ('19', 'non', '2006-10-26 13:08:01', '1990-11-15 18:37:19');
INSERT INTO `media_types` (`id`, `name`, `created_at`, `updated_at`) VALUES ('20', 'molestiae', '1986-05-14 22:10:18', '2018-10-25 12:12:12');
INSERT INTO `media_types` (`id`, `name`, `created_at`, `updated_at`) VALUES ('21', 'explicabo', '1984-06-07 16:26:31', '2014-01-12 21:44:47');
INSERT INTO `media_types` (`id`, `name`, `created_at`, `updated_at`) VALUES ('22', 'accusamus', '2020-04-25 06:06:23', '2010-02-25 07:28:35');
INSERT INTO `media_types` (`id`, `name`, `created_at`, `updated_at`) VALUES ('23', 'est', '2006-03-12 17:34:48', '2012-03-15 07:58:15');
INSERT INTO `media_types` (`id`, `name`, `created_at`, `updated_at`) VALUES ('24', 'quisquam', '1986-10-11 15:23:08', '1985-01-09 18:07:06');
INSERT INTO `media_types` (`id`, `name`, `created_at`, `updated_at`) VALUES ('25', 'molestiae', '1999-05-30 18:30:19', '2000-12-23 00:06:56');
INSERT INTO `media_types` (`id`, `name`, `created_at`, `updated_at`) VALUES ('26', 'quia', '1981-02-12 11:35:52', '2003-10-17 20:27:04');
INSERT INTO `media_types` (`id`, `name`, `created_at`, `updated_at`) VALUES ('27', 'aut', '1976-09-03 07:58:15', '1987-09-05 17:00:41');
INSERT INTO `media_types` (`id`, `name`, `created_at`, `updated_at`) VALUES ('28', 'eos', '1973-09-20 02:28:01', '1971-09-20 13:38:48');
INSERT INTO `media_types` (`id`, `name`, `created_at`, `updated_at`) VALUES ('29', 'deserunt', '1992-07-16 17:55:26', '1980-05-18 17:27:22');
INSERT INTO `media_types` (`id`, `name`, `created_at`, `updated_at`) VALUES ('30', 'architecto', '1982-09-12 04:30:47', '1970-05-25 10:06:56');
INSERT INTO `media_types` (`id`, `name`, `created_at`, `updated_at`) VALUES ('31', 'ut', '1991-04-17 13:26:53', '2018-09-19 00:13:26');
INSERT INTO `media_types` (`id`, `name`, `created_at`, `updated_at`) VALUES ('32', 'explicabo', '1973-10-08 19:41:04', '1973-08-09 22:01:09');
INSERT INTO `media_types` (`id`, `name`, `created_at`, `updated_at`) VALUES ('33', 'sunt', '2005-03-27 14:18:00', '2014-01-14 06:15:21');
INSERT INTO `media_types` (`id`, `name`, `created_at`, `updated_at`) VALUES ('34', 'reprehenderit', '1976-07-25 10:10:02', '1977-06-27 07:21:39');
INSERT INTO `media_types` (`id`, `name`, `created_at`, `updated_at`) VALUES ('35', 'nemo', '1977-12-30 02:58:34', '2000-05-20 11:17:04');
INSERT INTO `media_types` (`id`, `name`, `created_at`, `updated_at`) VALUES ('36', 'eius', '1974-01-23 01:00:15', '1970-12-12 01:57:25');
INSERT INTO `media_types` (`id`, `name`, `created_at`, `updated_at`) VALUES ('37', 'corrupti', '1988-06-20 20:46:55', '2012-03-10 21:16:20');
INSERT INTO `media_types` (`id`, `name`, `created_at`, `updated_at`) VALUES ('38', 'adipisci', '2020-03-24 00:14:44', '1999-07-13 20:56:53');
INSERT INTO `media_types` (`id`, `name`, `created_at`, `updated_at`) VALUES ('39', 'quia', '1994-03-23 03:36:41', '2003-09-23 18:24:46');
INSERT INTO `media_types` (`id`, `name`, `created_at`, `updated_at`) VALUES ('40', 'sint', '2019-06-02 10:20:57', '2009-10-06 08:59:26');
INSERT INTO `media_types` (`id`, `name`, `created_at`, `updated_at`) VALUES ('41', 'sequi', '1999-05-05 02:17:23', '2018-12-27 22:27:49');
INSERT INTO `media_types` (`id`, `name`, `created_at`, `updated_at`) VALUES ('42', 'dolore', '2012-10-25 14:54:21', '2011-01-30 11:12:13');
INSERT INTO `media_types` (`id`, `name`, `created_at`, `updated_at`) VALUES ('43', 'aut', '1991-12-03 19:57:10', '2005-03-27 14:13:35');
INSERT INTO `media_types` (`id`, `name`, `created_at`, `updated_at`) VALUES ('44', 'eligendi', '1974-10-07 07:29:32', '2003-12-18 09:36:52');
INSERT INTO `media_types` (`id`, `name`, `created_at`, `updated_at`) VALUES ('45', 'quidem', '1975-02-06 14:00:49', '2004-12-28 13:07:22');
INSERT INTO `media_types` (`id`, `name`, `created_at`, `updated_at`) VALUES ('46', 'facere', '2003-11-22 18:34:51', '1986-07-21 00:22:04');
INSERT INTO `media_types` (`id`, `name`, `created_at`, `updated_at`) VALUES ('47', 'omnis', '1989-04-30 20:20:21', '1973-12-21 02:01:40');
INSERT INTO `media_types` (`id`, `name`, `created_at`, `updated_at`) VALUES ('48', 'cumque', '1977-03-10 07:11:54', '1999-11-14 19:44:57');
INSERT INTO `media_types` (`id`, `name`, `created_at`, `updated_at`) VALUES ('49', 'alias', '2011-09-13 17:15:47', '2003-12-21 08:20:24');
INSERT INTO `media_types` (`id`, `name`, `created_at`, `updated_at`) VALUES ('50', 'quam', '1970-07-28 01:01:55', '2013-12-22 14:24:43');
INSERT INTO `media_types` (`id`, `name`, `created_at`, `updated_at`) VALUES ('51', 'ut', '2008-03-10 11:23:10', '1990-04-24 23:05:08');
INSERT INTO `media_types` (`id`, `name`, `created_at`, `updated_at`) VALUES ('52', 'eius', '2013-01-19 17:41:25', '2012-07-18 11:57:37');
INSERT INTO `media_types` (`id`, `name`, `created_at`, `updated_at`) VALUES ('53', 'repellat', '1972-12-11 11:52:02', '2002-07-22 08:58:23');
INSERT INTO `media_types` (`id`, `name`, `created_at`, `updated_at`) VALUES ('54', 'eius', '1988-03-12 09:37:00', '1982-05-20 12:27:43');
INSERT INTO `media_types` (`id`, `name`, `created_at`, `updated_at`) VALUES ('55', 'dolorem', '2017-09-01 01:02:26', '1986-08-05 18:39:06');
INSERT INTO `media_types` (`id`, `name`, `created_at`, `updated_at`) VALUES ('56', 'reprehenderit', '1975-05-11 14:55:14', '1986-04-21 06:53:14');
INSERT INTO `media_types` (`id`, `name`, `created_at`, `updated_at`) VALUES ('57', 'aliquam', '1982-10-18 02:22:05', '1984-07-15 21:07:21');
INSERT INTO `media_types` (`id`, `name`, `created_at`, `updated_at`) VALUES ('58', 'dignissimos', '1976-09-20 06:18:52', '2019-08-16 08:12:33');
INSERT INTO `media_types` (`id`, `name`, `created_at`, `updated_at`) VALUES ('59', 'cum', '2010-10-23 01:14:28', '2008-07-11 18:29:41');
INSERT INTO `media_types` (`id`, `name`, `created_at`, `updated_at`) VALUES ('60', 'sed', '1999-12-10 15:54:25', '2004-06-04 18:00:22');
INSERT INTO `media_types` (`id`, `name`, `created_at`, `updated_at`) VALUES ('61', 'id', '1994-12-11 00:42:10', '1987-01-25 12:44:28');
INSERT INTO `media_types` (`id`, `name`, `created_at`, `updated_at`) VALUES ('62', 'expedita', '2018-02-11 21:40:50', '1991-02-25 03:53:18');
INSERT INTO `media_types` (`id`, `name`, `created_at`, `updated_at`) VALUES ('63', 'quia', '1986-10-01 09:12:00', '1997-01-24 18:26:29');
INSERT INTO `media_types` (`id`, `name`, `created_at`, `updated_at`) VALUES ('64', 'sit', '2001-06-04 07:32:18', '2013-09-19 18:36:08');
INSERT INTO `media_types` (`id`, `name`, `created_at`, `updated_at`) VALUES ('65', 'qui', '1980-06-19 04:29:20', '1982-07-25 04:05:40');
INSERT INTO `media_types` (`id`, `name`, `created_at`, `updated_at`) VALUES ('66', 'ducimus', '2013-01-01 00:52:59', '2005-08-02 12:40:12');
INSERT INTO `media_types` (`id`, `name`, `created_at`, `updated_at`) VALUES ('67', 'deleniti', '1977-05-26 22:36:53', '2015-03-06 13:28:56');
INSERT INTO `media_types` (`id`, `name`, `created_at`, `updated_at`) VALUES ('68', 'sint', '1987-06-30 20:56:01', '2002-07-25 01:06:00');
INSERT INTO `media_types` (`id`, `name`, `created_at`, `updated_at`) VALUES ('69', 'perferendis', '1992-06-26 21:31:47', '1986-12-19 11:15:43');
INSERT INTO `media_types` (`id`, `name`, `created_at`, `updated_at`) VALUES ('70', 'commodi', '2020-05-14 16:40:06', '2014-10-07 07:41:03');
INSERT INTO `media_types` (`id`, `name`, `created_at`, `updated_at`) VALUES ('71', 'quas', '1998-11-08 13:31:49', '1977-02-03 04:50:02');
INSERT INTO `media_types` (`id`, `name`, `created_at`, `updated_at`) VALUES ('72', 'quibusdam', '1970-07-05 23:12:18', '1986-02-07 04:40:42');
INSERT INTO `media_types` (`id`, `name`, `created_at`, `updated_at`) VALUES ('73', 'id', '1971-06-18 02:26:11', '2003-12-31 19:57:48');
INSERT INTO `media_types` (`id`, `name`, `created_at`, `updated_at`) VALUES ('74', 'molestiae', '1971-10-21 01:58:41', '2015-12-25 21:09:55');
INSERT INTO `media_types` (`id`, `name`, `created_at`, `updated_at`) VALUES ('75', 'harum', '2001-11-18 14:18:02', '2008-08-19 11:46:38');
INSERT INTO `media_types` (`id`, `name`, `created_at`, `updated_at`) VALUES ('76', 'voluptas', '2019-12-18 04:18:54', '1998-10-23 00:51:38');
INSERT INTO `media_types` (`id`, `name`, `created_at`, `updated_at`) VALUES ('77', 'ullam', '1972-03-20 03:59:29', '1970-03-24 08:21:19');
INSERT INTO `media_types` (`id`, `name`, `created_at`, `updated_at`) VALUES ('78', 'est', '2010-11-19 04:51:58', '1994-03-19 04:03:03');
INSERT INTO `media_types` (`id`, `name`, `created_at`, `updated_at`) VALUES ('79', 'molestiae', '2015-10-08 22:11:21', '1974-09-28 17:21:43');
INSERT INTO `media_types` (`id`, `name`, `created_at`, `updated_at`) VALUES ('80', 'dolore', '1987-01-26 04:15:58', '2003-06-20 14:09:53');
INSERT INTO `media_types` (`id`, `name`, `created_at`, `updated_at`) VALUES ('81', 'voluptate', '2015-08-27 17:23:58', '1983-12-12 08:53:12');
INSERT INTO `media_types` (`id`, `name`, `created_at`, `updated_at`) VALUES ('82', 'explicabo', '2000-08-15 21:27:53', '2016-03-19 04:30:32');
INSERT INTO `media_types` (`id`, `name`, `created_at`, `updated_at`) VALUES ('83', 'cupiditate', '1985-02-22 02:42:23', '2013-02-10 15:46:59');
INSERT INTO `media_types` (`id`, `name`, `created_at`, `updated_at`) VALUES ('84', 'occaecati', '1985-12-16 18:49:00', '1976-04-21 21:43:22');
INSERT INTO `media_types` (`id`, `name`, `created_at`, `updated_at`) VALUES ('85', 'ea', '1974-02-05 11:02:47', '2007-09-21 19:22:55');
INSERT INTO `media_types` (`id`, `name`, `created_at`, `updated_at`) VALUES ('86', 'impedit', '2017-12-04 02:32:30', '1989-02-05 23:13:28');
INSERT INTO `media_types` (`id`, `name`, `created_at`, `updated_at`) VALUES ('87', 'deleniti', '2017-09-14 05:05:55', '1973-06-24 15:55:39');
INSERT INTO `media_types` (`id`, `name`, `created_at`, `updated_at`) VALUES ('88', 'sit', '1998-02-21 23:21:56', '1993-09-23 13:59:53');
INSERT INTO `media_types` (`id`, `name`, `created_at`, `updated_at`) VALUES ('89', 'dolorum', '1975-09-18 23:37:42', '2013-12-30 21:41:16');
INSERT INTO `media_types` (`id`, `name`, `created_at`, `updated_at`) VALUES ('90', 'ut', '2014-09-01 12:44:37', '1994-04-06 20:51:30');
INSERT INTO `media_types` (`id`, `name`, `created_at`, `updated_at`) VALUES ('91', 'corporis', '1985-06-19 02:08:13', '1988-09-10 15:33:41');
INSERT INTO `media_types` (`id`, `name`, `created_at`, `updated_at`) VALUES ('92', 'et', '1983-08-27 06:22:35', '2008-08-18 06:55:40');
INSERT INTO `media_types` (`id`, `name`, `created_at`, `updated_at`) VALUES ('93', 'non', '1998-11-03 13:18:54', '1975-08-31 23:31:40');
INSERT INTO `media_types` (`id`, `name`, `created_at`, `updated_at`) VALUES ('94', 'perferendis', '1983-09-02 02:37:36', '1972-05-21 06:25:01');
INSERT INTO `media_types` (`id`, `name`, `created_at`, `updated_at`) VALUES ('95', 'numquam', '1997-03-18 20:53:26', '2002-02-27 19:54:23');
INSERT INTO `media_types` (`id`, `name`, `created_at`, `updated_at`) VALUES ('96', 'aut', '1980-04-11 00:06:39', '2018-07-30 09:40:08');
INSERT INTO `media_types` (`id`, `name`, `created_at`, `updated_at`) VALUES ('97', 'iure', '2011-04-21 02:22:27', '1991-10-08 02:09:55');
INSERT INTO `media_types` (`id`, `name`, `created_at`, `updated_at`) VALUES ('98', 'porro', '2008-05-06 09:55:24', '2012-03-17 01:12:06');
INSERT INTO `media_types` (`id`, `name`, `created_at`, `updated_at`) VALUES ('99', 'iusto', '1994-07-07 07:29:44', '1971-03-29 03:50:45');
INSERT INTO `media_types` (`id`, `name`, `created_at`, `updated_at`) VALUES ('100', 'fugiat', '1982-04-17 12:54:31', '1995-02-20 07:39:15');


#
# TABLE STRUCTURE FOR: messages
#

DROP TABLE IF EXISTS `messages`;

CREATE TABLE `messages` (
  `id` bigint(20) unsigned NOT NULL AUTO_INCREMENT,
  `from_user_id` bigint(20) unsigned NOT NULL,
  `to_user_id` bigint(20) unsigned NOT NULL,
  `body` text COLLATE utf8mb4_unicode_ci DEFAULT NULL,
  `created_at` datetime DEFAULT current_timestamp(),
  UNIQUE KEY `id` (`id`),
  KEY `from_user_id` (`from_user_id`),
  KEY `to_user_id` (`to_user_id`),
  CONSTRAINT `messages_ibfk_1` FOREIGN KEY (`from_user_id`) REFERENCES `users` (`id`),
  CONSTRAINT `messages_ibfk_2` FOREIGN KEY (`to_user_id`) REFERENCES `users` (`id`)
) ENGINE=InnoDB AUTO_INCREMENT=101 DEFAULT CHARSET=utf8mb4 COLLATE=utf8mb4_unicode_ci;

INSERT INTO `messages` (`id`, `from_user_id`, `to_user_id`, `body`, `created_at`) VALUES ('1', '101', '101', 'Ducimus molestiae cum quis velit et. Quibusdam odio dolores iusto velit similique soluta. Rem voluptatum est recusandae omnis qui et. Perferendis ea nam voluptates quam.', '1986-08-20 14:27:36');
INSERT INTO `messages` (`id`, `from_user_id`, `to_user_id`, `body`, `created_at`) VALUES ('2', '102', '102', 'Et voluptas officia omnis qui voluptas culpa delectus nihil. Blanditiis dignissimos eligendi sed rerum. Sunt voluptatibus sed et voluptatem ut. Similique optio vero expedita fuga.', '2016-08-23 15:46:27');
INSERT INTO `messages` (`id`, `from_user_id`, `to_user_id`, `body`, `created_at`) VALUES ('3', '104', '104', 'Animi et id voluptatem ratione. Nihil distinctio repellat id sit et mollitia. Voluptatem dolorem sunt iure nihil.', '1990-01-15 11:26:00');
INSERT INTO `messages` (`id`, `from_user_id`, `to_user_id`, `body`, `created_at`) VALUES ('4', '105', '105', 'Qui eaque repellat incidunt quidem doloremque. Consequatur eum et voluptates est doloribus dolores minus. Libero aliquid minus fuga quo ex.', '2004-04-18 15:11:29');
INSERT INTO `messages` (`id`, `from_user_id`, `to_user_id`, `body`, `created_at`) VALUES ('5', '107', '107', 'Vero qui mollitia illo vel deleniti sed. Quod esse dicta et ea. Dolor eum repellendus voluptates rerum eum reprehenderit. Debitis praesentium excepturi consequatur dolor qui. Nobis temporibus ut quo sint asperiores.', '1980-07-17 02:41:54');
INSERT INTO `messages` (`id`, `from_user_id`, `to_user_id`, `body`, `created_at`) VALUES ('6', '108', '108', 'Temporibus reiciendis facere eos est. In est omnis illo qui consequatur quisquam optio.', '1983-05-10 20:51:54');
INSERT INTO `messages` (`id`, `from_user_id`, `to_user_id`, `body`, `created_at`) VALUES ('7', '109', '109', 'Eum amet eveniet doloremque odit voluptate. Cupiditate magni possimus consequuntur delectus sed perspiciatis. Dignissimos repellendus dicta voluptatem nihil. Aut consequatur pariatur qui et nostrum.', '2007-12-04 02:32:08');
INSERT INTO `messages` (`id`, `from_user_id`, `to_user_id`, `body`, `created_at`) VALUES ('8', '110', '110', 'Voluptatibus et iure fuga corrupti qui. Corporis in cum aliquam inventore qui. Veniam ex ut molestiae et officia. Unde nesciunt aut velit reiciendis aliquam commodi ut.', '2003-03-23 14:58:35');
INSERT INTO `messages` (`id`, `from_user_id`, `to_user_id`, `body`, `created_at`) VALUES ('9', '111', '111', 'Dolor iure doloremque est veniam nihil aspernatur. Sit ipsum nesciunt accusamus similique fugit. Et delectus et ut pariatur. Iure fugiat repudiandae autem laborum culpa doloribus voluptatem.', '2008-04-28 14:57:16');
INSERT INTO `messages` (`id`, `from_user_id`, `to_user_id`, `body`, `created_at`) VALUES ('10', '112', '112', 'Fuga et dolorum ullam eum dignissimos non esse laborum. Veritatis reprehenderit iste aut doloremque distinctio ipsa.', '1999-02-04 12:20:13');
INSERT INTO `messages` (`id`, `from_user_id`, `to_user_id`, `body`, `created_at`) VALUES ('11', '113', '113', 'Velit quis architecto numquam voluptatem quo neque. Consectetur et voluptatum quis reiciendis excepturi consequatur sed aperiam. Rerum vel alias harum tempora voluptatem et et. Libero assumenda totam dolorem modi voluptates ratione.', '2010-06-02 02:36:41');
INSERT INTO `messages` (`id`, `from_user_id`, `to_user_id`, `body`, `created_at`) VALUES ('12', '114', '114', 'Excepturi delectus rem sunt magnam eum fugit. Molestias aut voluptates perferendis aut et. Molestiae odit voluptatem voluptatem autem similique. Illo et numquam incidunt voluptate.', '2002-04-27 06:21:00');
INSERT INTO `messages` (`id`, `from_user_id`, `to_user_id`, `body`, `created_at`) VALUES ('13', '115', '115', 'Et minima et illo aut sapiente nihil dicta. Eum sapiente suscipit sunt quia sint culpa tempore. Omnis fugiat et quis aut voluptas ipsam. Alias exercitationem consequatur repellat debitis voluptatem et occaecati.', '1999-04-17 04:00:52');
INSERT INTO `messages` (`id`, `from_user_id`, `to_user_id`, `body`, `created_at`) VALUES ('14', '116', '116', 'Et suscipit ut quis ipsum consequatur omnis. Asperiores dolorem eum vero totam minus. Aliquid culpa suscipit neque explicabo beatae adipisci et ex.', '1986-07-25 12:00:42');
INSERT INTO `messages` (`id`, `from_user_id`, `to_user_id`, `body`, `created_at`) VALUES ('15', '117', '117', 'Aliquid tenetur magni molestias impedit cum consectetur cupiditate. Ducimus ipsa doloremque in doloremque voluptatem sint dolorum. Molestiae quasi nobis assumenda.', '1985-02-11 21:27:38');
INSERT INTO `messages` (`id`, `from_user_id`, `to_user_id`, `body`, `created_at`) VALUES ('16', '118', '118', 'Molestias ratione nesciunt et est voluptatem. Quas quidem iure et distinctio. Totam deleniti in sint nostrum voluptatem. Molestiae tempora error omnis et.', '1991-03-28 04:03:39');
INSERT INTO `messages` (`id`, `from_user_id`, `to_user_id`, `body`, `created_at`) VALUES ('17', '119', '119', 'Possimus nihil iusto aut aut. Itaque quis voluptatum non quam explicabo. In vitae et dolorem id ratione.', '1978-10-06 20:41:39');
INSERT INTO `messages` (`id`, `from_user_id`, `to_user_id`, `body`, `created_at`) VALUES ('18', '120', '120', 'Ea quae id rerum autem commodi. Quisquam non labore repudiandae cum quis nostrum ex.', '2017-08-23 16:09:52');
INSERT INTO `messages` (`id`, `from_user_id`, `to_user_id`, `body`, `created_at`) VALUES ('19', '128', '128', 'Ea consequatur voluptates explicabo velit et et. Ut nisi sapiente fugit accusamus eaque. Molestias et reprehenderit nisi vel. Aliquam explicabo quia odio officia delectus.', '1984-05-09 11:31:24');
INSERT INTO `messages` (`id`, `from_user_id`, `to_user_id`, `body`, `created_at`) VALUES ('20', '131', '131', 'Cumque ut autem consequatur veniam velit debitis. Vitae tempora consequatur id. Natus aut aliquid explicabo velit nobis voluptatem atque.', '2004-02-24 17:01:02');
INSERT INTO `messages` (`id`, `from_user_id`, `to_user_id`, `body`, `created_at`) VALUES ('21', '134', '134', 'Repudiandae a est voluptatem voluptas molestiae ab eos. Dolorem et et qui recusandae ipsum. Inventore harum id animi sed accusamus cupiditate vel. Rerum fugiat voluptatem autem et ratione dolorum voluptatibus.', '1991-05-22 00:37:09');
INSERT INTO `messages` (`id`, `from_user_id`, `to_user_id`, `body`, `created_at`) VALUES ('22', '135', '135', 'Odit molestiae et ut ea eius officiis nisi. Tempora ab numquam est. Autem qui tempora omnis odio atque debitis.', '1980-10-01 18:42:55');
INSERT INTO `messages` (`id`, `from_user_id`, `to_user_id`, `body`, `created_at`) VALUES ('23', '136', '136', 'Tempora incidunt doloribus eum aut dolor doloremque. Vitae facilis et sed esse alias rem consequatur. Sint nobis quidem quae repudiandae.', '1988-04-02 10:35:45');
INSERT INTO `messages` (`id`, `from_user_id`, `to_user_id`, `body`, `created_at`) VALUES ('24', '141', '141', 'Molestiae est aut error explicabo. Maiores ipsam qui sed reiciendis accusantium. Voluptatibus laboriosam quos sit qui amet. Perferendis suscipit ducimus aut eum quis dolores.', '2004-04-01 01:47:30');
INSERT INTO `messages` (`id`, `from_user_id`, `to_user_id`, `body`, `created_at`) VALUES ('25', '142', '142', 'Sed eum iste ex ut quibusdam. Iste exercitationem in sapiente numquam laudantium sequi odio magnam. Fuga occaecati facilis laudantium consequuntur natus quia laborum.', '2017-09-23 05:35:13');
INSERT INTO `messages` (`id`, `from_user_id`, `to_user_id`, `body`, `created_at`) VALUES ('26', '144', '144', 'Incidunt odit sunt et perspiciatis culpa at. Id aut commodi ex.', '1990-01-08 14:13:17');
INSERT INTO `messages` (`id`, `from_user_id`, `to_user_id`, `body`, `created_at`) VALUES ('27', '146', '146', 'Nemo nostrum vitae deleniti aperiam ea. Facilis iure ullam sapiente fugit officia ea sed. Rerum voluptatem qui consequatur hic. Asperiores quaerat quia et omnis.', '2008-07-23 21:16:46');
INSERT INTO `messages` (`id`, `from_user_id`, `to_user_id`, `body`, `created_at`) VALUES ('28', '147', '147', 'Et magni sit et deleniti. Iusto numquam aut quas voluptatem non quo autem veniam. Sit molestias expedita et dolorem cupiditate commodi.', '1997-04-03 17:05:43');
INSERT INTO `messages` (`id`, `from_user_id`, `to_user_id`, `body`, `created_at`) VALUES ('29', '148', '148', 'Voluptas facere minima architecto. Ut impedit similique nostrum accusamus. Maiores et ipsum illum illo non voluptatibus.', '1986-02-03 21:33:32');
INSERT INTO `messages` (`id`, `from_user_id`, `to_user_id`, `body`, `created_at`) VALUES ('30', '149', '149', 'Totam qui vel pariatur nulla facere. Iure deserunt maxime omnis sunt sit. Fugit voluptates nihil minima ad nam nam.', '1998-05-24 15:52:48');
INSERT INTO `messages` (`id`, `from_user_id`, `to_user_id`, `body`, `created_at`) VALUES ('31', '150', '150', 'Et quod iste eos eos asperiores maiores est. Qui nisi sunt quia unde. Reprehenderit beatae vitae non at sed.', '2010-12-28 18:41:29');
INSERT INTO `messages` (`id`, `from_user_id`, `to_user_id`, `body`, `created_at`) VALUES ('32', '151', '151', 'Aut reiciendis asperiores saepe tempora quis non recusandae. Rem ut blanditiis est molestiae id officiis. Mollitia consequatur voluptas ullam repellat expedita. Et nostrum autem totam quia exercitationem.', '2002-03-29 18:15:44');
INSERT INTO `messages` (`id`, `from_user_id`, `to_user_id`, `body`, `created_at`) VALUES ('33', '152', '152', 'Quis reiciendis sint soluta dolor in exercitationem. Ipsum pariatur sunt vel assumenda laboriosam eos. Odio et optio sequi rerum ipsa. A quod quo quisquam dolores est laboriosam aliquam.', '1995-11-23 22:49:01');
INSERT INTO `messages` (`id`, `from_user_id`, `to_user_id`, `body`, `created_at`) VALUES ('34', '153', '153', 'Odit rem dolore qui nam adipisci deleniti adipisci. Nam enim aut delectus nihil cum veniam quas.', '1980-05-25 09:19:42');
INSERT INTO `messages` (`id`, `from_user_id`, `to_user_id`, `body`, `created_at`) VALUES ('35', '154', '154', 'Optio minus voluptates qui nesciunt non omnis earum. Quas aperiam amet omnis est. Eaque necessitatibus alias cum ex deleniti hic nihil. Rerum in ut suscipit quas. Et ut ipsam voluptatem.', '1976-02-26 18:45:51');
INSERT INTO `messages` (`id`, `from_user_id`, `to_user_id`, `body`, `created_at`) VALUES ('36', '155', '155', 'Tempora dignissimos repellat recusandae iste nulla. Ut ut temporibus repellendus totam. Quia at et qui aut facere ipsum eos tempora.', '1998-12-05 11:47:33');
INSERT INTO `messages` (`id`, `from_user_id`, `to_user_id`, `body`, `created_at`) VALUES ('37', '159', '159', 'Cumque vitae porro explicabo quas. Minus et ducimus iusto ab. Consequatur et id sint facere ipsum rerum. Incidunt reprehenderit quia ducimus aspernatur harum harum.', '1988-12-18 00:02:35');
INSERT INTO `messages` (`id`, `from_user_id`, `to_user_id`, `body`, `created_at`) VALUES ('38', '163', '163', 'Voluptatem officiis consequatur culpa temporibus. Eos natus amet laborum voluptatem nostrum maiores. Perspiciatis dolores qui occaecati hic at atque.', '2013-02-16 04:14:42');
INSERT INTO `messages` (`id`, `from_user_id`, `to_user_id`, `body`, `created_at`) VALUES ('39', '165', '165', 'Laboriosam cum autem dolore optio enim libero inventore. Sint porro voluptatum sequi qui.', '2018-07-30 06:49:43');
INSERT INTO `messages` (`id`, `from_user_id`, `to_user_id`, `body`, `created_at`) VALUES ('40', '166', '166', 'Perspiciatis a rerum nemo. Qui error rerum nostrum laboriosam voluptas maxime. Voluptas magni velit minus ea sit. Dolorem nisi minus corrupti perspiciatis.', '2012-07-11 04:06:11');
INSERT INTO `messages` (`id`, `from_user_id`, `to_user_id`, `body`, `created_at`) VALUES ('41', '168', '168', 'Qui voluptas modi ipsa vitae natus. Enim labore quis commodi illo quia veritatis eum. Aut rem fugit eos omnis aliquam rerum. Pariatur maxime ipsam amet enim odit sint. Ea fugit cum ut neque illum voluptatem sint.', '2008-09-19 09:04:59');
INSERT INTO `messages` (`id`, `from_user_id`, `to_user_id`, `body`, `created_at`) VALUES ('42', '170', '170', 'Minima laboriosam quo aut vel. Et alias ut earum earum aut. Id sequi modi at tenetur ut omnis. Est aut optio dolorem pariatur.', '2000-10-22 14:19:17');
INSERT INTO `messages` (`id`, `from_user_id`, `to_user_id`, `body`, `created_at`) VALUES ('43', '171', '171', 'Tenetur dolorem et molestiae facilis qui. Omnis nulla provident consequatur soluta eveniet.', '2002-05-14 02:24:07');
INSERT INTO `messages` (`id`, `from_user_id`, `to_user_id`, `body`, `created_at`) VALUES ('44', '174', '174', 'Ut eaque et perspiciatis architecto nesciunt ratione. Dolore iusto aperiam consectetur quae magni quis. A sint doloremque hic dignissimos id numquam nemo. Mollitia sequi nihil enim voluptatem.', '2020-07-22 23:04:28');
INSERT INTO `messages` (`id`, `from_user_id`, `to_user_id`, `body`, `created_at`) VALUES ('45', '175', '175', 'Maxime ullam ullam quo non dolorem sequi officiis. Veritatis aut aperiam sed. Quaerat fugiat eos quis architecto.', '1984-04-11 12:17:45');
INSERT INTO `messages` (`id`, `from_user_id`, `to_user_id`, `body`, `created_at`) VALUES ('46', '176', '176', 'Consequatur consequatur maiores velit aut accusantium voluptas aliquid quidem. Sit ipsam itaque dolores ab voluptate autem molestiae. Est qui quasi non quos.', '1988-01-10 06:33:37');
INSERT INTO `messages` (`id`, `from_user_id`, `to_user_id`, `body`, `created_at`) VALUES ('47', '177', '177', 'Voluptatibus dolorem vel mollitia eligendi molestiae earum. Occaecati nisi et et et. Rerum et quis voluptas in animi. Nisi architecto labore aut soluta et.', '1972-11-24 21:37:33');
INSERT INTO `messages` (`id`, `from_user_id`, `to_user_id`, `body`, `created_at`) VALUES ('48', '178', '178', 'Voluptates nemo quam eum. Assumenda rerum vero deleniti et est aspernatur. Illum aut commodi perferendis labore aut facere eius.', '1983-02-08 02:03:54');
INSERT INTO `messages` (`id`, `from_user_id`, `to_user_id`, `body`, `created_at`) VALUES ('49', '179', '179', 'Vel quo culpa voluptate quia animi. Eos aut voluptas in voluptatem et iste. Et et sed laudantium in fugit sequi dicta. Sunt illum nemo debitis placeat consequuntur debitis.', '1984-07-10 09:02:30');
INSERT INTO `messages` (`id`, `from_user_id`, `to_user_id`, `body`, `created_at`) VALUES ('50', '181', '181', 'Repudiandae temporibus praesentium commodi eos pariatur aut. Voluptatibus sequi ex ratione odio amet aliquid alias. Omnis aut asperiores eos ut. Debitis suscipit iure vero aut voluptatem. Et accusamus omnis et aspernatur.', '2007-12-16 13:11:51');
INSERT INTO `messages` (`id`, `from_user_id`, `to_user_id`, `body`, `created_at`) VALUES ('51', '183', '183', 'Maiores voluptatem quasi quia. Exercitationem consectetur nesciunt repellendus et exercitationem nobis omnis. Iste laudantium quo dolores cumque dolore.', '2004-09-14 13:26:17');
INSERT INTO `messages` (`id`, `from_user_id`, `to_user_id`, `body`, `created_at`) VALUES ('52', '187', '187', 'Dolores animi aliquid labore est qui magni accusamus. Neque rerum nulla soluta libero. Eaque blanditiis veritatis repudiandae qui officia qui et atque.', '1979-01-11 01:27:28');
INSERT INTO `messages` (`id`, `from_user_id`, `to_user_id`, `body`, `created_at`) VALUES ('53', '188', '188', 'Id vero inventore vel sit laudantium. Rem possimus est cumque ea. Explicabo a fugiat quasi sint sunt possimus eum reprehenderit. A fugiat reprehenderit facere sint illum quod nihil.', '2003-11-19 01:33:29');
INSERT INTO `messages` (`id`, `from_user_id`, `to_user_id`, `body`, `created_at`) VALUES ('54', '190', '190', 'Neque voluptatem nobis veritatis dolor pariatur deleniti. Cumque quia dolor qui ipsum. Minima quibusdam animi provident quia consequuntur. Optio non ea et et sequi molestias at. Sunt autem nesciunt blanditiis.', '1996-09-05 03:19:25');
INSERT INTO `messages` (`id`, `from_user_id`, `to_user_id`, `body`, `created_at`) VALUES ('55', '192', '192', 'Magnam laborum eum ratione cupiditate numquam ut. Sed blanditiis molestiae soluta.', '2005-02-07 21:53:18');
INSERT INTO `messages` (`id`, `from_user_id`, `to_user_id`, `body`, `created_at`) VALUES ('56', '195', '195', 'Porro occaecati necessitatibus reiciendis explicabo quo culpa nihil. Velit nemo cum fugiat soluta aut recusandae. Odit necessitatibus magnam laudantium sit. Et ducimus ea voluptatibus.', '1971-05-04 17:52:58');
INSERT INTO `messages` (`id`, `from_user_id`, `to_user_id`, `body`, `created_at`) VALUES ('57', '196', '196', 'Velit libero distinctio aut et sunt voluptatem facilis voluptatem. Odio voluptatem veritatis aut magnam. Accusamus enim adipisci omnis quam unde. Esse ut quas qui sunt quis voluptates. Sed non quaerat quam et assumenda voluptatem.', '2016-09-09 01:35:29');
INSERT INTO `messages` (`id`, `from_user_id`, `to_user_id`, `body`, `created_at`) VALUES ('58', '197', '197', 'Odio consequatur unde illo placeat earum hic voluptatem. Laudantium nostrum quo ipsa. Beatae aut totam fugiat provident praesentium sunt. Facilis totam beatae omnis aut optio quo velit sapiente.', '1994-05-01 19:17:06');
INSERT INTO `messages` (`id`, `from_user_id`, `to_user_id`, `body`, `created_at`) VALUES ('59', '199', '199', 'Voluptatibus laborum a laudantium ut et et. Est voluptatem qui quia et in inventore explicabo perspiciatis. Quas ducimus voluptates vero dolor velit doloribus. Rem ducimus placeat vel harum et tempore.', '2006-04-21 13:59:09');
INSERT INTO `messages` (`id`, `from_user_id`, `to_user_id`, `body`, `created_at`) VALUES ('60', '200', '200', 'Et reiciendis doloribus est commodi eum. Totam aliquam ut pariatur consequuntur. A adipisci praesentium expedita alias aperiam nihil. Beatae id occaecati minus sequi voluptatem ea sequi.', '2018-10-13 10:32:10');
INSERT INTO `messages` (`id`, `from_user_id`, `to_user_id`, `body`, `created_at`) VALUES ('61', '101', '101', 'Voluptates ut expedita quia. Ut eius doloremque quis. Quaerat dolorum ut necessitatibus enim nihil maxime.', '2003-03-11 12:38:15');
INSERT INTO `messages` (`id`, `from_user_id`, `to_user_id`, `body`, `created_at`) VALUES ('62', '102', '102', 'Amet quis perspiciatis atque necessitatibus tempora aut. Et distinctio dignissimos ea possimus adipisci repellendus. Doloribus laudantium sit accusamus voluptas nulla consequatur ipsam. Nihil labore id ab earum in sed ut iste.', '1988-03-09 10:32:13');
INSERT INTO `messages` (`id`, `from_user_id`, `to_user_id`, `body`, `created_at`) VALUES ('63', '104', '104', 'Eos repellendus et praesentium nulla. Architecto repudiandae exercitationem consequuntur incidunt delectus. Maxime sequi voluptas aut quo voluptatibus autem fugiat. Delectus est corporis aut aut.', '1976-08-25 09:39:14');
INSERT INTO `messages` (`id`, `from_user_id`, `to_user_id`, `body`, `created_at`) VALUES ('64', '105', '105', 'Amet modi perferendis maxime et consequatur quaerat. Exercitationem quo et qui est similique ut cupiditate animi. Eum maxime iusto velit et veritatis. Temporibus aut facere necessitatibus repudiandae qui est.', '2010-08-20 02:54:31');
INSERT INTO `messages` (`id`, `from_user_id`, `to_user_id`, `body`, `created_at`) VALUES ('65', '107', '107', 'Expedita vitae est exercitationem et omnis rem. Dolores alias officiis qui eum. Eius ex unde repudiandae omnis omnis quasi.', '1989-04-18 08:37:24');
INSERT INTO `messages` (`id`, `from_user_id`, `to_user_id`, `body`, `created_at`) VALUES ('66', '108', '108', 'Dolore illum enim repellat aut ut id. A cum repellendus dicta eos. Et rem autem eius veniam tempora.', '2014-03-06 15:58:24');
INSERT INTO `messages` (`id`, `from_user_id`, `to_user_id`, `body`, `created_at`) VALUES ('67', '109', '109', 'Qui nobis est sequi corporis. Asperiores reiciendis et enim magni doloribus saepe saepe. Velit dolorem non consequatur possimus libero ea quas. Nobis et sequi nostrum minima.', '1980-08-22 16:00:05');
INSERT INTO `messages` (`id`, `from_user_id`, `to_user_id`, `body`, `created_at`) VALUES ('68', '110', '110', 'Pariatur fuga at qui aliquid voluptatem. Et error aspernatur id architecto est. Modi totam vero aperiam ut qui rerum cupiditate. Tempora quibusdam nisi soluta sed commodi.', '2009-11-23 13:26:07');
INSERT INTO `messages` (`id`, `from_user_id`, `to_user_id`, `body`, `created_at`) VALUES ('69', '111', '111', 'Libero temporibus ut nisi sed dolorem eius. Eveniet tempora earum aliquid doloremque. Molestiae sed rerum dignissimos doloribus ea explicabo eaque. Nisi non ullam quam autem ea sit.', '2010-12-24 05:20:29');
INSERT INTO `messages` (`id`, `from_user_id`, `to_user_id`, `body`, `created_at`) VALUES ('70', '112', '112', 'Enim possimus nam recusandae dolorum laborum ut commodi pariatur. Aut voluptatem tenetur qui. Deserunt hic inventore atque dolorum laboriosam reiciendis sed sint.', '2000-03-07 02:37:05');
INSERT INTO `messages` (`id`, `from_user_id`, `to_user_id`, `body`, `created_at`) VALUES ('71', '113', '113', 'Dolores inventore qui molestiae quia. Eius laborum perferendis alias numquam omnis sed quos. Molestiae deleniti blanditiis iste eius maxime occaecati.', '1990-03-30 09:59:19');
INSERT INTO `messages` (`id`, `from_user_id`, `to_user_id`, `body`, `created_at`) VALUES ('72', '114', '114', 'Omnis aut necessitatibus quaerat soluta veniam. Sed temporibus vero voluptatem quia et dolorum qui. Quas facilis blanditiis eaque ipsum libero.', '1988-08-15 19:17:52');
INSERT INTO `messages` (`id`, `from_user_id`, `to_user_id`, `body`, `created_at`) VALUES ('73', '115', '115', 'Nam a similique eligendi omnis. Quo dolor aut animi voluptates dolorum. Excepturi suscipit ullam ducimus eaque et. Tempora debitis ratione odit consequatur.', '2018-01-31 01:49:00');
INSERT INTO `messages` (`id`, `from_user_id`, `to_user_id`, `body`, `created_at`) VALUES ('74', '116', '116', 'Doloribus totam corporis corporis velit nesciunt. Quos ab unde reprehenderit soluta quibusdam ut natus. Et error aliquid occaecati optio itaque qui. Voluptate minima voluptatum dolor et molestiae dolor deserunt voluptas.', '1999-07-20 10:59:30');
INSERT INTO `messages` (`id`, `from_user_id`, `to_user_id`, `body`, `created_at`) VALUES ('75', '117', '117', 'Deleniti debitis tempore tempore rerum. Optio consectetur aperiam quod eveniet rerum veniam. Quis qui ratione enim delectus atque.', '2014-01-26 03:24:41');
INSERT INTO `messages` (`id`, `from_user_id`, `to_user_id`, `body`, `created_at`) VALUES ('76', '118', '118', 'Et ratione ratione animi commodi. Natus maxime dolorem sapiente quas repellendus. Sunt voluptatem ut ullam quibusdam. Autem eum autem odit veniam aperiam aliquam.', '2010-01-11 02:21:17');
INSERT INTO `messages` (`id`, `from_user_id`, `to_user_id`, `body`, `created_at`) VALUES ('77', '119', '119', 'At voluptatem hic unde est. Consequatur minus natus ab deserunt minus quibusdam qui. Quis impedit saepe eius voluptatem pariatur. Autem ullam incidunt enim repellendus accusantium. Magnam repudiandae sint consequatur nihil eos doloremque aut.', '1980-01-09 00:18:30');
INSERT INTO `messages` (`id`, `from_user_id`, `to_user_id`, `body`, `created_at`) VALUES ('78', '120', '120', 'Omnis quae impedit commodi harum. Possimus et repellendus aut totam repellat. Nihil quod sed vitae voluptas. Quos sunt et quisquam et.', '1993-01-20 13:51:53');
INSERT INTO `messages` (`id`, `from_user_id`, `to_user_id`, `body`, `created_at`) VALUES ('79', '128', '128', 'Ut vero et non. Architecto quae est labore nam commodi facilis. Ut eum fuga autem facere quia saepe doloremque.', '2006-10-16 13:09:44');
INSERT INTO `messages` (`id`, `from_user_id`, `to_user_id`, `body`, `created_at`) VALUES ('80', '131', '131', 'Hic facere illum laudantium perspiciatis. Voluptatibus qui in temporibus et reiciendis. Veritatis perspiciatis illo recusandae. Dolore expedita eos explicabo impedit. Est culpa est nihil necessitatibus at architecto maxime.', '2011-12-07 09:11:14');
INSERT INTO `messages` (`id`, `from_user_id`, `to_user_id`, `body`, `created_at`) VALUES ('81', '134', '134', 'Porro amet est voluptatem tempora illum consectetur. Vitae molestiae voluptatem qui explicabo consectetur. Aperiam quae quis itaque aut.', '2016-02-16 18:44:19');
INSERT INTO `messages` (`id`, `from_user_id`, `to_user_id`, `body`, `created_at`) VALUES ('82', '135', '135', 'Rerum hic amet earum. Non aut nihil sequi quia vel nulla assumenda.', '1996-04-15 16:44:21');
INSERT INTO `messages` (`id`, `from_user_id`, `to_user_id`, `body`, `created_at`) VALUES ('83', '136', '136', 'Odit et iste quis culpa. Soluta dicta molestiae sequi sunt iure sed est. Voluptatem voluptatem rerum blanditiis in fuga consequatur omnis.', '2020-02-19 16:36:35');
INSERT INTO `messages` (`id`, `from_user_id`, `to_user_id`, `body`, `created_at`) VALUES ('84', '141', '141', 'Fugiat ipsum sed quasi est deserunt. Nobis laboriosam voluptatibus autem aperiam perferendis ab et. Similique ducimus mollitia dolorem tempore occaecati itaque laborum. Molestiae nam nulla excepturi sit modi. Odit qui quisquam illum consequuntur soluta ab.', '2021-02-11 07:47:01');
INSERT INTO `messages` (`id`, `from_user_id`, `to_user_id`, `body`, `created_at`) VALUES ('85', '142', '142', 'Sit numquam dolorem velit magnam est iste. Illo qui excepturi necessitatibus nulla architecto animi. Sit inventore et sed tenetur perspiciatis quia non.', '1979-08-03 14:49:26');
INSERT INTO `messages` (`id`, `from_user_id`, `to_user_id`, `body`, `created_at`) VALUES ('86', '144', '144', 'Nihil eligendi eum laudantium facilis. Ex enim in quisquam minus distinctio consequatur sapiente. At nihil aut sapiente labore ipsum aliquam ipsum ut.', '1995-10-30 10:25:35');
INSERT INTO `messages` (`id`, `from_user_id`, `to_user_id`, `body`, `created_at`) VALUES ('87', '146', '146', 'Aut debitis fugit et voluptatibus. Est illum inventore excepturi aspernatur qui. Dicta aut nemo sit et totam. Aut voluptatum molestiae accusantium nisi ratione.', '1974-02-11 03:18:37');
INSERT INTO `messages` (`id`, `from_user_id`, `to_user_id`, `body`, `created_at`) VALUES ('88', '147', '147', 'Assumenda quia et quos dolorem facilis aut. Inventore harum rerum harum fuga. Sit deleniti at harum omnis excepturi ea debitis.', '1976-08-11 02:28:44');
INSERT INTO `messages` (`id`, `from_user_id`, `to_user_id`, `body`, `created_at`) VALUES ('89', '148', '148', 'Veritatis distinctio adipisci dolor modi nemo eum. Numquam occaecati error ipsa natus. Nihil saepe omnis ad cum a dignissimos harum non.', '1978-11-06 10:05:59');
INSERT INTO `messages` (`id`, `from_user_id`, `to_user_id`, `body`, `created_at`) VALUES ('90', '149', '149', 'Qui aut et ab ratione ipsum. Ipsum voluptatem corrupti tempora. Rerum deserunt molestiae neque illum voluptas voluptatem aut. Dolorem ut dolorum et eum voluptates sit dolor laborum.', '2012-04-06 07:31:06');
INSERT INTO `messages` (`id`, `from_user_id`, `to_user_id`, `body`, `created_at`) VALUES ('91', '150', '150', 'Aut ab illo quam voluptas sed. Doloribus eos beatae qui quia amet.', '1997-11-17 17:02:10');
INSERT INTO `messages` (`id`, `from_user_id`, `to_user_id`, `body`, `created_at`) VALUES ('92', '151', '151', 'In et et repellat soluta vitae autem ab ab. Accusantium enim dignissimos qui. Praesentium repudiandae magnam dolorum et architecto quia qui. Eos sed dolor impedit.', '1974-11-29 18:18:56');
INSERT INTO `messages` (`id`, `from_user_id`, `to_user_id`, `body`, `created_at`) VALUES ('93', '152', '152', 'Non sequi ut laboriosam quidem quisquam qui aut harum. Cum deserunt voluptas unde maiores. Nisi perferendis molestiae ex itaque facilis. Quasi architecto et recusandae rerum et reprehenderit quaerat.', '1978-06-17 02:11:40');
INSERT INTO `messages` (`id`, `from_user_id`, `to_user_id`, `body`, `created_at`) VALUES ('94', '153', '153', 'Totam earum repellendus omnis accusamus natus et corrupti. Autem itaque at pariatur id reprehenderit. Error id est deserunt quas explicabo quaerat aut. Est excepturi rem quaerat illum.', '2011-04-23 12:19:04');
INSERT INTO `messages` (`id`, `from_user_id`, `to_user_id`, `body`, `created_at`) VALUES ('95', '154', '154', 'Temporibus sapiente ab provident dolorum officia sed. Voluptatum ipsum et officiis incidunt. Sit sit quaerat placeat voluptatibus dignissimos.', '1975-08-17 20:58:14');
INSERT INTO `messages` (`id`, `from_user_id`, `to_user_id`, `body`, `created_at`) VALUES ('96', '155', '155', 'Et sit ab autem eligendi. Assumenda consequatur quia odit. Tempore quo ut iste necessitatibus numquam enim non. Dicta debitis ea temporibus nisi illo vel quo totam.', '1976-02-24 01:13:54');
INSERT INTO `messages` (`id`, `from_user_id`, `to_user_id`, `body`, `created_at`) VALUES ('97', '159', '159', 'Nulla delectus sapiente reprehenderit. Nisi pariatur omnis nobis possimus dolorem sint in. Dolores asperiores quia voluptatibus error id iusto voluptas.', '1979-06-23 08:56:04');
INSERT INTO `messages` (`id`, `from_user_id`, `to_user_id`, `body`, `created_at`) VALUES ('98', '163', '163', 'Ratione cum sit id omnis eligendi. Sit mollitia sunt dolorem magni tempore laborum fugiat. Temporibus molestiae occaecati voluptatum quisquam eum doloremque.', '1996-01-20 11:07:18');
INSERT INTO `messages` (`id`, `from_user_id`, `to_user_id`, `body`, `created_at`) VALUES ('99', '165', '165', 'Unde voluptatem animi fuga maiores aut laborum. Quis reiciendis consequatur qui atque. Rerum ipsa et quis soluta. Aut placeat voluptatem adipisci doloremque sed et.', '1975-01-08 20:56:07');
INSERT INTO `messages` (`id`, `from_user_id`, `to_user_id`, `body`, `created_at`) VALUES ('100', '166', '166', 'Odit unde corrupti beatae aut repellendus reiciendis odit. Hic necessitatibus similique doloribus rerum. Animi velit soluta officiis quae animi quas ut. Architecto repellendus dolores perspiciatis animi ullam.', '1982-01-03 02:09:15');


#
# TABLE STRUCTURE FOR: photo_albums
#

DROP TABLE IF EXISTS `photo_albums`;

CREATE TABLE `photo_albums` (
  `id` bigint(20) unsigned NOT NULL AUTO_INCREMENT,
  `name` varchar(255) COLLATE utf8mb4_unicode_ci DEFAULT NULL,
  `user_id` bigint(20) unsigned DEFAULT NULL,
  PRIMARY KEY (`id`),
  UNIQUE KEY `id` (`id`),
  KEY `user_id` (`user_id`),
  CONSTRAINT `photo_albums_ibfk_1` FOREIGN KEY (`user_id`) REFERENCES `users` (`id`)
) ENGINE=InnoDB AUTO_INCREMENT=101 DEFAULT CHARSET=utf8mb4 COLLATE=utf8mb4_unicode_ci;

INSERT INTO `photo_albums` (`id`, `name`, `user_id`) VALUES ('1', 'doloremque', '101');
INSERT INTO `photo_albums` (`id`, `name`, `user_id`) VALUES ('2', 'culpa', '102');
INSERT INTO `photo_albums` (`id`, `name`, `user_id`) VALUES ('3', 'id', '104');
INSERT INTO `photo_albums` (`id`, `name`, `user_id`) VALUES ('4', 'necessitatibus', '105');
INSERT INTO `photo_albums` (`id`, `name`, `user_id`) VALUES ('5', 'praesentium', '107');
INSERT INTO `photo_albums` (`id`, `name`, `user_id`) VALUES ('6', 'ratione', '108');
INSERT INTO `photo_albums` (`id`, `name`, `user_id`) VALUES ('7', 'minus', '109');
INSERT INTO `photo_albums` (`id`, `name`, `user_id`) VALUES ('8', 'quia', '110');
INSERT INTO `photo_albums` (`id`, `name`, `user_id`) VALUES ('9', 'rerum', '111');
INSERT INTO `photo_albums` (`id`, `name`, `user_id`) VALUES ('10', 'aut', '112');
INSERT INTO `photo_albums` (`id`, `name`, `user_id`) VALUES ('11', 'facere', '113');
INSERT INTO `photo_albums` (`id`, `name`, `user_id`) VALUES ('12', 'quis', '114');
INSERT INTO `photo_albums` (`id`, `name`, `user_id`) VALUES ('13', 'ad', '115');
INSERT INTO `photo_albums` (`id`, `name`, `user_id`) VALUES ('14', 'distinctio', '116');
INSERT INTO `photo_albums` (`id`, `name`, `user_id`) VALUES ('15', 'suscipit', '117');
INSERT INTO `photo_albums` (`id`, `name`, `user_id`) VALUES ('16', 'aut', '118');
INSERT INTO `photo_albums` (`id`, `name`, `user_id`) VALUES ('17', 'molestiae', '119');
INSERT INTO `photo_albums` (`id`, `name`, `user_id`) VALUES ('18', 'ea', '120');
INSERT INTO `photo_albums` (`id`, `name`, `user_id`) VALUES ('19', 'ipsam', '128');
INSERT INTO `photo_albums` (`id`, `name`, `user_id`) VALUES ('20', 'esse', '131');
INSERT INTO `photo_albums` (`id`, `name`, `user_id`) VALUES ('21', 'aut', '134');
INSERT INTO `photo_albums` (`id`, `name`, `user_id`) VALUES ('22', 'dolorem', '135');
INSERT INTO `photo_albums` (`id`, `name`, `user_id`) VALUES ('23', 'neque', '136');
INSERT INTO `photo_albums` (`id`, `name`, `user_id`) VALUES ('24', 'autem', '141');
INSERT INTO `photo_albums` (`id`, `name`, `user_id`) VALUES ('25', 'qui', '142');
INSERT INTO `photo_albums` (`id`, `name`, `user_id`) VALUES ('26', 'voluptatum', '144');
INSERT INTO `photo_albums` (`id`, `name`, `user_id`) VALUES ('27', 'occaecati', '146');
INSERT INTO `photo_albums` (`id`, `name`, `user_id`) VALUES ('28', 'aut', '147');
INSERT INTO `photo_albums` (`id`, `name`, `user_id`) VALUES ('29', 'reiciendis', '148');
INSERT INTO `photo_albums` (`id`, `name`, `user_id`) VALUES ('30', 'doloremque', '149');
INSERT INTO `photo_albums` (`id`, `name`, `user_id`) VALUES ('31', 'nemo', '150');
INSERT INTO `photo_albums` (`id`, `name`, `user_id`) VALUES ('32', 'mollitia', '151');
INSERT INTO `photo_albums` (`id`, `name`, `user_id`) VALUES ('33', 'harum', '152');
INSERT INTO `photo_albums` (`id`, `name`, `user_id`) VALUES ('34', 'natus', '153');
INSERT INTO `photo_albums` (`id`, `name`, `user_id`) VALUES ('35', 'non', '154');
INSERT INTO `photo_albums` (`id`, `name`, `user_id`) VALUES ('36', 'officiis', '155');
INSERT INTO `photo_albums` (`id`, `name`, `user_id`) VALUES ('37', 'voluptatem', '159');
INSERT INTO `photo_albums` (`id`, `name`, `user_id`) VALUES ('38', 'autem', '163');
INSERT INTO `photo_albums` (`id`, `name`, `user_id`) VALUES ('39', 'repellat', '165');
INSERT INTO `photo_albums` (`id`, `name`, `user_id`) VALUES ('40', 'temporibus', '166');
INSERT INTO `photo_albums` (`id`, `name`, `user_id`) VALUES ('41', 'quos', '168');
INSERT INTO `photo_albums` (`id`, `name`, `user_id`) VALUES ('42', 'facere', '170');
INSERT INTO `photo_albums` (`id`, `name`, `user_id`) VALUES ('43', 'deleniti', '171');
INSERT INTO `photo_albums` (`id`, `name`, `user_id`) VALUES ('44', 'eius', '174');
INSERT INTO `photo_albums` (`id`, `name`, `user_id`) VALUES ('45', 'voluptatem', '175');
INSERT INTO `photo_albums` (`id`, `name`, `user_id`) VALUES ('46', 'aut', '176');
INSERT INTO `photo_albums` (`id`, `name`, `user_id`) VALUES ('47', 'ipsam', '177');
INSERT INTO `photo_albums` (`id`, `name`, `user_id`) VALUES ('48', 'quidem', '178');
INSERT INTO `photo_albums` (`id`, `name`, `user_id`) VALUES ('49', 'ipsam', '179');
INSERT INTO `photo_albums` (`id`, `name`, `user_id`) VALUES ('50', 'id', '181');
INSERT INTO `photo_albums` (`id`, `name`, `user_id`) VALUES ('51', 'ut', '183');
INSERT INTO `photo_albums` (`id`, `name`, `user_id`) VALUES ('52', 'eos', '187');
INSERT INTO `photo_albums` (`id`, `name`, `user_id`) VALUES ('53', 'facere', '188');
INSERT INTO `photo_albums` (`id`, `name`, `user_id`) VALUES ('54', 'dolorum', '190');
INSERT INTO `photo_albums` (`id`, `name`, `user_id`) VALUES ('55', 'tempora', '192');
INSERT INTO `photo_albums` (`id`, `name`, `user_id`) VALUES ('56', 'possimus', '195');
INSERT INTO `photo_albums` (`id`, `name`, `user_id`) VALUES ('57', 'aut', '196');
INSERT INTO `photo_albums` (`id`, `name`, `user_id`) VALUES ('58', 'repellendus', '197');
INSERT INTO `photo_albums` (`id`, `name`, `user_id`) VALUES ('59', 'dolorem', '199');
INSERT INTO `photo_albums` (`id`, `name`, `user_id`) VALUES ('60', 'tempore', '200');
INSERT INTO `photo_albums` (`id`, `name`, `user_id`) VALUES ('61', 'soluta', '101');
INSERT INTO `photo_albums` (`id`, `name`, `user_id`) VALUES ('62', 'reprehenderit', '102');
INSERT INTO `photo_albums` (`id`, `name`, `user_id`) VALUES ('63', 'ut', '104');
INSERT INTO `photo_albums` (`id`, `name`, `user_id`) VALUES ('64', 'quaerat', '105');
INSERT INTO `photo_albums` (`id`, `name`, `user_id`) VALUES ('65', 'dolores', '107');
INSERT INTO `photo_albums` (`id`, `name`, `user_id`) VALUES ('66', 'alias', '108');
INSERT INTO `photo_albums` (`id`, `name`, `user_id`) VALUES ('67', 'est', '109');
INSERT INTO `photo_albums` (`id`, `name`, `user_id`) VALUES ('68', 'at', '110');
INSERT INTO `photo_albums` (`id`, `name`, `user_id`) VALUES ('69', 'aperiam', '111');
INSERT INTO `photo_albums` (`id`, `name`, `user_id`) VALUES ('70', 'veniam', '112');
INSERT INTO `photo_albums` (`id`, `name`, `user_id`) VALUES ('71', 'sed', '113');
INSERT INTO `photo_albums` (`id`, `name`, `user_id`) VALUES ('72', 'autem', '114');
INSERT INTO `photo_albums` (`id`, `name`, `user_id`) VALUES ('73', 'enim', '115');
INSERT INTO `photo_albums` (`id`, `name`, `user_id`) VALUES ('74', 'qui', '116');
INSERT INTO `photo_albums` (`id`, `name`, `user_id`) VALUES ('75', 'quasi', '117');
INSERT INTO `photo_albums` (`id`, `name`, `user_id`) VALUES ('76', 'optio', '118');
INSERT INTO `photo_albums` (`id`, `name`, `user_id`) VALUES ('77', 'in', '119');
INSERT INTO `photo_albums` (`id`, `name`, `user_id`) VALUES ('78', 'quod', '120');
INSERT INTO `photo_albums` (`id`, `name`, `user_id`) VALUES ('79', 'eos', '128');
INSERT INTO `photo_albums` (`id`, `name`, `user_id`) VALUES ('80', 'fugiat', '131');
INSERT INTO `photo_albums` (`id`, `name`, `user_id`) VALUES ('81', 'eum', '134');
INSERT INTO `photo_albums` (`id`, `name`, `user_id`) VALUES ('82', 'dolores', '135');
INSERT INTO `photo_albums` (`id`, `name`, `user_id`) VALUES ('83', 'temporibus', '136');
INSERT INTO `photo_albums` (`id`, `name`, `user_id`) VALUES ('84', 'exercitationem', '141');
INSERT INTO `photo_albums` (`id`, `name`, `user_id`) VALUES ('85', 'ratione', '142');
INSERT INTO `photo_albums` (`id`, `name`, `user_id`) VALUES ('86', 'quibusdam', '144');
INSERT INTO `photo_albums` (`id`, `name`, `user_id`) VALUES ('87', 'vel', '146');
INSERT INTO `photo_albums` (`id`, `name`, `user_id`) VALUES ('88', 'et', '147');
INSERT INTO `photo_albums` (`id`, `name`, `user_id`) VALUES ('89', 'autem', '148');
INSERT INTO `photo_albums` (`id`, `name`, `user_id`) VALUES ('90', 'animi', '149');
INSERT INTO `photo_albums` (`id`, `name`, `user_id`) VALUES ('91', 'velit', '150');
INSERT INTO `photo_albums` (`id`, `name`, `user_id`) VALUES ('92', 'saepe', '151');
INSERT INTO `photo_albums` (`id`, `name`, `user_id`) VALUES ('93', 'cumque', '152');
INSERT INTO `photo_albums` (`id`, `name`, `user_id`) VALUES ('94', 'qui', '153');
INSERT INTO `photo_albums` (`id`, `name`, `user_id`) VALUES ('95', 'dolor', '154');
INSERT INTO `photo_albums` (`id`, `name`, `user_id`) VALUES ('96', 'labore', '155');
INSERT INTO `photo_albums` (`id`, `name`, `user_id`) VALUES ('97', 'ex', '159');
INSERT INTO `photo_albums` (`id`, `name`, `user_id`) VALUES ('98', 'officia', '163');
INSERT INTO `photo_albums` (`id`, `name`, `user_id`) VALUES ('99', 'unde', '165');
INSERT INTO `photo_albums` (`id`, `name`, `user_id`) VALUES ('100', 'molestias', '166');


#
# TABLE STRUCTURE FOR: photos
#

DROP TABLE IF EXISTS `photos`;

CREATE TABLE `photos` (
  `id` bigint(20) unsigned NOT NULL AUTO_INCREMENT,
  `album_id` bigint(20) unsigned DEFAULT NULL,
  `media_id` bigint(20) unsigned NOT NULL,
  UNIQUE KEY `id` (`id`),
  KEY `album_id` (`album_id`),
  KEY `media_id` (`media_id`),
  CONSTRAINT `photos_ibfk_1` FOREIGN KEY (`album_id`) REFERENCES `photo_albums` (`id`),
  CONSTRAINT `photos_ibfk_2` FOREIGN KEY (`media_id`) REFERENCES `media` (`id`)
) ENGINE=InnoDB AUTO_INCREMENT=101 DEFAULT CHARSET=utf8mb4 COLLATE=utf8mb4_unicode_ci;

INSERT INTO `photos` (`id`, `album_id`, `media_id`) VALUES ('1', '1', '1');
INSERT INTO `photos` (`id`, `album_id`, `media_id`) VALUES ('2', '2', '2');
INSERT INTO `photos` (`id`, `album_id`, `media_id`) VALUES ('3', '3', '3');
INSERT INTO `photos` (`id`, `album_id`, `media_id`) VALUES ('4', '4', '4');
INSERT INTO `photos` (`id`, `album_id`, `media_id`) VALUES ('5', '5', '5');
INSERT INTO `photos` (`id`, `album_id`, `media_id`) VALUES ('6', '6', '6');
INSERT INTO `photos` (`id`, `album_id`, `media_id`) VALUES ('7', '7', '7');
INSERT INTO `photos` (`id`, `album_id`, `media_id`) VALUES ('8', '8', '8');
INSERT INTO `photos` (`id`, `album_id`, `media_id`) VALUES ('9', '9', '9');
INSERT INTO `photos` (`id`, `album_id`, `media_id`) VALUES ('10', '10', '10');
INSERT INTO `photos` (`id`, `album_id`, `media_id`) VALUES ('11', '11', '11');
INSERT INTO `photos` (`id`, `album_id`, `media_id`) VALUES ('12', '12', '12');
INSERT INTO `photos` (`id`, `album_id`, `media_id`) VALUES ('13', '13', '13');
INSERT INTO `photos` (`id`, `album_id`, `media_id`) VALUES ('14', '14', '14');
INSERT INTO `photos` (`id`, `album_id`, `media_id`) VALUES ('15', '15', '15');
INSERT INTO `photos` (`id`, `album_id`, `media_id`) VALUES ('16', '16', '16');
INSERT INTO `photos` (`id`, `album_id`, `media_id`) VALUES ('17', '17', '17');
INSERT INTO `photos` (`id`, `album_id`, `media_id`) VALUES ('18', '18', '18');
INSERT INTO `photos` (`id`, `album_id`, `media_id`) VALUES ('19', '19', '19');
INSERT INTO `photos` (`id`, `album_id`, `media_id`) VALUES ('20', '20', '20');
INSERT INTO `photos` (`id`, `album_id`, `media_id`) VALUES ('21', '21', '21');
INSERT INTO `photos` (`id`, `album_id`, `media_id`) VALUES ('22', '22', '22');
INSERT INTO `photos` (`id`, `album_id`, `media_id`) VALUES ('23', '23', '23');
INSERT INTO `photos` (`id`, `album_id`, `media_id`) VALUES ('24', '24', '24');
INSERT INTO `photos` (`id`, `album_id`, `media_id`) VALUES ('25', '25', '25');
INSERT INTO `photos` (`id`, `album_id`, `media_id`) VALUES ('26', '26', '26');
INSERT INTO `photos` (`id`, `album_id`, `media_id`) VALUES ('27', '27', '27');
INSERT INTO `photos` (`id`, `album_id`, `media_id`) VALUES ('28', '28', '28');
INSERT INTO `photos` (`id`, `album_id`, `media_id`) VALUES ('29', '29', '29');
INSERT INTO `photos` (`id`, `album_id`, `media_id`) VALUES ('30', '30', '30');
INSERT INTO `photos` (`id`, `album_id`, `media_id`) VALUES ('31', '31', '31');
INSERT INTO `photos` (`id`, `album_id`, `media_id`) VALUES ('32', '32', '32');
INSERT INTO `photos` (`id`, `album_id`, `media_id`) VALUES ('33', '33', '33');
INSERT INTO `photos` (`id`, `album_id`, `media_id`) VALUES ('34', '34', '34');
INSERT INTO `photos` (`id`, `album_id`, `media_id`) VALUES ('35', '35', '35');
INSERT INTO `photos` (`id`, `album_id`, `media_id`) VALUES ('36', '36', '36');
INSERT INTO `photos` (`id`, `album_id`, `media_id`) VALUES ('37', '37', '37');
INSERT INTO `photos` (`id`, `album_id`, `media_id`) VALUES ('38', '38', '38');
INSERT INTO `photos` (`id`, `album_id`, `media_id`) VALUES ('39', '39', '39');
INSERT INTO `photos` (`id`, `album_id`, `media_id`) VALUES ('40', '40', '40');
INSERT INTO `photos` (`id`, `album_id`, `media_id`) VALUES ('41', '41', '41');
INSERT INTO `photos` (`id`, `album_id`, `media_id`) VALUES ('42', '42', '42');
INSERT INTO `photos` (`id`, `album_id`, `media_id`) VALUES ('43', '43', '43');
INSERT INTO `photos` (`id`, `album_id`, `media_id`) VALUES ('44', '44', '44');
INSERT INTO `photos` (`id`, `album_id`, `media_id`) VALUES ('45', '45', '45');
INSERT INTO `photos` (`id`, `album_id`, `media_id`) VALUES ('46', '46', '46');
INSERT INTO `photos` (`id`, `album_id`, `media_id`) VALUES ('47', '47', '47');
INSERT INTO `photos` (`id`, `album_id`, `media_id`) VALUES ('48', '48', '48');
INSERT INTO `photos` (`id`, `album_id`, `media_id`) VALUES ('49', '49', '49');
INSERT INTO `photos` (`id`, `album_id`, `media_id`) VALUES ('50', '50', '50');
INSERT INTO `photos` (`id`, `album_id`, `media_id`) VALUES ('51', '51', '51');
INSERT INTO `photos` (`id`, `album_id`, `media_id`) VALUES ('52', '52', '52');
INSERT INTO `photos` (`id`, `album_id`, `media_id`) VALUES ('53', '53', '53');
INSERT INTO `photos` (`id`, `album_id`, `media_id`) VALUES ('54', '54', '54');
INSERT INTO `photos` (`id`, `album_id`, `media_id`) VALUES ('55', '55', '55');
INSERT INTO `photos` (`id`, `album_id`, `media_id`) VALUES ('56', '56', '56');
INSERT INTO `photos` (`id`, `album_id`, `media_id`) VALUES ('57', '57', '57');
INSERT INTO `photos` (`id`, `album_id`, `media_id`) VALUES ('58', '58', '58');
INSERT INTO `photos` (`id`, `album_id`, `media_id`) VALUES ('59', '59', '59');
INSERT INTO `photos` (`id`, `album_id`, `media_id`) VALUES ('60', '60', '60');
INSERT INTO `photos` (`id`, `album_id`, `media_id`) VALUES ('61', '61', '61');
INSERT INTO `photos` (`id`, `album_id`, `media_id`) VALUES ('62', '62', '62');
INSERT INTO `photos` (`id`, `album_id`, `media_id`) VALUES ('63', '63', '63');
INSERT INTO `photos` (`id`, `album_id`, `media_id`) VALUES ('64', '64', '64');
INSERT INTO `photos` (`id`, `album_id`, `media_id`) VALUES ('65', '65', '65');
INSERT INTO `photos` (`id`, `album_id`, `media_id`) VALUES ('66', '66', '66');
INSERT INTO `photos` (`id`, `album_id`, `media_id`) VALUES ('67', '67', '67');
INSERT INTO `photos` (`id`, `album_id`, `media_id`) VALUES ('68', '68', '68');
INSERT INTO `photos` (`id`, `album_id`, `media_id`) VALUES ('69', '69', '69');
INSERT INTO `photos` (`id`, `album_id`, `media_id`) VALUES ('70', '70', '70');
INSERT INTO `photos` (`id`, `album_id`, `media_id`) VALUES ('71', '71', '71');
INSERT INTO `photos` (`id`, `album_id`, `media_id`) VALUES ('72', '72', '72');
INSERT INTO `photos` (`id`, `album_id`, `media_id`) VALUES ('73', '73', '73');
INSERT INTO `photos` (`id`, `album_id`, `media_id`) VALUES ('74', '74', '74');
INSERT INTO `photos` (`id`, `album_id`, `media_id`) VALUES ('75', '75', '75');
INSERT INTO `photos` (`id`, `album_id`, `media_id`) VALUES ('76', '76', '76');
INSERT INTO `photos` (`id`, `album_id`, `media_id`) VALUES ('77', '77', '77');
INSERT INTO `photos` (`id`, `album_id`, `media_id`) VALUES ('78', '78', '78');
INSERT INTO `photos` (`id`, `album_id`, `media_id`) VALUES ('79', '79', '79');
INSERT INTO `photos` (`id`, `album_id`, `media_id`) VALUES ('80', '80', '80');
INSERT INTO `photos` (`id`, `album_id`, `media_id`) VALUES ('81', '81', '81');
INSERT INTO `photos` (`id`, `album_id`, `media_id`) VALUES ('82', '82', '82');
INSERT INTO `photos` (`id`, `album_id`, `media_id`) VALUES ('83', '83', '83');
INSERT INTO `photos` (`id`, `album_id`, `media_id`) VALUES ('84', '84', '84');
INSERT INTO `photos` (`id`, `album_id`, `media_id`) VALUES ('85', '85', '85');
INSERT INTO `photos` (`id`, `album_id`, `media_id`) VALUES ('86', '86', '86');
INSERT INTO `photos` (`id`, `album_id`, `media_id`) VALUES ('87', '87', '87');
INSERT INTO `photos` (`id`, `album_id`, `media_id`) VALUES ('88', '88', '88');
INSERT INTO `photos` (`id`, `album_id`, `media_id`) VALUES ('89', '89', '89');
INSERT INTO `photos` (`id`, `album_id`, `media_id`) VALUES ('90', '90', '90');
INSERT INTO `photos` (`id`, `album_id`, `media_id`) VALUES ('91', '91', '91');
INSERT INTO `photos` (`id`, `album_id`, `media_id`) VALUES ('92', '92', '92');
INSERT INTO `photos` (`id`, `album_id`, `media_id`) VALUES ('93', '93', '93');
INSERT INTO `photos` (`id`, `album_id`, `media_id`) VALUES ('94', '94', '94');
INSERT INTO `photos` (`id`, `album_id`, `media_id`) VALUES ('95', '95', '95');
INSERT INTO `photos` (`id`, `album_id`, `media_id`) VALUES ('96', '96', '96');
INSERT INTO `photos` (`id`, `album_id`, `media_id`) VALUES ('97', '97', '97');
INSERT INTO `photos` (`id`, `album_id`, `media_id`) VALUES ('98', '98', '98');
INSERT INTO `photos` (`id`, `album_id`, `media_id`) VALUES ('99', '99', '99');
INSERT INTO `photos` (`id`, `album_id`, `media_id`) VALUES ('100', '100', '100');


#
# TABLE STRUCTURE FOR: posts
#

DROP TABLE IF EXISTS `posts`;

CREATE TABLE `posts` (
  `id` bigint(20) unsigned NOT NULL AUTO_INCREMENT,
  `author` bigint(20) unsigned NOT NULL,
  `likes` bigint(20) unsigned DEFAULT NULL,
  `description` text COLLATE utf8mb4_unicode_ci DEFAULT NULL,
  `media` bigint(20) unsigned DEFAULT NULL,
  PRIMARY KEY (`id`),
  UNIQUE KEY `id` (`id`),
  KEY `author` (`author`),
  KEY `media` (`media`),
  KEY `posts_fk_1` (`likes`),
  CONSTRAINT `posts_fk_1` FOREIGN KEY (`likes`) REFERENCES `likes` (`id`),
  CONSTRAINT `posts_ibfk_1` FOREIGN KEY (`author`) REFERENCES `users` (`id`),
  CONSTRAINT `posts_ibfk_2` FOREIGN KEY (`media`) REFERENCES `media` (`id`)
) ENGINE=InnoDB AUTO_INCREMENT=801 DEFAULT CHARSET=utf8mb4 COLLATE=utf8mb4_unicode_ci;

#
# TABLE STRUCTURE FOR: profiles
#

DROP TABLE IF EXISTS `profiles`;

CREATE TABLE `profiles` (
  `user_id` bigint(20) unsigned NOT NULL,
  `gender` char(1) COLLATE utf8mb4_unicode_ci DEFAULT NULL,
  `birthday` date DEFAULT NULL,
  `photo_id` bigint(20) unsigned DEFAULT NULL,
  `created_at` datetime DEFAULT current_timestamp(),
  `hometown` varchar(100) COLLATE utf8mb4_unicode_ci DEFAULT NULL,
  UNIQUE KEY `user_id` (`user_id`),
  KEY `profiles_fk_1` (`photo_id`),
  CONSTRAINT `fk_user_id` FOREIGN KEY (`user_id`) REFERENCES `users` (`id`) ON UPDATE CASCADE,
  CONSTRAINT `profiles_fk_1` FOREIGN KEY (`photo_id`) REFERENCES `media` (`id`)
) ENGINE=InnoDB DEFAULT CHARSET=utf8mb4 COLLATE=utf8mb4_unicode_ci;

INSERT INTO `profiles` (`user_id`, `gender`, `birthday`, `photo_id`, `created_at`, `hometown`) VALUES ('101', NULL, '1978-01-03', '1', '1979-04-14 16:04:48', NULL);
INSERT INTO `profiles` (`user_id`, `gender`, `birthday`, `photo_id`, `created_at`, `hometown`) VALUES ('102', NULL, '2007-05-28', '2', '1985-07-06 04:20:38', NULL);
INSERT INTO `profiles` (`user_id`, `gender`, `birthday`, `photo_id`, `created_at`, `hometown`) VALUES ('104', NULL, '1975-03-17', '3', '1975-05-06 21:31:29', NULL);
INSERT INTO `profiles` (`user_id`, `gender`, `birthday`, `photo_id`, `created_at`, `hometown`) VALUES ('105', NULL, '1987-06-16', '4', '1998-11-07 02:10:00', NULL);
INSERT INTO `profiles` (`user_id`, `gender`, `birthday`, `photo_id`, `created_at`, `hometown`) VALUES ('107', NULL, '2021-04-06', '5', '2006-12-17 03:16:54', NULL);
INSERT INTO `profiles` (`user_id`, `gender`, `birthday`, `photo_id`, `created_at`, `hometown`) VALUES ('108', NULL, '2005-01-22', '6', '1991-06-11 02:53:19', NULL);
INSERT INTO `profiles` (`user_id`, `gender`, `birthday`, `photo_id`, `created_at`, `hometown`) VALUES ('109', NULL, '2011-05-23', '7', '1985-02-06 16:51:13', NULL);
INSERT INTO `profiles` (`user_id`, `gender`, `birthday`, `photo_id`, `created_at`, `hometown`) VALUES ('110', NULL, '2020-04-10', '8', '1975-10-13 17:59:33', NULL);
INSERT INTO `profiles` (`user_id`, `gender`, `birthday`, `photo_id`, `created_at`, `hometown`) VALUES ('111', NULL, '2003-06-25', '9', '2009-01-18 00:10:43', NULL);
INSERT INTO `profiles` (`user_id`, `gender`, `birthday`, `photo_id`, `created_at`, `hometown`) VALUES ('112', NULL, '1995-10-20', '10', '2014-09-19 08:28:19', NULL);
INSERT INTO `profiles` (`user_id`, `gender`, `birthday`, `photo_id`, `created_at`, `hometown`) VALUES ('113', NULL, '2020-01-04', '11', '1975-03-29 20:20:27', NULL);
INSERT INTO `profiles` (`user_id`, `gender`, `birthday`, `photo_id`, `created_at`, `hometown`) VALUES ('114', NULL, '2008-12-19', '12', '1992-09-03 17:21:17', NULL);
INSERT INTO `profiles` (`user_id`, `gender`, `birthday`, `photo_id`, `created_at`, `hometown`) VALUES ('115', NULL, '1973-10-07', '13', '1974-05-14 06:58:55', NULL);
INSERT INTO `profiles` (`user_id`, `gender`, `birthday`, `photo_id`, `created_at`, `hometown`) VALUES ('116', NULL, '1988-01-15', '14', '1998-11-11 13:43:01', NULL);
INSERT INTO `profiles` (`user_id`, `gender`, `birthday`, `photo_id`, `created_at`, `hometown`) VALUES ('117', NULL, '2017-03-30', '15', '1997-11-24 17:16:46', NULL);
INSERT INTO `profiles` (`user_id`, `gender`, `birthday`, `photo_id`, `created_at`, `hometown`) VALUES ('118', NULL, '1994-10-28', '16', '1971-04-16 22:43:07', NULL);
INSERT INTO `profiles` (`user_id`, `gender`, `birthday`, `photo_id`, `created_at`, `hometown`) VALUES ('119', NULL, '1990-02-23', '17', '1985-07-05 10:36:42', NULL);
INSERT INTO `profiles` (`user_id`, `gender`, `birthday`, `photo_id`, `created_at`, `hometown`) VALUES ('120', NULL, '1982-02-01', '18', '2013-05-07 18:02:40', NULL);
INSERT INTO `profiles` (`user_id`, `gender`, `birthday`, `photo_id`, `created_at`, `hometown`) VALUES ('128', NULL, '1985-06-19', '19', '2020-05-21 12:47:27', NULL);
INSERT INTO `profiles` (`user_id`, `gender`, `birthday`, `photo_id`, `created_at`, `hometown`) VALUES ('131', NULL, '2009-01-28', '20', '1980-07-08 03:50:02', NULL);
INSERT INTO `profiles` (`user_id`, `gender`, `birthday`, `photo_id`, `created_at`, `hometown`) VALUES ('134', NULL, '2008-01-09', '21', '2002-05-24 16:29:17', NULL);
INSERT INTO `profiles` (`user_id`, `gender`, `birthday`, `photo_id`, `created_at`, `hometown`) VALUES ('135', NULL, '2005-01-22', '22', '2018-07-27 04:10:27', NULL);
INSERT INTO `profiles` (`user_id`, `gender`, `birthday`, `photo_id`, `created_at`, `hometown`) VALUES ('136', NULL, '1970-08-17', '23', '2000-02-14 01:18:38', NULL);
INSERT INTO `profiles` (`user_id`, `gender`, `birthday`, `photo_id`, `created_at`, `hometown`) VALUES ('141', NULL, '2005-08-26', '24', '2019-05-29 09:24:32', NULL);
INSERT INTO `profiles` (`user_id`, `gender`, `birthday`, `photo_id`, `created_at`, `hometown`) VALUES ('142', NULL, '2017-09-04', '25', '2007-02-28 06:48:50', NULL);
INSERT INTO `profiles` (`user_id`, `gender`, `birthday`, `photo_id`, `created_at`, `hometown`) VALUES ('144', NULL, '2013-10-31', '26', '1976-12-22 20:16:23', NULL);
INSERT INTO `profiles` (`user_id`, `gender`, `birthday`, `photo_id`, `created_at`, `hometown`) VALUES ('146', NULL, '1978-08-06', '27', '1993-12-22 07:57:09', NULL);
INSERT INTO `profiles` (`user_id`, `gender`, `birthday`, `photo_id`, `created_at`, `hometown`) VALUES ('147', NULL, '1994-09-30', '28', '1975-04-22 00:06:50', NULL);
INSERT INTO `profiles` (`user_id`, `gender`, `birthday`, `photo_id`, `created_at`, `hometown`) VALUES ('148', NULL, '1970-06-05', '29', '2016-05-03 00:35:31', NULL);
INSERT INTO `profiles` (`user_id`, `gender`, `birthday`, `photo_id`, `created_at`, `hometown`) VALUES ('149', NULL, '2004-04-16', '30', '2014-04-17 07:27:50', NULL);
INSERT INTO `profiles` (`user_id`, `gender`, `birthday`, `photo_id`, `created_at`, `hometown`) VALUES ('150', NULL, '1989-12-13', '31', '1983-02-26 02:46:10', NULL);
INSERT INTO `profiles` (`user_id`, `gender`, `birthday`, `photo_id`, `created_at`, `hometown`) VALUES ('151', NULL, '1991-06-10', '32', '2017-04-12 14:08:56', NULL);
INSERT INTO `profiles` (`user_id`, `gender`, `birthday`, `photo_id`, `created_at`, `hometown`) VALUES ('152', NULL, '2011-06-15', '33', '2001-07-27 17:37:34', NULL);
INSERT INTO `profiles` (`user_id`, `gender`, `birthday`, `photo_id`, `created_at`, `hometown`) VALUES ('153', NULL, '1975-01-25', '34', '2012-06-26 03:26:49', NULL);
INSERT INTO `profiles` (`user_id`, `gender`, `birthday`, `photo_id`, `created_at`, `hometown`) VALUES ('154', NULL, '1979-08-10', '35', '1984-07-13 10:32:02', NULL);
INSERT INTO `profiles` (`user_id`, `gender`, `birthday`, `photo_id`, `created_at`, `hometown`) VALUES ('155', NULL, '2007-01-23', '36', '2018-12-22 11:46:27', NULL);
INSERT INTO `profiles` (`user_id`, `gender`, `birthday`, `photo_id`, `created_at`, `hometown`) VALUES ('159', NULL, '1990-12-25', '37', '1996-10-03 10:23:08', NULL);
INSERT INTO `profiles` (`user_id`, `gender`, `birthday`, `photo_id`, `created_at`, `hometown`) VALUES ('163', NULL, '2001-11-08', '38', '2017-10-02 08:57:22', NULL);
INSERT INTO `profiles` (`user_id`, `gender`, `birthday`, `photo_id`, `created_at`, `hometown`) VALUES ('165', NULL, '2018-11-29', '39', '2014-05-01 21:54:32', NULL);
INSERT INTO `profiles` (`user_id`, `gender`, `birthday`, `photo_id`, `created_at`, `hometown`) VALUES ('166', NULL, '2014-06-12', '40', '2017-11-27 05:01:10', NULL);
INSERT INTO `profiles` (`user_id`, `gender`, `birthday`, `photo_id`, `created_at`, `hometown`) VALUES ('168', NULL, '1991-01-11', '41', '1989-04-09 02:04:34', NULL);
INSERT INTO `profiles` (`user_id`, `gender`, `birthday`, `photo_id`, `created_at`, `hometown`) VALUES ('170', NULL, '1977-07-22', '42', '1996-11-27 19:19:48', NULL);
INSERT INTO `profiles` (`user_id`, `gender`, `birthday`, `photo_id`, `created_at`, `hometown`) VALUES ('171', NULL, '1994-12-15', '43', '1970-08-01 19:54:45', NULL);
INSERT INTO `profiles` (`user_id`, `gender`, `birthday`, `photo_id`, `created_at`, `hometown`) VALUES ('174', NULL, '1973-02-19', '44', '1996-12-13 17:34:20', NULL);
INSERT INTO `profiles` (`user_id`, `gender`, `birthday`, `photo_id`, `created_at`, `hometown`) VALUES ('175', NULL, '1983-05-31', '45', '1978-11-16 09:44:00', NULL);
INSERT INTO `profiles` (`user_id`, `gender`, `birthday`, `photo_id`, `created_at`, `hometown`) VALUES ('176', NULL, '1994-11-18', '46', '1991-04-29 11:06:56', NULL);
INSERT INTO `profiles` (`user_id`, `gender`, `birthday`, `photo_id`, `created_at`, `hometown`) VALUES ('177', NULL, '2006-10-16', '47', '1976-10-07 22:51:48', NULL);
INSERT INTO `profiles` (`user_id`, `gender`, `birthday`, `photo_id`, `created_at`, `hometown`) VALUES ('178', NULL, '1996-02-22', '48', '2018-09-26 13:30:16', NULL);
INSERT INTO `profiles` (`user_id`, `gender`, `birthday`, `photo_id`, `created_at`, `hometown`) VALUES ('179', NULL, '2019-12-30', '49', '1975-05-01 13:48:35', NULL);
INSERT INTO `profiles` (`user_id`, `gender`, `birthday`, `photo_id`, `created_at`, `hometown`) VALUES ('181', NULL, '2020-05-31', '50', '2019-02-09 04:46:02', NULL);
INSERT INTO `profiles` (`user_id`, `gender`, `birthday`, `photo_id`, `created_at`, `hometown`) VALUES ('183', NULL, '1998-07-22', '51', '2003-01-06 01:26:03', NULL);
INSERT INTO `profiles` (`user_id`, `gender`, `birthday`, `photo_id`, `created_at`, `hometown`) VALUES ('187', NULL, '2016-07-17', '52', '1989-09-22 00:57:50', NULL);
INSERT INTO `profiles` (`user_id`, `gender`, `birthday`, `photo_id`, `created_at`, `hometown`) VALUES ('188', NULL, '1976-10-31', '53', '1975-03-17 14:28:54', NULL);
INSERT INTO `profiles` (`user_id`, `gender`, `birthday`, `photo_id`, `created_at`, `hometown`) VALUES ('190', NULL, '1985-09-04', '54', '1996-08-12 06:14:45', NULL);
INSERT INTO `profiles` (`user_id`, `gender`, `birthday`, `photo_id`, `created_at`, `hometown`) VALUES ('192', NULL, '2017-03-12', '55', '1996-01-04 05:32:35', NULL);
INSERT INTO `profiles` (`user_id`, `gender`, `birthday`, `photo_id`, `created_at`, `hometown`) VALUES ('195', NULL, '1993-10-19', '56', '1977-03-05 08:50:12', NULL);
INSERT INTO `profiles` (`user_id`, `gender`, `birthday`, `photo_id`, `created_at`, `hometown`) VALUES ('196', NULL, '2011-01-07', '57', '1993-01-10 15:53:27', NULL);
INSERT INTO `profiles` (`user_id`, `gender`, `birthday`, `photo_id`, `created_at`, `hometown`) VALUES ('197', NULL, '2008-11-30', '58', '2010-02-27 23:03:53', NULL);
INSERT INTO `profiles` (`user_id`, `gender`, `birthday`, `photo_id`, `created_at`, `hometown`) VALUES ('199', NULL, '1988-03-11', '59', '2004-04-13 17:46:30', NULL);
INSERT INTO `profiles` (`user_id`, `gender`, `birthday`, `photo_id`, `created_at`, `hometown`) VALUES ('200', NULL, '2012-09-04', '60', '2019-12-29 15:57:53', NULL);


#
# TABLE STRUCTURE FOR: users
#

DROP TABLE IF EXISTS `users`;

CREATE TABLE `users` (
  `id` bigint(20) unsigned NOT NULL AUTO_INCREMENT,
  `firstname` varchar(50) COLLATE utf8mb4_unicode_ci DEFAULT NULL,
  `lastname` varchar(50) COLLATE utf8mb4_unicode_ci DEFAULT NULL COMMENT '',
  `email` varchar(120) COLLATE utf8mb4_unicode_ci DEFAULT NULL,
  `password_hash` varchar(100) COLLATE utf8mb4_unicode_ci DEFAULT NULL,
  `phone` bigint(20) unsigned DEFAULT NULL,
  PRIMARY KEY (`id`),
  UNIQUE KEY `email` (`email`),
  UNIQUE KEY `phone` (`phone`),
  KEY `users_firstname_lastname_idx` (`firstname`,`lastname`)
) ENGINE=InnoDB AUTO_INCREMENT=201 DEFAULT CHARSET=utf8mb4 COLLATE=utf8mb4_unicode_ci COMMENT='';

INSERT INTO `users` (`id`, `firstname`, `lastname`, `email`, `password_hash`, `phone`) VALUES ('101', 'Amari', 'Halvorson', 'quigley.percival@example.org', '49deee4f677e64d59208c4c6f940b2b851169bb4', '133626');
INSERT INTO `users` (`id`, `firstname`, `lastname`, `email`, `password_hash`, `phone`) VALUES ('102', 'Nicola', 'Oberbrunner', 'hoeger.kole@example.net', '9205b33e0730096bf2a88f398c6d7a3f977ec880', '0');
INSERT INTO `users` (`id`, `firstname`, `lastname`, `email`, `password_hash`, `phone`) VALUES ('103', 'Justyn', 'Trantow', 'krystel.wuckert@example.org', '33ddba1c65881c20eb7916410d03c7896f5e48f3', '1');
INSERT INTO `users` (`id`, `firstname`, `lastname`, `email`, `password_hash`, `phone`) VALUES ('104', 'Everette', 'Osinski', 'mattie19@example.com', '59b057a6b10faefd23c7c26f29bbf1244b4e6fff', '5549787884');
INSERT INTO `users` (`id`, `firstname`, `lastname`, `email`, `password_hash`, `phone`) VALUES ('106', 'Kian', 'Effertz', 'nora.o\'hara@example.org', 'f280a44d5528f45af70c5ed7223c1c8628483a20', '165');
INSERT INTO `users` (`id`, `firstname`, `lastname`, `email`, `password_hash`, `phone`) VALUES ('107', 'Gloria', 'Emmerich', 'o\'reilly.millie@example.net', '4f72220c24dea079d6f32b8823a0c81d4ae578b5', '6819066127');
INSERT INTO `users` (`id`, `firstname`, `lastname`, `email`, `password_hash`, `phone`) VALUES ('108', 'Tevin', 'Daniel', 'cmclaughlin@example.net', '08b4bd8eb4238baf31d1183317e6f4854525e5ba', '9842722696');
INSERT INTO `users` (`id`, `firstname`, `lastname`, `email`, `password_hash`, `phone`) VALUES ('112', 'Brycen', 'Leannon', 'rnikolaus@example.com', '32c374c7269767cb741b55a295eeedb04ad945da', '75');
INSERT INTO `users` (`id`, `firstname`, `lastname`, `email`, `password_hash`, `phone`) VALUES ('115', 'Hillary', 'Parker', 'lucie.christiansen@example.com', 'e857dfbe568a3c22e599fc00ac1bd9a954a6a8b8', '127755');
INSERT INTO `users` (`id`, `firstname`, `lastname`, `email`, `password_hash`, `phone`) VALUES ('117', 'Jerald', 'O\'Conner', 'slangosh@example.net', '905a8ef610d50ea936927b4dca34a980958010de', '128');
INSERT INTO `users` (`id`, `firstname`, `lastname`, `email`, `password_hash`, `phone`) VALUES ('119', 'Presley', 'Kuhic', 'nikolaus.genoveva@example.org', '914a59769904a06dc11145387d260a3bfc559418', '530315');
INSERT INTO `users` (`id`, `firstname`, `lastname`, `email`, `password_hash`, `phone`) VALUES ('120', 'Nichole', 'Hilll', 'josue.waelchi@example.com', 'd51925b5724199425c79765d043288ba869debc1', '65');
INSERT INTO `users` (`id`, `firstname`, `lastname`, `email`, `password_hash`, `phone`) VALUES ('121', 'Esperanza', 'Terry', 'ruthe.willms@example.net', '4be7746144c003ab4a44f621c777ac10848a2861', '413');
INSERT INTO `users` (`id`, `firstname`, `lastname`, `email`, `password_hash`, `phone`) VALUES ('122', 'Krystal', 'Johns', 'chloe58@example.net', '6f230f560471703b6991eeee041c641a29031659', '120569');
INSERT INTO `users` (`id`, `firstname`, `lastname`, `email`, `password_hash`, `phone`) VALUES ('123', 'Myrtis', 'Kemmer', 'mcdermott.dallas@example.org', '6262f76235aea67c20d50204fbeebfb134e3aa81', '333273');
INSERT INTO `users` (`id`, `firstname`, `lastname`, `email`, `password_hash`, `phone`) VALUES ('124', 'Katlyn', 'Jerde', 'bbashirian@example.org', 'cf455443ee632256f793925c03a8a3f437dc9b30', '599252');
INSERT INTO `users` (`id`, `firstname`, `lastname`, `email`, `password_hash`, `phone`) VALUES ('126', 'Wilford', 'Haley', 'abdullah.o\'connell@example.org', 'df4c3452e8b92693836e43f5d0919ee8b371b5da', '493');
INSERT INTO `users` (`id`, `firstname`, `lastname`, `email`, `password_hash`, `phone`) VALUES ('127', 'Marcelina', 'Rosenbaum', 'ebba91@example.org', '0b56fdd6a20d4c9690152896b212c283a1d71fc5', '567428');
INSERT INTO `users` (`id`, `firstname`, `lastname`, `email`, `password_hash`, `phone`) VALUES ('128', 'Enos', 'White', 'gail.feest@example.org', 'e4a4a82f57b2cda7d9e4c6febe02ac33e5ea5270', '422863');
INSERT INTO `users` (`id`, `firstname`, `lastname`, `email`, `password_hash`, `phone`) VALUES ('130', 'Derrick', 'Mosciski', 'carissa66@example.net', 'bc0df8ed16720d10f8190b27f8cac3f2448e0661', '710052');
INSERT INTO `users` (`id`, `firstname`, `lastname`, `email`, `password_hash`, `phone`) VALUES ('131', 'Vernie', 'Turner', 'nova80@example.net', '4223d8cc6d31050f53ef0948737ebbd33a4ac528', '29');
INSERT INTO `users` (`id`, `firstname`, `lastname`, `email`, `password_hash`, `phone`) VALUES ('132', 'Eulalia', 'Gleason', 'crist.jordyn@example.com', 'ad6646148f87d1253774b58a6f0b5a35a398680b', '1292334128');
INSERT INTO `users` (`id`, `firstname`, `lastname`, `email`, `password_hash`, `phone`) VALUES ('133', 'Yessenia', 'DuBuque', 'powlowski.abigail@example.net', 'b9f816196bd2a6eb3e6c93c5425bf5b145b481a2', '10');
INSERT INTO `users` (`id`, `firstname`, `lastname`, `email`, `password_hash`, `phone`) VALUES ('134', 'Joan', 'Hoeger', 'othompson@example.org', '9c28ddd6fe133c6b38e67ce966e6f91953e03cbe', '82067625');
INSERT INTO `users` (`id`, `firstname`, `lastname`, `email`, `password_hash`, `phone`) VALUES ('136', 'Grover', 'Schultz', 'scot66@example.com', 'e5bd79610f9b1f8267db264dd77202472ef7910c', '38');
INSERT INTO `users` (`id`, `firstname`, `lastname`, `email`, `password_hash`, `phone`) VALUES ('137', 'Rachael', 'Hartmann', 'jayden30@example.org', 'd34acf7cc2ffd7b3d57ece63ab6dea64c03ae748', '90');
INSERT INTO `users` (`id`, `firstname`, `lastname`, `email`, `password_hash`, `phone`) VALUES ('139', 'Rowland', 'McCullough', 'ealtenwerth@example.org', '91f0fc1ef1872cdb64977a0ab73e45cc73bb3b7a', '681576');
INSERT INTO `users` (`id`, `firstname`, `lastname`, `email`, `password_hash`, `phone`) VALUES ('141', 'Lindsey', 'Beatty', 'wwilderman@example.org', 'ec3121539239d79201e05048edf7b6602a056425', '53');
INSERT INTO `users` (`id`, `firstname`, `lastname`, `email`, `password_hash`, `phone`) VALUES ('142', 'D\'angelo', 'Boehm', 'russell94@example.net', 'bb6e4c869d87b67e136569ff9faf13e1d2bc865a', '413972');
INSERT INTO `users` (`id`, `firstname`, `lastname`, `email`, `password_hash`, `phone`) VALUES ('144', 'Jovan', 'Denesik', 'alicia20@example.net', '117eac619c4796e0aa26d914fdb991a3819a0403', '456');
INSERT INTO `users` (`id`, `firstname`, `lastname`, `email`, `password_hash`, `phone`) VALUES ('145', 'Myles', 'Grant', 'heichmann@example.com', '6a1de6ab43d72685e56165dce4ad100fc10597b6', '131');
INSERT INTO `users` (`id`, `firstname`, `lastname`, `email`, `password_hash`, `phone`) VALUES ('146', 'Reta', 'Marks', 'vern29@example.org', '362e7e5d45e32b3f8aaeae70b820e2d41d0502ee', '338174');
INSERT INTO `users` (`id`, `firstname`, `lastname`, `email`, `password_hash`, `phone`) VALUES ('147', 'Marlen', 'Reinger', 'hilma.legros@example.com', '88dfa72c89ab9501f269aa3ee7ac0f1a203207f9', '92');
INSERT INTO `users` (`id`, `firstname`, `lastname`, `email`, `password_hash`, `phone`) VALUES ('151', 'Austyn', 'Aufderhar', 'osinski.mozell@example.net', '1907c00566a4a95937ecf8d770ba25a79a39581f', '518465');
INSERT INTO `users` (`id`, `firstname`, `lastname`, `email`, `password_hash`, `phone`) VALUES ('152', 'Sharon', 'Feest', 'cruz63@example.com', 'ef804828f34e3f4eb4e3a27715fba2b873a74621', '480');
INSERT INTO `users` (`id`, `firstname`, `lastname`, `email`, `password_hash`, `phone`) VALUES ('153', 'Jerel', 'Nitzsche', 'schmeler.clarissa@example.com', '2466f508ead58f90e30594d256a9887928ec2065', '873');
INSERT INTO `users` (`id`, `firstname`, `lastname`, `email`, `password_hash`, `phone`) VALUES ('154', 'Gia', 'Walter', 'wblick@example.net', 'c6b846f8dbc3289a4a6b9f880213e4e62a05fb8c', '81');
INSERT INTO `users` (`id`, `firstname`, `lastname`, `email`, `password_hash`, `phone`) VALUES ('155', 'Missouri', 'Cummerata', 'lzieme@example.net', 'e689f844c8723ec29daaf60241978d3a8772f111', '3159668945');
INSERT INTO `users` (`id`, `firstname`, `lastname`, `email`, `password_hash`, `phone`) VALUES ('156', 'Myrl', 'Cummerata', 'aisha.swift@example.com', 'e9c3acb6b97b1afac3f9722473709b6336c72246', '369');
INSERT INTO `users` (`id`, `firstname`, `lastname`, `email`, `password_hash`, `phone`) VALUES ('157', 'Guillermo', 'Kuphal', 'dsporer@example.com', '1786abb4d71c1c97a2a95c219e33a5f45374b55a', '858060');
INSERT INTO `users` (`id`, `firstname`, `lastname`, `email`, `password_hash`, `phone`) VALUES ('158', 'Orlo', 'Dietrich', 'nikolas.stroman@example.com', 'cd81a1f59b197bf6101411bc6866374ca4dfa0b1', '744');
INSERT INTO `users` (`id`, `firstname`, `lastname`, `email`, `password_hash`, `phone`) VALUES ('159', 'Richie', 'Hauck', 'epaucek@example.org', '4ebf25a2a3c018727b5e55298566e9da17c8d6a3', '892');
INSERT INTO `users` (`id`, `firstname`, `lastname`, `email`, `password_hash`, `phone`) VALUES ('160', 'Virgil', 'Frami', 'lillie.padberg@example.com', 'a64954936335ba67de03ed2264bba421847fe6af', '882392');
INSERT INTO `users` (`id`, `firstname`, `lastname`, `email`, `password_hash`, `phone`) VALUES ('162', 'Betsy', 'Streich', 'mkeeling@example.net', 'b3905c1c0cc6bd0b09ab9bb57fe1ae3b9dbc5b16', '591880');
INSERT INTO `users` (`id`, `firstname`, `lastname`, `email`, `password_hash`, `phone`) VALUES ('163', 'Kelton', 'Kunze', 'vicky.miller@example.com', 'd5e38ab9547c5442b734eca22aec777c40512a47', '6498362074');
INSERT INTO `users` (`id`, `firstname`, `lastname`, `email`, `password_hash`, `phone`) VALUES ('168', 'Ryder', 'Lindgren', 'pierce.howe@example.org', '0a0bfa5f4539b9d445d71ab03d8e0a16a29e120d', '633');
INSERT INTO `users` (`id`, `firstname`, `lastname`, `email`, `password_hash`, `phone`) VALUES ('169', 'Glenda', 'Lowe', 'immanuel.funk@example.com', '30344e9425badf9038b9217d3e2e22ae7fe5dfee', '678858');
INSERT INTO `users` (`id`, `firstname`, `lastname`, `email`, `password_hash`, `phone`) VALUES ('170', 'Nella', 'Terry', 'sborer@example.net', 'b37a369d1229b478c2ce874243eacb6a46511072', '502495');
INSERT INTO `users` (`id`, `firstname`, `lastname`, `email`, `password_hash`, `phone`) VALUES ('171', 'Madge', 'Walker', 'fmorissette@example.org', 'bd8681d882012cb432e358bf48dce6e5e606e9cd', '506286');
INSERT INTO `users` (`id`, `firstname`, `lastname`, `email`, `password_hash`, `phone`) VALUES ('172', 'Tyree', 'Nicolas', 'carolyne.bins@example.org', '05c8ec76a6b96b59ce5493973086b2148e58cb02', '126');
INSERT INTO `users` (`id`, `firstname`, `lastname`, `email`, `password_hash`, `phone`) VALUES ('173', 'Caesar', 'Nienow', 'green.ewald@example.com', 'eaa501f617fe46149c18e5eed5bb87b0f60cf1f4', '279');
INSERT INTO `users` (`id`, `firstname`, `lastname`, `email`, `password_hash`, `phone`) VALUES ('174', 'Leif', 'Klocko', 'eugenia55@example.com', '8218c4f7d8febabd730a59ed7761c20cafadc73a', '731283');
INSERT INTO `users` (`id`, `firstname`, `lastname`, `email`, `password_hash`, `phone`) VALUES ('177', 'Vada', 'Schmeler', 'jacobson.santina@example.org', 'dad433da29a8f08ed7224eebed2ac3aa55128429', '217');
INSERT INTO `users` (`id`, `firstname`, `lastname`, `email`, `password_hash`, `phone`) VALUES ('181', 'Bobbie', 'Lesch', 'savion.murray@example.com', '61c14d3b2b9eb3a32565dca3d9ccbd5dc7130c78', '329506');
INSERT INTO `users` (`id`, `firstname`, `lastname`, `email`, `password_hash`, `phone`) VALUES ('183', 'Nicholas', 'Zboncak', 'lruecker@example.com', '5882a73844cb14b3b4030e485721adf338ea0798', '132');
INSERT INTO `users` (`id`, `firstname`, `lastname`, `email`, `password_hash`, `phone`) VALUES ('185', 'Alfreda', 'Feest', 'flavie.walter@example.org', '81ce371743e2ff08cc069d37240cebf3b0c343f0', '722');
INSERT INTO `users` (`id`, `firstname`, `lastname`, `email`, `password_hash`, `phone`) VALUES ('186', 'Jeanne', 'Gulgowski', 'nat14@example.org', '4ea7766acbebe05d423cf9e9ce6c3ee2e6fbea9e', '69');
INSERT INTO `users` (`id`, `firstname`, `lastname`, `email`, `password_hash`, `phone`) VALUES ('190', 'Irwin', 'Auer', 'ona.smith@example.org', '50a62b43a6eb021c611361d335d16efac8ff34b9', '616');
INSERT INTO `users` (`id`, `firstname`, `lastname`, `email`, `password_hash`, `phone`) VALUES ('191', 'Joe', 'O\'Connell', 'maufderhar@example.org', '97614e4b7ad6aecf6403a87d3ca533f910dd9ac9', '154');
INSERT INTO `users` (`id`, `firstname`, `lastname`, `email`, `password_hash`, `phone`) VALUES ('196', 'Laverne', 'Turner', 'schimmel.ezequiel@example.org', 'd4a525415e8d0a755afd71e78832d6e31e23af12', '1166800917');
INSERT INTO `users` (`id`, `firstname`, `lastname`, `email`, `password_hash`, `phone`) VALUES ('198', 'Adele', 'Kuhn', 'sspencer@example.com', '38140eba2851d5d4850e763c1721f8daf2cea217', '669259');


#
# TABLE STRUCTURE FOR: users_communities
#

DROP TABLE IF EXISTS `users_communities`;

CREATE TABLE `users_communities` (
  `user_id` bigint(20) unsigned NOT NULL,
  `community_id` bigint(20) unsigned NOT NULL,
  PRIMARY KEY (`user_id`,`community_id`),
  KEY `community_id` (`community_id`),
  CONSTRAINT `users_communities_ibfk_1` FOREIGN KEY (`user_id`) REFERENCES `users` (`id`),
  CONSTRAINT `users_communities_ibfk_2` FOREIGN KEY (`community_id`) REFERENCES `communities` (`id`)
) ENGINE=InnoDB DEFAULT CHARSET=utf8mb4 COLLATE=utf8mb4_unicode_ci;

INSERT INTO `users_communities` (`user_id`, `community_id`) VALUES ('101', '1');
INSERT INTO `users_communities` (`user_id`, `community_id`) VALUES ('101', '61');
INSERT INTO `users_communities` (`user_id`, `community_id`) VALUES ('102', '2');
INSERT INTO `users_communities` (`user_id`, `community_id`) VALUES ('102', '62');
INSERT INTO `users_communities` (`user_id`, `community_id`) VALUES ('104', '3');
INSERT INTO `users_communities` (`user_id`, `community_id`) VALUES ('104', '63');
INSERT INTO `users_communities` (`user_id`, `community_id`) VALUES ('105', '4');
INSERT INTO `users_communities` (`user_id`, `community_id`) VALUES ('105', '64');
INSERT INTO `users_communities` (`user_id`, `community_id`) VALUES ('107', '5');
INSERT INTO `users_communities` (`user_id`, `community_id`) VALUES ('107', '65');
INSERT INTO `users_communities` (`user_id`, `community_id`) VALUES ('108', '6');
INSERT INTO `users_communities` (`user_id`, `community_id`) VALUES ('108', '66');
INSERT INTO `users_communities` (`user_id`, `community_id`) VALUES ('109', '7');
INSERT INTO `users_communities` (`user_id`, `community_id`) VALUES ('109', '67');
INSERT INTO `users_communities` (`user_id`, `community_id`) VALUES ('110', '8');
INSERT INTO `users_communities` (`user_id`, `community_id`) VALUES ('110', '68');
INSERT INTO `users_communities` (`user_id`, `community_id`) VALUES ('111', '9');
INSERT INTO `users_communities` (`user_id`, `community_id`) VALUES ('111', '69');
INSERT INTO `users_communities` (`user_id`, `community_id`) VALUES ('112', '10');
INSERT INTO `users_communities` (`user_id`, `community_id`) VALUES ('112', '70');
INSERT INTO `users_communities` (`user_id`, `community_id`) VALUES ('113', '11');
INSERT INTO `users_communities` (`user_id`, `community_id`) VALUES ('113', '71');
INSERT INTO `users_communities` (`user_id`, `community_id`) VALUES ('114', '12');
INSERT INTO `users_communities` (`user_id`, `community_id`) VALUES ('114', '72');
INSERT INTO `users_communities` (`user_id`, `community_id`) VALUES ('115', '13');
INSERT INTO `users_communities` (`user_id`, `community_id`) VALUES ('115', '73');
INSERT INTO `users_communities` (`user_id`, `community_id`) VALUES ('116', '14');
INSERT INTO `users_communities` (`user_id`, `community_id`) VALUES ('116', '74');
INSERT INTO `users_communities` (`user_id`, `community_id`) VALUES ('117', '15');
INSERT INTO `users_communities` (`user_id`, `community_id`) VALUES ('117', '75');
INSERT INTO `users_communities` (`user_id`, `community_id`) VALUES ('118', '16');
INSERT INTO `users_communities` (`user_id`, `community_id`) VALUES ('118', '76');
INSERT INTO `users_communities` (`user_id`, `community_id`) VALUES ('119', '17');
INSERT INTO `users_communities` (`user_id`, `community_id`) VALUES ('119', '77');
INSERT INTO `users_communities` (`user_id`, `community_id`) VALUES ('120', '18');
INSERT INTO `users_communities` (`user_id`, `community_id`) VALUES ('120', '78');
INSERT INTO `users_communities` (`user_id`, `community_id`) VALUES ('128', '19');
INSERT INTO `users_communities` (`user_id`, `community_id`) VALUES ('128', '79');
INSERT INTO `users_communities` (`user_id`, `community_id`) VALUES ('131', '20');
INSERT INTO `users_communities` (`user_id`, `community_id`) VALUES ('131', '80');
INSERT INTO `users_communities` (`user_id`, `community_id`) VALUES ('134', '21');
INSERT INTO `users_communities` (`user_id`, `community_id`) VALUES ('134', '81');
INSERT INTO `users_communities` (`user_id`, `community_id`) VALUES ('135', '22');
INSERT INTO `users_communities` (`user_id`, `community_id`) VALUES ('135', '82');
INSERT INTO `users_communities` (`user_id`, `community_id`) VALUES ('136', '23');
INSERT INTO `users_communities` (`user_id`, `community_id`) VALUES ('136', '83');
INSERT INTO `users_communities` (`user_id`, `community_id`) VALUES ('141', '24');
INSERT INTO `users_communities` (`user_id`, `community_id`) VALUES ('141', '84');
INSERT INTO `users_communities` (`user_id`, `community_id`) VALUES ('142', '25');
INSERT INTO `users_communities` (`user_id`, `community_id`) VALUES ('142', '85');
INSERT INTO `users_communities` (`user_id`, `community_id`) VALUES ('144', '26');
INSERT INTO `users_communities` (`user_id`, `community_id`) VALUES ('144', '86');
INSERT INTO `users_communities` (`user_id`, `community_id`) VALUES ('146', '27');
INSERT INTO `users_communities` (`user_id`, `community_id`) VALUES ('146', '87');
INSERT INTO `users_communities` (`user_id`, `community_id`) VALUES ('147', '28');
INSERT INTO `users_communities` (`user_id`, `community_id`) VALUES ('147', '88');
INSERT INTO `users_communities` (`user_id`, `community_id`) VALUES ('148', '29');
INSERT INTO `users_communities` (`user_id`, `community_id`) VALUES ('148', '89');
INSERT INTO `users_communities` (`user_id`, `community_id`) VALUES ('149', '30');
INSERT INTO `users_communities` (`user_id`, `community_id`) VALUES ('149', '90');
INSERT INTO `users_communities` (`user_id`, `community_id`) VALUES ('150', '31');
INSERT INTO `users_communities` (`user_id`, `community_id`) VALUES ('150', '91');
INSERT INTO `users_communities` (`user_id`, `community_id`) VALUES ('151', '32');
INSERT INTO `users_communities` (`user_id`, `community_id`) VALUES ('151', '92');
INSERT INTO `users_communities` (`user_id`, `community_id`) VALUES ('152', '33');
INSERT INTO `users_communities` (`user_id`, `community_id`) VALUES ('152', '93');
INSERT INTO `users_communities` (`user_id`, `community_id`) VALUES ('153', '34');
INSERT INTO `users_communities` (`user_id`, `community_id`) VALUES ('153', '94');
INSERT INTO `users_communities` (`user_id`, `community_id`) VALUES ('154', '35');
INSERT INTO `users_communities` (`user_id`, `community_id`) VALUES ('154', '95');
INSERT INTO `users_communities` (`user_id`, `community_id`) VALUES ('155', '36');
INSERT INTO `users_communities` (`user_id`, `community_id`) VALUES ('155', '96');
INSERT INTO `users_communities` (`user_id`, `community_id`) VALUES ('159', '37');
INSERT INTO `users_communities` (`user_id`, `community_id`) VALUES ('159', '97');
INSERT INTO `users_communities` (`user_id`, `community_id`) VALUES ('163', '38');
INSERT INTO `users_communities` (`user_id`, `community_id`) VALUES ('163', '98');
INSERT INTO `users_communities` (`user_id`, `community_id`) VALUES ('165', '39');
INSERT INTO `users_communities` (`user_id`, `community_id`) VALUES ('165', '99');
INSERT INTO `users_communities` (`user_id`, `community_id`) VALUES ('166', '40');
INSERT INTO `users_communities` (`user_id`, `community_id`) VALUES ('166', '100');
INSERT INTO `users_communities` (`user_id`, `community_id`) VALUES ('168', '41');
INSERT INTO `users_communities` (`user_id`, `community_id`) VALUES ('170', '42');
INSERT INTO `users_communities` (`user_id`, `community_id`) VALUES ('171', '43');
INSERT INTO `users_communities` (`user_id`, `community_id`) VALUES ('174', '44');
INSERT INTO `users_communities` (`user_id`, `community_id`) VALUES ('175', '45');
INSERT INTO `users_communities` (`user_id`, `community_id`) VALUES ('176', '46');
INSERT INTO `users_communities` (`user_id`, `community_id`) VALUES ('177', '47');
INSERT INTO `users_communities` (`user_id`, `community_id`) VALUES ('178', '48');
INSERT INTO `users_communities` (`user_id`, `community_id`) VALUES ('179', '49');
INSERT INTO `users_communities` (`user_id`, `community_id`) VALUES ('181', '50');
INSERT INTO `users_communities` (`user_id`, `community_id`) VALUES ('183', '51');
INSERT INTO `users_communities` (`user_id`, `community_id`) VALUES ('187', '52');
INSERT INTO `users_communities` (`user_id`, `community_id`) VALUES ('188', '53');
INSERT INTO `users_communities` (`user_id`, `community_id`) VALUES ('190', '54');
INSERT INTO `users_communities` (`user_id`, `community_id`) VALUES ('192', '55');
INSERT INTO `users_communities` (`user_id`, `community_id`) VALUES ('195', '56');
INSERT INTO `users_communities` (`user_id`, `community_id`) VALUES ('196', '57');
INSERT INTO `users_communities` (`user_id`, `community_id`) VALUES ('197', '58');
INSERT INTO `users_communities` (`user_id`, `community_id`) VALUES ('199', '59');
INSERT INTO `users_communities` (`user_id`, `community_id`) VALUES ('200', '60');


