#
# TABLE STRUCTURE FOR: communities
#

DROP TABLE IF EXISTS `communities`;

CREATE TABLE `communities` (
  `id` bigint(20) unsigned NOT NULL AUTO_INCREMENT,
  `name` varchar(150) COLLATE utf8mb4_unicode_ci DEFAULT NULL,
  `admin_user_id` bigint(20) unsigned NOT NULL,
  UNIQUE KEY `id` (`id`),
  KEY `communities_name_idx` (`name`),
  KEY `admin_user_id` (`admin_user_id`),
  CONSTRAINT `communities_ibfk_1` FOREIGN KEY (`admin_user_id`) REFERENCES `users` (`id`)
) ENGINE=InnoDB AUTO_INCREMENT=301 DEFAULT CHARSET=utf8mb4 COLLATE=utf8mb4_unicode_ci;

INSERT INTO `communities` (`id`, `name`, `admin_user_id`) VALUES ('1', 'adipisci', '501');
INSERT INTO `communities` (`id`, `name`, `admin_user_id`) VALUES ('2', 'sunt', '502');
INSERT INTO `communities` (`id`, `name`, `admin_user_id`) VALUES ('3', 'autem', '503');
INSERT INTO `communities` (`id`, `name`, `admin_user_id`) VALUES ('4', 'facilis', '504');
INSERT INTO `communities` (`id`, `name`, `admin_user_id`) VALUES ('5', 'reiciendis', '505');
INSERT INTO `communities` (`id`, `name`, `admin_user_id`) VALUES ('6', 'sunt', '507');
INSERT INTO `communities` (`id`, `name`, `admin_user_id`) VALUES ('7', 'laborum', '509');
INSERT INTO `communities` (`id`, `name`, `admin_user_id`) VALUES ('8', 'qui', '510');
INSERT INTO `communities` (`id`, `name`, `admin_user_id`) VALUES ('9', 'voluptatem', '511');
INSERT INTO `communities` (`id`, `name`, `admin_user_id`) VALUES ('10', 'ut', '512');
INSERT INTO `communities` (`id`, `name`, `admin_user_id`) VALUES ('11', 'deleniti', '513');
INSERT INTO `communities` (`id`, `name`, `admin_user_id`) VALUES ('12', 'repellat', '515');
INSERT INTO `communities` (`id`, `name`, `admin_user_id`) VALUES ('13', 'officia', '516');
INSERT INTO `communities` (`id`, `name`, `admin_user_id`) VALUES ('14', 'facere', '518');
INSERT INTO `communities` (`id`, `name`, `admin_user_id`) VALUES ('15', 'consequatur', '519');
INSERT INTO `communities` (`id`, `name`, `admin_user_id`) VALUES ('16', 'eius', '520');
INSERT INTO `communities` (`id`, `name`, `admin_user_id`) VALUES ('17', 'veniam', '522');
INSERT INTO `communities` (`id`, `name`, `admin_user_id`) VALUES ('18', 'iusto', '523');
INSERT INTO `communities` (`id`, `name`, `admin_user_id`) VALUES ('19', 'molestiae', '530');
INSERT INTO `communities` (`id`, `name`, `admin_user_id`) VALUES ('20', 'odit', '532');
INSERT INTO `communities` (`id`, `name`, `admin_user_id`) VALUES ('21', 'deserunt', '533');
INSERT INTO `communities` (`id`, `name`, `admin_user_id`) VALUES ('22', 'eius', '534');
INSERT INTO `communities` (`id`, `name`, `admin_user_id`) VALUES ('23', 'doloremque', '537');
INSERT INTO `communities` (`id`, `name`, `admin_user_id`) VALUES ('24', 'debitis', '538');
INSERT INTO `communities` (`id`, `name`, `admin_user_id`) VALUES ('25', 'maiores', '539');
INSERT INTO `communities` (`id`, `name`, `admin_user_id`) VALUES ('26', 'odio', '542');
INSERT INTO `communities` (`id`, `name`, `admin_user_id`) VALUES ('27', 'non', '543');
INSERT INTO `communities` (`id`, `name`, `admin_user_id`) VALUES ('28', 'incidunt', '546');
INSERT INTO `communities` (`id`, `name`, `admin_user_id`) VALUES ('29', 'aspernatur', '547');
INSERT INTO `communities` (`id`, `name`, `admin_user_id`) VALUES ('30', 'est', '548');
INSERT INTO `communities` (`id`, `name`, `admin_user_id`) VALUES ('31', 'perferendis', '549');
INSERT INTO `communities` (`id`, `name`, `admin_user_id`) VALUES ('32', 'placeat', '550');
INSERT INTO `communities` (`id`, `name`, `admin_user_id`) VALUES ('33', 'nisi', '552');
INSERT INTO `communities` (`id`, `name`, `admin_user_id`) VALUES ('34', 'voluptates', '554');
INSERT INTO `communities` (`id`, `name`, `admin_user_id`) VALUES ('35', 'et', '555');
INSERT INTO `communities` (`id`, `name`, `admin_user_id`) VALUES ('36', 'voluptatibus', '559');
INSERT INTO `communities` (`id`, `name`, `admin_user_id`) VALUES ('37', 'vel', '561');
INSERT INTO `communities` (`id`, `name`, `admin_user_id`) VALUES ('38', 'sunt', '564');
INSERT INTO `communities` (`id`, `name`, `admin_user_id`) VALUES ('39', 'non', '565');
INSERT INTO `communities` (`id`, `name`, `admin_user_id`) VALUES ('40', 'iusto', '566');
INSERT INTO `communities` (`id`, `name`, `admin_user_id`) VALUES ('41', 'quia', '568');
INSERT INTO `communities` (`id`, `name`, `admin_user_id`) VALUES ('42', 'rerum', '569');
INSERT INTO `communities` (`id`, `name`, `admin_user_id`) VALUES ('43', 'voluptates', '570');
INSERT INTO `communities` (`id`, `name`, `admin_user_id`) VALUES ('44', 'ea', '571');
INSERT INTO `communities` (`id`, `name`, `admin_user_id`) VALUES ('45', 'neque', '572');
INSERT INTO `communities` (`id`, `name`, `admin_user_id`) VALUES ('46', 'provident', '574');
INSERT INTO `communities` (`id`, `name`, `admin_user_id`) VALUES ('47', 'accusamus', '575');
INSERT INTO `communities` (`id`, `name`, `admin_user_id`) VALUES ('48', 'illo', '578');
INSERT INTO `communities` (`id`, `name`, `admin_user_id`) VALUES ('49', 'sequi', '580');
INSERT INTO `communities` (`id`, `name`, `admin_user_id`) VALUES ('50', 'nostrum', '582');
INSERT INTO `communities` (`id`, `name`, `admin_user_id`) VALUES ('51', 'atque', '583');
INSERT INTO `communities` (`id`, `name`, `admin_user_id`) VALUES ('52', 'velit', '584');
INSERT INTO `communities` (`id`, `name`, `admin_user_id`) VALUES ('53', 'enim', '585');
INSERT INTO `communities` (`id`, `name`, `admin_user_id`) VALUES ('54', 'omnis', '586');
INSERT INTO `communities` (`id`, `name`, `admin_user_id`) VALUES ('55', 'reprehenderit', '587');
INSERT INTO `communities` (`id`, `name`, `admin_user_id`) VALUES ('56', 'et', '588');
INSERT INTO `communities` (`id`, `name`, `admin_user_id`) VALUES ('57', 'consequatur', '590');
INSERT INTO `communities` (`id`, `name`, `admin_user_id`) VALUES ('58', 'debitis', '591');
INSERT INTO `communities` (`id`, `name`, `admin_user_id`) VALUES ('59', 'facilis', '595');
INSERT INTO `communities` (`id`, `name`, `admin_user_id`) VALUES ('60', 'omnis', '596');
INSERT INTO `communities` (`id`, `name`, `admin_user_id`) VALUES ('61', 'optio', '597');
INSERT INTO `communities` (`id`, `name`, `admin_user_id`) VALUES ('62', 'consequuntur', '598');
INSERT INTO `communities` (`id`, `name`, `admin_user_id`) VALUES ('63', 'saepe', '601');
INSERT INTO `communities` (`id`, `name`, `admin_user_id`) VALUES ('64', 'corrupti', '603');
INSERT INTO `communities` (`id`, `name`, `admin_user_id`) VALUES ('65', 'voluptatem', '605');
INSERT INTO `communities` (`id`, `name`, `admin_user_id`) VALUES ('66', 'eum', '607');
INSERT INTO `communities` (`id`, `name`, `admin_user_id`) VALUES ('67', 'cupiditate', '610');
INSERT INTO `communities` (`id`, `name`, `admin_user_id`) VALUES ('68', 'hic', '611');
INSERT INTO `communities` (`id`, `name`, `admin_user_id`) VALUES ('69', 'sint', '612');
INSERT INTO `communities` (`id`, `name`, `admin_user_id`) VALUES ('70', 'expedita', '614');
INSERT INTO `communities` (`id`, `name`, `admin_user_id`) VALUES ('71', 'voluptas', '616');
INSERT INTO `communities` (`id`, `name`, `admin_user_id`) VALUES ('72', 'aut', '617');
INSERT INTO `communities` (`id`, `name`, `admin_user_id`) VALUES ('73', 'et', '618');
INSERT INTO `communities` (`id`, `name`, `admin_user_id`) VALUES ('74', 'explicabo', '620');
INSERT INTO `communities` (`id`, `name`, `admin_user_id`) VALUES ('75', 'provident', '621');
INSERT INTO `communities` (`id`, `name`, `admin_user_id`) VALUES ('76', 'nemo', '622');
INSERT INTO `communities` (`id`, `name`, `admin_user_id`) VALUES ('77', 'officiis', '627');
INSERT INTO `communities` (`id`, `name`, `admin_user_id`) VALUES ('78', 'pariatur', '631');
INSERT INTO `communities` (`id`, `name`, `admin_user_id`) VALUES ('79', 'possimus', '633');
INSERT INTO `communities` (`id`, `name`, `admin_user_id`) VALUES ('80', 'est', '635');
INSERT INTO `communities` (`id`, `name`, `admin_user_id`) VALUES ('81', 'maxime', '638');
INSERT INTO `communities` (`id`, `name`, `admin_user_id`) VALUES ('82', 'recusandae', '639');
INSERT INTO `communities` (`id`, `name`, `admin_user_id`) VALUES ('83', 'voluptatem', '640');
INSERT INTO `communities` (`id`, `name`, `admin_user_id`) VALUES ('84', 'non', '641');
INSERT INTO `communities` (`id`, `name`, `admin_user_id`) VALUES ('85', 'vel', '645');
INSERT INTO `communities` (`id`, `name`, `admin_user_id`) VALUES ('86', 'sed', '647');
INSERT INTO `communities` (`id`, `name`, `admin_user_id`) VALUES ('87', 'ipsa', '648');
INSERT INTO `communities` (`id`, `name`, `admin_user_id`) VALUES ('88', 'tenetur', '649');
INSERT INTO `communities` (`id`, `name`, `admin_user_id`) VALUES ('89', 'amet', '650');
INSERT INTO `communities` (`id`, `name`, `admin_user_id`) VALUES ('90', 'non', '651');
INSERT INTO `communities` (`id`, `name`, `admin_user_id`) VALUES ('91', 'molestias', '652');
INSERT INTO `communities` (`id`, `name`, `admin_user_id`) VALUES ('92', 'beatae', '654');
INSERT INTO `communities` (`id`, `name`, `admin_user_id`) VALUES ('93', 'dignissimos', '655');
INSERT INTO `communities` (`id`, `name`, `admin_user_id`) VALUES ('94', 'impedit', '656');
INSERT INTO `communities` (`id`, `name`, `admin_user_id`) VALUES ('95', 'at', '657');
INSERT INTO `communities` (`id`, `name`, `admin_user_id`) VALUES ('96', 'beatae', '659');
INSERT INTO `communities` (`id`, `name`, `admin_user_id`) VALUES ('97', 'consequatur', '660');
INSERT INTO `communities` (`id`, `name`, `admin_user_id`) VALUES ('98', 'unde', '661');
INSERT INTO `communities` (`id`, `name`, `admin_user_id`) VALUES ('99', 'quod', '662');
INSERT INTO `communities` (`id`, `name`, `admin_user_id`) VALUES ('100', 'voluptate', '664');
INSERT INTO `communities` (`id`, `name`, `admin_user_id`) VALUES ('101', 'quibusdam', '666');
INSERT INTO `communities` (`id`, `name`, `admin_user_id`) VALUES ('102', 'aliquid', '669');
INSERT INTO `communities` (`id`, `name`, `admin_user_id`) VALUES ('103', 'expedita', '670');
INSERT INTO `communities` (`id`, `name`, `admin_user_id`) VALUES ('104', 'rerum', '671');
INSERT INTO `communities` (`id`, `name`, `admin_user_id`) VALUES ('105', 'sed', '673');
INSERT INTO `communities` (`id`, `name`, `admin_user_id`) VALUES ('106', 'veniam', '674');
INSERT INTO `communities` (`id`, `name`, `admin_user_id`) VALUES ('107', 'et', '675');
INSERT INTO `communities` (`id`, `name`, `admin_user_id`) VALUES ('108', 'hic', '676');
INSERT INTO `communities` (`id`, `name`, `admin_user_id`) VALUES ('109', 'autem', '678');
INSERT INTO `communities` (`id`, `name`, `admin_user_id`) VALUES ('110', 'tenetur', '680');
INSERT INTO `communities` (`id`, `name`, `admin_user_id`) VALUES ('111', 'iure', '681');
INSERT INTO `communities` (`id`, `name`, `admin_user_id`) VALUES ('112', 'esse', '683');
INSERT INTO `communities` (`id`, `name`, `admin_user_id`) VALUES ('113', 'qui', '684');
INSERT INTO `communities` (`id`, `name`, `admin_user_id`) VALUES ('114', 'cumque', '685');
INSERT INTO `communities` (`id`, `name`, `admin_user_id`) VALUES ('115', 'autem', '686');
INSERT INTO `communities` (`id`, `name`, `admin_user_id`) VALUES ('116', 'aut', '687');
INSERT INTO `communities` (`id`, `name`, `admin_user_id`) VALUES ('117', 'odit', '688');
INSERT INTO `communities` (`id`, `name`, `admin_user_id`) VALUES ('118', 'dolorum', '689');
INSERT INTO `communities` (`id`, `name`, `admin_user_id`) VALUES ('119', 'doloribus', '692');
INSERT INTO `communities` (`id`, `name`, `admin_user_id`) VALUES ('120', 'et', '694');
INSERT INTO `communities` (`id`, `name`, `admin_user_id`) VALUES ('121', 'quis', '695');
INSERT INTO `communities` (`id`, `name`, `admin_user_id`) VALUES ('122', 'atque', '696');
INSERT INTO `communities` (`id`, `name`, `admin_user_id`) VALUES ('123', 'delectus', '698');
INSERT INTO `communities` (`id`, `name`, `admin_user_id`) VALUES ('124', 'consequatur', '699');
INSERT INTO `communities` (`id`, `name`, `admin_user_id`) VALUES ('125', 'voluptas', '700');
INSERT INTO `communities` (`id`, `name`, `admin_user_id`) VALUES ('126', 'maiores', '702');
INSERT INTO `communities` (`id`, `name`, `admin_user_id`) VALUES ('127', 'libero', '703');
INSERT INTO `communities` (`id`, `name`, `admin_user_id`) VALUES ('128', 'est', '704');
INSERT INTO `communities` (`id`, `name`, `admin_user_id`) VALUES ('129', 'omnis', '705');
INSERT INTO `communities` (`id`, `name`, `admin_user_id`) VALUES ('130', 'voluptatem', '707');
INSERT INTO `communities` (`id`, `name`, `admin_user_id`) VALUES ('131', 'alias', '710');
INSERT INTO `communities` (`id`, `name`, `admin_user_id`) VALUES ('132', 'in', '713');
INSERT INTO `communities` (`id`, `name`, `admin_user_id`) VALUES ('133', 'molestias', '714');
INSERT INTO `communities` (`id`, `name`, `admin_user_id`) VALUES ('134', 'quia', '715');
INSERT INTO `communities` (`id`, `name`, `admin_user_id`) VALUES ('135', 'et', '716');
INSERT INTO `communities` (`id`, `name`, `admin_user_id`) VALUES ('136', 'quia', '717');
INSERT INTO `communities` (`id`, `name`, `admin_user_id`) VALUES ('137', 'eos', '718');
INSERT INTO `communities` (`id`, `name`, `admin_user_id`) VALUES ('138', 'reiciendis', '719');
INSERT INTO `communities` (`id`, `name`, `admin_user_id`) VALUES ('139', 'eius', '722');
INSERT INTO `communities` (`id`, `name`, `admin_user_id`) VALUES ('140', 'sit', '723');
INSERT INTO `communities` (`id`, `name`, `admin_user_id`) VALUES ('141', 'et', '725');
INSERT INTO `communities` (`id`, `name`, `admin_user_id`) VALUES ('142', 'id', '727');
INSERT INTO `communities` (`id`, `name`, `admin_user_id`) VALUES ('143', 'et', '728');
INSERT INTO `communities` (`id`, `name`, `admin_user_id`) VALUES ('144', 'ut', '729');
INSERT INTO `communities` (`id`, `name`, `admin_user_id`) VALUES ('145', 'eius', '730');
INSERT INTO `communities` (`id`, `name`, `admin_user_id`) VALUES ('146', 'fugit', '732');
INSERT INTO `communities` (`id`, `name`, `admin_user_id`) VALUES ('147', 'temporibus', '733');
INSERT INTO `communities` (`id`, `name`, `admin_user_id`) VALUES ('148', 'omnis', '735');
INSERT INTO `communities` (`id`, `name`, `admin_user_id`) VALUES ('149', 'sequi', '737');
INSERT INTO `communities` (`id`, `name`, `admin_user_id`) VALUES ('150', 'voluptatibus', '738');
INSERT INTO `communities` (`id`, `name`, `admin_user_id`) VALUES ('151', 'provident', '740');
INSERT INTO `communities` (`id`, `name`, `admin_user_id`) VALUES ('152', 'labore', '743');
INSERT INTO `communities` (`id`, `name`, `admin_user_id`) VALUES ('153', 'magni', '745');
INSERT INTO `communities` (`id`, `name`, `admin_user_id`) VALUES ('154', 'expedita', '746');
INSERT INTO `communities` (`id`, `name`, `admin_user_id`) VALUES ('155', 'quam', '747');
INSERT INTO `communities` (`id`, `name`, `admin_user_id`) VALUES ('156', 'consectetur', '748');
INSERT INTO `communities` (`id`, `name`, `admin_user_id`) VALUES ('157', 'cum', '749');
INSERT INTO `communities` (`id`, `name`, `admin_user_id`) VALUES ('158', 'a', '750');
INSERT INTO `communities` (`id`, `name`, `admin_user_id`) VALUES ('159', 'quis', '751');
INSERT INTO `communities` (`id`, `name`, `admin_user_id`) VALUES ('160', 'autem', '752');
INSERT INTO `communities` (`id`, `name`, `admin_user_id`) VALUES ('161', 'excepturi', '754');
INSERT INTO `communities` (`id`, `name`, `admin_user_id`) VALUES ('162', 'velit', '758');
INSERT INTO `communities` (`id`, `name`, `admin_user_id`) VALUES ('163', 'dolor', '760');
INSERT INTO `communities` (`id`, `name`, `admin_user_id`) VALUES ('164', 'et', '761');
INSERT INTO `communities` (`id`, `name`, `admin_user_id`) VALUES ('165', 'similique', '763');
INSERT INTO `communities` (`id`, `name`, `admin_user_id`) VALUES ('166', 'dicta', '765');
INSERT INTO `communities` (`id`, `name`, `admin_user_id`) VALUES ('167', 'quia', '767');
INSERT INTO `communities` (`id`, `name`, `admin_user_id`) VALUES ('168', 'nemo', '768');
INSERT INTO `communities` (`id`, `name`, `admin_user_id`) VALUES ('169', 'dolorem', '773');
INSERT INTO `communities` (`id`, `name`, `admin_user_id`) VALUES ('170', 'dignissimos', '776');
INSERT INTO `communities` (`id`, `name`, `admin_user_id`) VALUES ('171', 'molestias', '777');
INSERT INTO `communities` (`id`, `name`, `admin_user_id`) VALUES ('172', 'libero', '778');
INSERT INTO `communities` (`id`, `name`, `admin_user_id`) VALUES ('173', 'magni', '779');
INSERT INTO `communities` (`id`, `name`, `admin_user_id`) VALUES ('174', 'nobis', '783');
INSERT INTO `communities` (`id`, `name`, `admin_user_id`) VALUES ('175', 'quas', '784');
INSERT INTO `communities` (`id`, `name`, `admin_user_id`) VALUES ('176', 'ut', '787');
INSERT INTO `communities` (`id`, `name`, `admin_user_id`) VALUES ('177', 'at', '793');
INSERT INTO `communities` (`id`, `name`, `admin_user_id`) VALUES ('178', 'eveniet', '795');
INSERT INTO `communities` (`id`, `name`, `admin_user_id`) VALUES ('179', 'aut', '797');
INSERT INTO `communities` (`id`, `name`, `admin_user_id`) VALUES ('180', 'aut', '803');
INSERT INTO `communities` (`id`, `name`, `admin_user_id`) VALUES ('181', 'quaerat', '804');
INSERT INTO `communities` (`id`, `name`, `admin_user_id`) VALUES ('182', 'repellat', '805');
INSERT INTO `communities` (`id`, `name`, `admin_user_id`) VALUES ('183', 'aspernatur', '807');
INSERT INTO `communities` (`id`, `name`, `admin_user_id`) VALUES ('184', 'atque', '808');
INSERT INTO `communities` (`id`, `name`, `admin_user_id`) VALUES ('185', 'rerum', '809');
INSERT INTO `communities` (`id`, `name`, `admin_user_id`) VALUES ('186', 'excepturi', '810');
INSERT INTO `communities` (`id`, `name`, `admin_user_id`) VALUES ('187', 'ut', '812');
INSERT INTO `communities` (`id`, `name`, `admin_user_id`) VALUES ('188', 'aut', '814');
INSERT INTO `communities` (`id`, `name`, `admin_user_id`) VALUES ('189', 'veniam', '819');
INSERT INTO `communities` (`id`, `name`, `admin_user_id`) VALUES ('190', 'aperiam', '820');
INSERT INTO `communities` (`id`, `name`, `admin_user_id`) VALUES ('191', 'quibusdam', '821');
INSERT INTO `communities` (`id`, `name`, `admin_user_id`) VALUES ('192', 'rem', '822');
INSERT INTO `communities` (`id`, `name`, `admin_user_id`) VALUES ('193', 'iusto', '824');
INSERT INTO `communities` (`id`, `name`, `admin_user_id`) VALUES ('194', 'minus', '828');
INSERT INTO `communities` (`id`, `name`, `admin_user_id`) VALUES ('195', 'et', '830');
INSERT INTO `communities` (`id`, `name`, `admin_user_id`) VALUES ('196', 'perspiciatis', '832');
INSERT INTO `communities` (`id`, `name`, `admin_user_id`) VALUES ('197', 'optio', '834');
INSERT INTO `communities` (`id`, `name`, `admin_user_id`) VALUES ('198', 'molestiae', '835');
INSERT INTO `communities` (`id`, `name`, `admin_user_id`) VALUES ('199', 'autem', '838');
INSERT INTO `communities` (`id`, `name`, `admin_user_id`) VALUES ('200', 'facere', '839');
INSERT INTO `communities` (`id`, `name`, `admin_user_id`) VALUES ('201', 'accusantium', '840');
INSERT INTO `communities` (`id`, `name`, `admin_user_id`) VALUES ('202', 'reprehenderit', '841');
INSERT INTO `communities` (`id`, `name`, `admin_user_id`) VALUES ('203', 'itaque', '845');
INSERT INTO `communities` (`id`, `name`, `admin_user_id`) VALUES ('204', 'inventore', '846');
INSERT INTO `communities` (`id`, `name`, `admin_user_id`) VALUES ('205', 'sit', '848');
INSERT INTO `communities` (`id`, `name`, `admin_user_id`) VALUES ('206', 'occaecati', '850');
INSERT INTO `communities` (`id`, `name`, `admin_user_id`) VALUES ('207', 'omnis', '851');
INSERT INTO `communities` (`id`, `name`, `admin_user_id`) VALUES ('208', 'vero', '852');
INSERT INTO `communities` (`id`, `name`, `admin_user_id`) VALUES ('209', 'aut', '853');
INSERT INTO `communities` (`id`, `name`, `admin_user_id`) VALUES ('210', 'itaque', '854');
INSERT INTO `communities` (`id`, `name`, `admin_user_id`) VALUES ('211', 'rem', '858');
INSERT INTO `communities` (`id`, `name`, `admin_user_id`) VALUES ('212', 'beatae', '859');
INSERT INTO `communities` (`id`, `name`, `admin_user_id`) VALUES ('213', 'quibusdam', '860');
INSERT INTO `communities` (`id`, `name`, `admin_user_id`) VALUES ('214', 'vero', '861');
INSERT INTO `communities` (`id`, `name`, `admin_user_id`) VALUES ('215', 'cupiditate', '863');
INSERT INTO `communities` (`id`, `name`, `admin_user_id`) VALUES ('216', 'itaque', '866');
INSERT INTO `communities` (`id`, `name`, `admin_user_id`) VALUES ('217', 'sequi', '872');
INSERT INTO `communities` (`id`, `name`, `admin_user_id`) VALUES ('218', 'autem', '873');
INSERT INTO `communities` (`id`, `name`, `admin_user_id`) VALUES ('219', 'sint', '876');
INSERT INTO `communities` (`id`, `name`, `admin_user_id`) VALUES ('220', 'adipisci', '881');
INSERT INTO `communities` (`id`, `name`, `admin_user_id`) VALUES ('221', 'iusto', '882');
INSERT INTO `communities` (`id`, `name`, `admin_user_id`) VALUES ('222', 'nesciunt', '883');
INSERT INTO `communities` (`id`, `name`, `admin_user_id`) VALUES ('223', 'iusto', '884');
INSERT INTO `communities` (`id`, `name`, `admin_user_id`) VALUES ('224', 'quo', '885');
INSERT INTO `communities` (`id`, `name`, `admin_user_id`) VALUES ('225', 'officiis', '886');
INSERT INTO `communities` (`id`, `name`, `admin_user_id`) VALUES ('226', 'voluptas', '887');
INSERT INTO `communities` (`id`, `name`, `admin_user_id`) VALUES ('227', 'consequatur', '889');
INSERT INTO `communities` (`id`, `name`, `admin_user_id`) VALUES ('228', 'aut', '890');
INSERT INTO `communities` (`id`, `name`, `admin_user_id`) VALUES ('229', 'est', '893');
INSERT INTO `communities` (`id`, `name`, `admin_user_id`) VALUES ('230', 'voluptatem', '899');
INSERT INTO `communities` (`id`, `name`, `admin_user_id`) VALUES ('231', 'ut', '900');
INSERT INTO `communities` (`id`, `name`, `admin_user_id`) VALUES ('232', 'deserunt', '902');
INSERT INTO `communities` (`id`, `name`, `admin_user_id`) VALUES ('233', 'rerum', '903');
INSERT INTO `communities` (`id`, `name`, `admin_user_id`) VALUES ('234', 'est', '904');
INSERT INTO `communities` (`id`, `name`, `admin_user_id`) VALUES ('235', 'maiores', '908');
INSERT INTO `communities` (`id`, `name`, `admin_user_id`) VALUES ('236', 'esse', '912');
INSERT INTO `communities` (`id`, `name`, `admin_user_id`) VALUES ('237', 'incidunt', '914');
INSERT INTO `communities` (`id`, `name`, `admin_user_id`) VALUES ('238', 'et', '917');
INSERT INTO `communities` (`id`, `name`, `admin_user_id`) VALUES ('239', 'earum', '918');
INSERT INTO `communities` (`id`, `name`, `admin_user_id`) VALUES ('240', 'voluptas', '919');
INSERT INTO `communities` (`id`, `name`, `admin_user_id`) VALUES ('241', 'illum', '920');
INSERT INTO `communities` (`id`, `name`, `admin_user_id`) VALUES ('242', 'assumenda', '924');
INSERT INTO `communities` (`id`, `name`, `admin_user_id`) VALUES ('243', 'consequatur', '925');
INSERT INTO `communities` (`id`, `name`, `admin_user_id`) VALUES ('244', 'rerum', '928');
INSERT INTO `communities` (`id`, `name`, `admin_user_id`) VALUES ('245', 'ea', '932');
INSERT INTO `communities` (`id`, `name`, `admin_user_id`) VALUES ('246', 'et', '935');
INSERT INTO `communities` (`id`, `name`, `admin_user_id`) VALUES ('247', 'sequi', '937');
INSERT INTO `communities` (`id`, `name`, `admin_user_id`) VALUES ('248', 'deleniti', '938');
INSERT INTO `communities` (`id`, `name`, `admin_user_id`) VALUES ('249', 'asperiores', '941');
INSERT INTO `communities` (`id`, `name`, `admin_user_id`) VALUES ('250', 'id', '942');
INSERT INTO `communities` (`id`, `name`, `admin_user_id`) VALUES ('251', 'incidunt', '944');
INSERT INTO `communities` (`id`, `name`, `admin_user_id`) VALUES ('252', 'aut', '946');
INSERT INTO `communities` (`id`, `name`, `admin_user_id`) VALUES ('253', 'et', '949');
INSERT INTO `communities` (`id`, `name`, `admin_user_id`) VALUES ('254', 'corrupti', '950');
INSERT INTO `communities` (`id`, `name`, `admin_user_id`) VALUES ('255', 'tempora', '951');
INSERT INTO `communities` (`id`, `name`, `admin_user_id`) VALUES ('256', 'vel', '952');
INSERT INTO `communities` (`id`, `name`, `admin_user_id`) VALUES ('257', 'vel', '954');
INSERT INTO `communities` (`id`, `name`, `admin_user_id`) VALUES ('258', 'perspiciatis', '957');
INSERT INTO `communities` (`id`, `name`, `admin_user_id`) VALUES ('259', 'eum', '959');
INSERT INTO `communities` (`id`, `name`, `admin_user_id`) VALUES ('260', 'vel', '961');
INSERT INTO `communities` (`id`, `name`, `admin_user_id`) VALUES ('261', 'culpa', '962');
INSERT INTO `communities` (`id`, `name`, `admin_user_id`) VALUES ('262', 'autem', '964');
INSERT INTO `communities` (`id`, `name`, `admin_user_id`) VALUES ('263', 'voluptatem', '965');
INSERT INTO `communities` (`id`, `name`, `admin_user_id`) VALUES ('264', 'consequatur', '967');
INSERT INTO `communities` (`id`, `name`, `admin_user_id`) VALUES ('265', 'maxime', '968');
INSERT INTO `communities` (`id`, `name`, `admin_user_id`) VALUES ('266', 'et', '969');
INSERT INTO `communities` (`id`, `name`, `admin_user_id`) VALUES ('267', 'qui', '970');
INSERT INTO `communities` (`id`, `name`, `admin_user_id`) VALUES ('268', 'sapiente', '972');
INSERT INTO `communities` (`id`, `name`, `admin_user_id`) VALUES ('269', 'atque', '974');
INSERT INTO `communities` (`id`, `name`, `admin_user_id`) VALUES ('270', 'architecto', '975');
INSERT INTO `communities` (`id`, `name`, `admin_user_id`) VALUES ('271', 'et', '978');
INSERT INTO `communities` (`id`, `name`, `admin_user_id`) VALUES ('272', 'quam', '983');
INSERT INTO `communities` (`id`, `name`, `admin_user_id`) VALUES ('273', 'ullam', '984');
INSERT INTO `communities` (`id`, `name`, `admin_user_id`) VALUES ('274', 'voluptatem', '985');
INSERT INTO `communities` (`id`, `name`, `admin_user_id`) VALUES ('275', 'quidem', '986');
INSERT INTO `communities` (`id`, `name`, `admin_user_id`) VALUES ('276', 'porro', '990');
INSERT INTO `communities` (`id`, `name`, `admin_user_id`) VALUES ('277', 'nobis', '994');
INSERT INTO `communities` (`id`, `name`, `admin_user_id`) VALUES ('278', 'officiis', '995');
INSERT INTO `communities` (`id`, `name`, `admin_user_id`) VALUES ('279', 'laboriosam', '996');
INSERT INTO `communities` (`id`, `name`, `admin_user_id`) VALUES ('280', 'beatae', '997');
INSERT INTO `communities` (`id`, `name`, `admin_user_id`) VALUES ('281', 'mollitia', '999');
INSERT INTO `communities` (`id`, `name`, `admin_user_id`) VALUES ('282', 'dolor', '501');
INSERT INTO `communities` (`id`, `name`, `admin_user_id`) VALUES ('283', 'voluptatem', '502');
INSERT INTO `communities` (`id`, `name`, `admin_user_id`) VALUES ('284', 'laboriosam', '503');
INSERT INTO `communities` (`id`, `name`, `admin_user_id`) VALUES ('285', 'qui', '504');
INSERT INTO `communities` (`id`, `name`, `admin_user_id`) VALUES ('286', 'ut', '505');
INSERT INTO `communities` (`id`, `name`, `admin_user_id`) VALUES ('287', 'et', '507');
INSERT INTO `communities` (`id`, `name`, `admin_user_id`) VALUES ('288', 'rerum', '509');
INSERT INTO `communities` (`id`, `name`, `admin_user_id`) VALUES ('289', 'voluptatem', '510');
INSERT INTO `communities` (`id`, `name`, `admin_user_id`) VALUES ('290', 'non', '511');
INSERT INTO `communities` (`id`, `name`, `admin_user_id`) VALUES ('291', 'ut', '512');
INSERT INTO `communities` (`id`, `name`, `admin_user_id`) VALUES ('292', 'nihil', '513');
INSERT INTO `communities` (`id`, `name`, `admin_user_id`) VALUES ('293', 'fuga', '515');
INSERT INTO `communities` (`id`, `name`, `admin_user_id`) VALUES ('294', 'voluptas', '516');
INSERT INTO `communities` (`id`, `name`, `admin_user_id`) VALUES ('295', 'modi', '518');
INSERT INTO `communities` (`id`, `name`, `admin_user_id`) VALUES ('296', 'dolores', '519');
INSERT INTO `communities` (`id`, `name`, `admin_user_id`) VALUES ('297', 'eum', '520');
INSERT INTO `communities` (`id`, `name`, `admin_user_id`) VALUES ('298', 'consequatur', '522');
INSERT INTO `communities` (`id`, `name`, `admin_user_id`) VALUES ('299', 'quos', '523');
INSERT INTO `communities` (`id`, `name`, `admin_user_id`) VALUES ('300', 'laboriosam', '530');


#
# TABLE STRUCTURE FOR: friend_requests
#

DROP TABLE IF EXISTS `friend_requests`;

CREATE TABLE `friend_requests` (
  `initiator_user_id` bigint(20) unsigned NOT NULL,
  `target_user_id` bigint(20) unsigned NOT NULL,
  `status` enum('requested','approved','declined','unfriended') COLLATE utf8mb4_unicode_ci DEFAULT NULL,
  `requested_at` datetime DEFAULT current_timestamp(),
  `updated_at` datetime DEFAULT NULL ON UPDATE current_timestamp(),
  PRIMARY KEY (`initiator_user_id`,`target_user_id`),
  KEY `target_user_id` (`target_user_id`),
  CONSTRAINT `friend_requests_ibfk_1` FOREIGN KEY (`initiator_user_id`) REFERENCES `users` (`id`),
  CONSTRAINT `friend_requests_ibfk_2` FOREIGN KEY (`target_user_id`) REFERENCES `users` (`id`)
) ENGINE=InnoDB DEFAULT CHARSET=utf8mb4 COLLATE=utf8mb4_unicode_ci;

INSERT INTO `friend_requests` (`initiator_user_id`, `target_user_id`, `status`, `requested_at`, `updated_at`) VALUES ('501', '501', 'unfriended', '1989-07-08 02:22:42', '2016-12-01 12:25:49');
INSERT INTO `friend_requests` (`initiator_user_id`, `target_user_id`, `status`, `requested_at`, `updated_at`) VALUES ('502', '502', 'declined', '2008-01-10 00:25:21', '2012-02-19 02:04:01');
INSERT INTO `friend_requests` (`initiator_user_id`, `target_user_id`, `status`, `requested_at`, `updated_at`) VALUES ('503', '503', 'declined', '1978-03-28 07:17:10', '2020-03-29 09:15:48');
INSERT INTO `friend_requests` (`initiator_user_id`, `target_user_id`, `status`, `requested_at`, `updated_at`) VALUES ('504', '504', 'declined', '2020-02-12 08:17:40', '1981-08-07 04:26:56');
INSERT INTO `friend_requests` (`initiator_user_id`, `target_user_id`, `status`, `requested_at`, `updated_at`) VALUES ('505', '505', 'declined', '2017-08-13 22:26:38', '1973-05-31 13:35:32');
INSERT INTO `friend_requests` (`initiator_user_id`, `target_user_id`, `status`, `requested_at`, `updated_at`) VALUES ('507', '507', 'requested', '1994-01-05 14:53:12', '2001-02-09 15:19:27');
INSERT INTO `friend_requests` (`initiator_user_id`, `target_user_id`, `status`, `requested_at`, `updated_at`) VALUES ('509', '509', 'unfriended', '1992-12-08 11:56:27', '2021-05-08 12:35:02');
INSERT INTO `friend_requests` (`initiator_user_id`, `target_user_id`, `status`, `requested_at`, `updated_at`) VALUES ('510', '510', 'approved', '1990-07-01 23:10:15', '1994-06-23 08:17:04');
INSERT INTO `friend_requests` (`initiator_user_id`, `target_user_id`, `status`, `requested_at`, `updated_at`) VALUES ('511', '511', 'approved', '2007-03-07 19:39:51', '1995-05-07 20:11:58');
INSERT INTO `friend_requests` (`initiator_user_id`, `target_user_id`, `status`, `requested_at`, `updated_at`) VALUES ('512', '512', 'unfriended', '1995-10-24 11:43:05', '2015-12-02 17:49:08');
INSERT INTO `friend_requests` (`initiator_user_id`, `target_user_id`, `status`, `requested_at`, `updated_at`) VALUES ('513', '513', 'unfriended', '2003-06-28 09:35:53', '1990-09-14 01:01:35');
INSERT INTO `friend_requests` (`initiator_user_id`, `target_user_id`, `status`, `requested_at`, `updated_at`) VALUES ('515', '515', 'unfriended', '1972-02-27 02:26:36', '1982-02-20 13:34:41');
INSERT INTO `friend_requests` (`initiator_user_id`, `target_user_id`, `status`, `requested_at`, `updated_at`) VALUES ('516', '516', 'unfriended', '2011-05-18 13:08:22', '2021-02-13 15:44:01');
INSERT INTO `friend_requests` (`initiator_user_id`, `target_user_id`, `status`, `requested_at`, `updated_at`) VALUES ('518', '518', 'approved', '2010-01-05 19:47:15', '1997-08-29 08:14:45');
INSERT INTO `friend_requests` (`initiator_user_id`, `target_user_id`, `status`, `requested_at`, `updated_at`) VALUES ('519', '519', 'approved', '2019-10-09 12:32:46', '1991-05-14 04:28:19');
INSERT INTO `friend_requests` (`initiator_user_id`, `target_user_id`, `status`, `requested_at`, `updated_at`) VALUES ('520', '520', 'unfriended', '1984-12-28 21:19:57', '2014-06-13 08:21:18');
INSERT INTO `friend_requests` (`initiator_user_id`, `target_user_id`, `status`, `requested_at`, `updated_at`) VALUES ('522', '522', 'approved', '2006-08-31 18:32:28', '2008-05-05 02:42:35');
INSERT INTO `friend_requests` (`initiator_user_id`, `target_user_id`, `status`, `requested_at`, `updated_at`) VALUES ('523', '523', 'unfriended', '1978-07-13 11:08:09', '2012-02-14 20:38:07');
INSERT INTO `friend_requests` (`initiator_user_id`, `target_user_id`, `status`, `requested_at`, `updated_at`) VALUES ('530', '530', 'unfriended', '1998-07-18 00:51:13', '1971-01-06 10:56:53');
INSERT INTO `friend_requests` (`initiator_user_id`, `target_user_id`, `status`, `requested_at`, `updated_at`) VALUES ('532', '532', 'requested', '1998-09-05 23:26:17', '2011-05-08 21:35:40');
INSERT INTO `friend_requests` (`initiator_user_id`, `target_user_id`, `status`, `requested_at`, `updated_at`) VALUES ('533', '533', 'requested', '1979-07-05 20:07:24', '2011-02-02 08:06:07');
INSERT INTO `friend_requests` (`initiator_user_id`, `target_user_id`, `status`, `requested_at`, `updated_at`) VALUES ('534', '534', 'unfriended', '1970-03-04 22:36:50', '1980-07-20 23:53:13');
INSERT INTO `friend_requests` (`initiator_user_id`, `target_user_id`, `status`, `requested_at`, `updated_at`) VALUES ('537', '537', 'approved', '2016-05-12 11:15:10', '1989-02-04 12:37:34');
INSERT INTO `friend_requests` (`initiator_user_id`, `target_user_id`, `status`, `requested_at`, `updated_at`) VALUES ('538', '538', 'approved', '2000-10-08 19:31:38', '1995-09-19 17:57:44');
INSERT INTO `friend_requests` (`initiator_user_id`, `target_user_id`, `status`, `requested_at`, `updated_at`) VALUES ('539', '539', 'requested', '2014-02-02 13:35:58', '2009-08-03 14:08:12');
INSERT INTO `friend_requests` (`initiator_user_id`, `target_user_id`, `status`, `requested_at`, `updated_at`) VALUES ('542', '542', 'approved', '1982-01-20 22:40:42', '1979-05-07 12:16:53');
INSERT INTO `friend_requests` (`initiator_user_id`, `target_user_id`, `status`, `requested_at`, `updated_at`) VALUES ('543', '543', 'unfriended', '1975-06-21 00:13:09', '2001-03-19 01:12:55');
INSERT INTO `friend_requests` (`initiator_user_id`, `target_user_id`, `status`, `requested_at`, `updated_at`) VALUES ('546', '546', 'unfriended', '2005-11-25 18:06:02', '1989-05-04 04:03:52');
INSERT INTO `friend_requests` (`initiator_user_id`, `target_user_id`, `status`, `requested_at`, `updated_at`) VALUES ('547', '547', 'approved', '2018-08-02 11:01:08', '1981-10-28 17:35:28');
INSERT INTO `friend_requests` (`initiator_user_id`, `target_user_id`, `status`, `requested_at`, `updated_at`) VALUES ('548', '548', 'approved', '2002-02-02 10:11:42', '1976-10-08 10:46:52');
INSERT INTO `friend_requests` (`initiator_user_id`, `target_user_id`, `status`, `requested_at`, `updated_at`) VALUES ('549', '549', 'approved', '2018-05-05 00:39:25', '1993-05-21 06:53:58');
INSERT INTO `friend_requests` (`initiator_user_id`, `target_user_id`, `status`, `requested_at`, `updated_at`) VALUES ('550', '550', 'declined', '2012-12-22 23:37:55', '1996-05-07 12:13:41');
INSERT INTO `friend_requests` (`initiator_user_id`, `target_user_id`, `status`, `requested_at`, `updated_at`) VALUES ('552', '552', 'requested', '1994-06-23 18:04:42', '1981-04-10 13:48:51');
INSERT INTO `friend_requests` (`initiator_user_id`, `target_user_id`, `status`, `requested_at`, `updated_at`) VALUES ('554', '554', 'declined', '2016-06-23 08:10:02', '2002-04-18 23:20:18');
INSERT INTO `friend_requests` (`initiator_user_id`, `target_user_id`, `status`, `requested_at`, `updated_at`) VALUES ('555', '555', 'declined', '2001-12-12 15:15:55', '1981-08-03 05:24:56');
INSERT INTO `friend_requests` (`initiator_user_id`, `target_user_id`, `status`, `requested_at`, `updated_at`) VALUES ('559', '559', 'requested', '1999-01-28 21:48:10', '2001-06-20 18:58:07');
INSERT INTO `friend_requests` (`initiator_user_id`, `target_user_id`, `status`, `requested_at`, `updated_at`) VALUES ('561', '561', 'requested', '1979-07-15 12:55:22', '1991-10-26 15:48:43');
INSERT INTO `friend_requests` (`initiator_user_id`, `target_user_id`, `status`, `requested_at`, `updated_at`) VALUES ('564', '564', 'declined', '1997-09-02 04:50:09', '2020-07-14 16:44:30');
INSERT INTO `friend_requests` (`initiator_user_id`, `target_user_id`, `status`, `requested_at`, `updated_at`) VALUES ('565', '565', 'approved', '2020-04-09 03:54:47', '2012-07-05 15:02:16');
INSERT INTO `friend_requests` (`initiator_user_id`, `target_user_id`, `status`, `requested_at`, `updated_at`) VALUES ('566', '566', 'declined', '1998-08-01 14:33:37', '2009-01-19 08:26:12');
INSERT INTO `friend_requests` (`initiator_user_id`, `target_user_id`, `status`, `requested_at`, `updated_at`) VALUES ('568', '568', 'unfriended', '1990-08-15 08:45:40', '1975-01-20 16:50:48');
INSERT INTO `friend_requests` (`initiator_user_id`, `target_user_id`, `status`, `requested_at`, `updated_at`) VALUES ('569', '569', 'requested', '2012-11-04 13:59:17', '1993-01-12 06:19:48');
INSERT INTO `friend_requests` (`initiator_user_id`, `target_user_id`, `status`, `requested_at`, `updated_at`) VALUES ('570', '570', 'declined', '1971-07-30 20:20:55', '1992-07-14 14:59:40');
INSERT INTO `friend_requests` (`initiator_user_id`, `target_user_id`, `status`, `requested_at`, `updated_at`) VALUES ('571', '571', 'declined', '2019-06-30 15:31:35', '1994-01-27 19:55:01');
INSERT INTO `friend_requests` (`initiator_user_id`, `target_user_id`, `status`, `requested_at`, `updated_at`) VALUES ('572', '572', 'unfriended', '1985-06-16 12:03:07', '2001-11-28 23:17:36');
INSERT INTO `friend_requests` (`initiator_user_id`, `target_user_id`, `status`, `requested_at`, `updated_at`) VALUES ('574', '574', 'approved', '1995-08-31 02:00:37', '2015-04-24 16:05:04');
INSERT INTO `friend_requests` (`initiator_user_id`, `target_user_id`, `status`, `requested_at`, `updated_at`) VALUES ('575', '575', 'unfriended', '1978-08-27 16:01:07', '1981-09-05 06:44:11');
INSERT INTO `friend_requests` (`initiator_user_id`, `target_user_id`, `status`, `requested_at`, `updated_at`) VALUES ('578', '578', 'approved', '2015-03-01 00:47:15', '2002-04-26 12:32:48');
INSERT INTO `friend_requests` (`initiator_user_id`, `target_user_id`, `status`, `requested_at`, `updated_at`) VALUES ('580', '580', 'approved', '2009-05-13 08:03:35', '1996-09-21 20:25:55');
INSERT INTO `friend_requests` (`initiator_user_id`, `target_user_id`, `status`, `requested_at`, `updated_at`) VALUES ('582', '582', 'approved', '1983-03-07 11:57:36', '1995-07-29 01:29:44');
INSERT INTO `friend_requests` (`initiator_user_id`, `target_user_id`, `status`, `requested_at`, `updated_at`) VALUES ('583', '583', 'approved', '1970-10-16 06:42:33', '1991-03-09 16:37:21');
INSERT INTO `friend_requests` (`initiator_user_id`, `target_user_id`, `status`, `requested_at`, `updated_at`) VALUES ('584', '584', 'unfriended', '1982-07-13 00:18:59', '2015-05-03 21:34:33');
INSERT INTO `friend_requests` (`initiator_user_id`, `target_user_id`, `status`, `requested_at`, `updated_at`) VALUES ('585', '585', 'requested', '2005-09-20 10:41:08', '2019-06-12 15:46:44');
INSERT INTO `friend_requests` (`initiator_user_id`, `target_user_id`, `status`, `requested_at`, `updated_at`) VALUES ('586', '586', 'approved', '1980-06-26 06:40:52', '2011-09-17 13:00:01');
INSERT INTO `friend_requests` (`initiator_user_id`, `target_user_id`, `status`, `requested_at`, `updated_at`) VALUES ('587', '587', 'requested', '1996-04-10 22:58:33', '1980-11-14 18:22:20');
INSERT INTO `friend_requests` (`initiator_user_id`, `target_user_id`, `status`, `requested_at`, `updated_at`) VALUES ('588', '588', 'approved', '1998-07-09 02:30:48', '2004-04-18 00:31:19');
INSERT INTO `friend_requests` (`initiator_user_id`, `target_user_id`, `status`, `requested_at`, `updated_at`) VALUES ('590', '590', 'unfriended', '1989-03-17 11:54:25', '1983-11-04 09:59:44');
INSERT INTO `friend_requests` (`initiator_user_id`, `target_user_id`, `status`, `requested_at`, `updated_at`) VALUES ('591', '591', 'approved', '1981-12-25 07:31:26', '2015-09-21 01:34:16');
INSERT INTO `friend_requests` (`initiator_user_id`, `target_user_id`, `status`, `requested_at`, `updated_at`) VALUES ('595', '595', 'unfriended', '1996-06-30 01:35:23', '2020-04-18 18:35:23');
INSERT INTO `friend_requests` (`initiator_user_id`, `target_user_id`, `status`, `requested_at`, `updated_at`) VALUES ('596', '596', 'requested', '1993-03-21 11:02:06', '1987-12-16 23:12:14');
INSERT INTO `friend_requests` (`initiator_user_id`, `target_user_id`, `status`, `requested_at`, `updated_at`) VALUES ('597', '597', 'approved', '2019-07-29 07:45:21', '2016-03-24 13:44:02');
INSERT INTO `friend_requests` (`initiator_user_id`, `target_user_id`, `status`, `requested_at`, `updated_at`) VALUES ('598', '598', 'approved', '1984-07-31 18:44:58', '2005-11-09 12:48:31');
INSERT INTO `friend_requests` (`initiator_user_id`, `target_user_id`, `status`, `requested_at`, `updated_at`) VALUES ('601', '601', 'approved', '1987-12-21 16:04:02', '2021-02-25 18:14:22');
INSERT INTO `friend_requests` (`initiator_user_id`, `target_user_id`, `status`, `requested_at`, `updated_at`) VALUES ('603', '603', 'declined', '1991-02-16 13:07:26', '2011-11-23 17:07:58');
INSERT INTO `friend_requests` (`initiator_user_id`, `target_user_id`, `status`, `requested_at`, `updated_at`) VALUES ('605', '605', 'declined', '1981-11-19 02:57:57', '1999-03-04 09:33:06');
INSERT INTO `friend_requests` (`initiator_user_id`, `target_user_id`, `status`, `requested_at`, `updated_at`) VALUES ('607', '607', 'unfriended', '1970-02-09 09:14:20', '2018-12-24 13:34:08');
INSERT INTO `friend_requests` (`initiator_user_id`, `target_user_id`, `status`, `requested_at`, `updated_at`) VALUES ('610', '610', 'unfriended', '2006-10-18 03:48:01', '2011-02-22 21:39:59');
INSERT INTO `friend_requests` (`initiator_user_id`, `target_user_id`, `status`, `requested_at`, `updated_at`) VALUES ('611', '611', 'unfriended', '1975-08-03 07:21:42', '1970-08-08 04:12:37');
INSERT INTO `friend_requests` (`initiator_user_id`, `target_user_id`, `status`, `requested_at`, `updated_at`) VALUES ('612', '612', 'unfriended', '1980-02-24 02:16:00', '1995-05-14 14:14:27');
INSERT INTO `friend_requests` (`initiator_user_id`, `target_user_id`, `status`, `requested_at`, `updated_at`) VALUES ('614', '614', 'approved', '1985-08-01 16:26:07', '1992-12-13 17:03:20');
INSERT INTO `friend_requests` (`initiator_user_id`, `target_user_id`, `status`, `requested_at`, `updated_at`) VALUES ('616', '616', 'approved', '1992-04-04 17:36:30', '2016-09-26 15:28:09');
INSERT INTO `friend_requests` (`initiator_user_id`, `target_user_id`, `status`, `requested_at`, `updated_at`) VALUES ('617', '617', 'requested', '1998-03-19 11:12:39', '1992-08-12 01:22:07');
INSERT INTO `friend_requests` (`initiator_user_id`, `target_user_id`, `status`, `requested_at`, `updated_at`) VALUES ('618', '618', 'unfriended', '1987-02-24 08:50:38', '1980-11-21 00:42:12');
INSERT INTO `friend_requests` (`initiator_user_id`, `target_user_id`, `status`, `requested_at`, `updated_at`) VALUES ('620', '620', 'approved', '1994-10-22 19:34:11', '2007-10-20 14:30:07');
INSERT INTO `friend_requests` (`initiator_user_id`, `target_user_id`, `status`, `requested_at`, `updated_at`) VALUES ('621', '621', 'requested', '1981-06-03 00:55:36', '2000-02-27 10:44:22');
INSERT INTO `friend_requests` (`initiator_user_id`, `target_user_id`, `status`, `requested_at`, `updated_at`) VALUES ('622', '622', 'unfriended', '1994-06-28 18:02:43', '2001-02-14 01:53:39');
INSERT INTO `friend_requests` (`initiator_user_id`, `target_user_id`, `status`, `requested_at`, `updated_at`) VALUES ('627', '627', 'requested', '1973-06-28 00:51:44', '1992-03-17 20:31:26');
INSERT INTO `friend_requests` (`initiator_user_id`, `target_user_id`, `status`, `requested_at`, `updated_at`) VALUES ('631', '631', 'unfriended', '2000-03-03 07:59:21', '1994-12-28 02:05:00');
INSERT INTO `friend_requests` (`initiator_user_id`, `target_user_id`, `status`, `requested_at`, `updated_at`) VALUES ('633', '633', 'approved', '1977-07-26 14:45:18', '2019-09-06 11:56:58');
INSERT INTO `friend_requests` (`initiator_user_id`, `target_user_id`, `status`, `requested_at`, `updated_at`) VALUES ('635', '635', 'unfriended', '1995-05-08 12:46:05', '2020-01-23 07:02:14');
INSERT INTO `friend_requests` (`initiator_user_id`, `target_user_id`, `status`, `requested_at`, `updated_at`) VALUES ('638', '638', 'unfriended', '1971-10-31 10:06:12', '1994-03-04 22:06:44');
INSERT INTO `friend_requests` (`initiator_user_id`, `target_user_id`, `status`, `requested_at`, `updated_at`) VALUES ('639', '639', 'approved', '2020-08-16 00:19:46', '1979-03-05 13:40:00');
INSERT INTO `friend_requests` (`initiator_user_id`, `target_user_id`, `status`, `requested_at`, `updated_at`) VALUES ('640', '640', 'unfriended', '2020-09-20 09:58:30', '1991-09-09 19:37:15');
INSERT INTO `friend_requests` (`initiator_user_id`, `target_user_id`, `status`, `requested_at`, `updated_at`) VALUES ('641', '641', 'requested', '1974-05-24 06:57:33', '1978-12-23 18:32:45');
INSERT INTO `friend_requests` (`initiator_user_id`, `target_user_id`, `status`, `requested_at`, `updated_at`) VALUES ('645', '645', 'requested', '1978-01-12 21:12:15', '1994-05-18 22:33:46');
INSERT INTO `friend_requests` (`initiator_user_id`, `target_user_id`, `status`, `requested_at`, `updated_at`) VALUES ('647', '647', 'declined', '2021-03-27 20:30:29', '1985-08-29 00:24:56');
INSERT INTO `friend_requests` (`initiator_user_id`, `target_user_id`, `status`, `requested_at`, `updated_at`) VALUES ('648', '648', 'unfriended', '1990-09-29 18:18:32', '1986-12-09 03:30:31');
INSERT INTO `friend_requests` (`initiator_user_id`, `target_user_id`, `status`, `requested_at`, `updated_at`) VALUES ('649', '649', 'unfriended', '1992-08-19 18:35:57', '2006-01-03 21:20:25');
INSERT INTO `friend_requests` (`initiator_user_id`, `target_user_id`, `status`, `requested_at`, `updated_at`) VALUES ('650', '650', 'unfriended', '2007-12-30 15:41:45', '2004-05-24 16:54:33');
INSERT INTO `friend_requests` (`initiator_user_id`, `target_user_id`, `status`, `requested_at`, `updated_at`) VALUES ('651', '651', 'declined', '2000-05-18 14:59:09', '1995-03-13 17:47:24');
INSERT INTO `friend_requests` (`initiator_user_id`, `target_user_id`, `status`, `requested_at`, `updated_at`) VALUES ('652', '652', 'declined', '1998-01-06 05:55:21', '1979-05-16 22:21:40');
INSERT INTO `friend_requests` (`initiator_user_id`, `target_user_id`, `status`, `requested_at`, `updated_at`) VALUES ('654', '654', 'unfriended', '2019-07-17 15:56:12', '2000-06-06 06:02:58');
INSERT INTO `friend_requests` (`initiator_user_id`, `target_user_id`, `status`, `requested_at`, `updated_at`) VALUES ('655', '655', 'unfriended', '1984-02-18 09:45:01', '2018-12-15 09:30:11');
INSERT INTO `friend_requests` (`initiator_user_id`, `target_user_id`, `status`, `requested_at`, `updated_at`) VALUES ('656', '656', 'declined', '1997-01-14 23:31:34', '2005-03-18 21:57:56');
INSERT INTO `friend_requests` (`initiator_user_id`, `target_user_id`, `status`, `requested_at`, `updated_at`) VALUES ('657', '657', 'declined', '1990-02-06 11:58:34', '1984-11-03 12:46:12');
INSERT INTO `friend_requests` (`initiator_user_id`, `target_user_id`, `status`, `requested_at`, `updated_at`) VALUES ('659', '659', 'unfriended', '1987-11-03 13:34:30', '1999-05-15 01:06:20');
INSERT INTO `friend_requests` (`initiator_user_id`, `target_user_id`, `status`, `requested_at`, `updated_at`) VALUES ('660', '660', 'requested', '2006-08-01 07:18:52', '1998-07-09 08:45:50');
INSERT INTO `friend_requests` (`initiator_user_id`, `target_user_id`, `status`, `requested_at`, `updated_at`) VALUES ('661', '661', 'unfriended', '1977-07-31 11:15:40', '2005-01-26 23:35:38');
INSERT INTO `friend_requests` (`initiator_user_id`, `target_user_id`, `status`, `requested_at`, `updated_at`) VALUES ('662', '662', 'declined', '2018-01-11 13:55:40', '2010-05-10 12:20:18');
INSERT INTO `friend_requests` (`initiator_user_id`, `target_user_id`, `status`, `requested_at`, `updated_at`) VALUES ('664', '664', 'requested', '1999-10-28 18:12:45', '1999-05-21 05:30:17');
INSERT INTO `friend_requests` (`initiator_user_id`, `target_user_id`, `status`, `requested_at`, `updated_at`) VALUES ('666', '666', 'approved', '1979-03-12 16:09:07', '1989-10-06 10:22:36');
INSERT INTO `friend_requests` (`initiator_user_id`, `target_user_id`, `status`, `requested_at`, `updated_at`) VALUES ('669', '669', 'declined', '1972-05-31 22:12:50', '2009-07-10 15:11:46');
INSERT INTO `friend_requests` (`initiator_user_id`, `target_user_id`, `status`, `requested_at`, `updated_at`) VALUES ('670', '670', 'requested', '1974-08-11 02:58:36', '2004-07-27 20:59:53');
INSERT INTO `friend_requests` (`initiator_user_id`, `target_user_id`, `status`, `requested_at`, `updated_at`) VALUES ('671', '671', 'declined', '1985-11-04 13:03:50', '2005-07-04 09:46:35');
INSERT INTO `friend_requests` (`initiator_user_id`, `target_user_id`, `status`, `requested_at`, `updated_at`) VALUES ('673', '673', 'approved', '1994-02-19 11:45:49', '2004-04-06 06:14:57');
INSERT INTO `friend_requests` (`initiator_user_id`, `target_user_id`, `status`, `requested_at`, `updated_at`) VALUES ('674', '674', 'approved', '2000-12-23 20:43:09', '1978-07-31 00:36:10');
INSERT INTO `friend_requests` (`initiator_user_id`, `target_user_id`, `status`, `requested_at`, `updated_at`) VALUES ('675', '675', 'requested', '2004-01-22 22:29:48', '1992-03-13 03:40:55');
INSERT INTO `friend_requests` (`initiator_user_id`, `target_user_id`, `status`, `requested_at`, `updated_at`) VALUES ('676', '676', 'approved', '1992-07-25 18:57:24', '1992-08-15 19:28:22');
INSERT INTO `friend_requests` (`initiator_user_id`, `target_user_id`, `status`, `requested_at`, `updated_at`) VALUES ('678', '678', 'unfriended', '2006-10-31 21:40:21', '1997-03-06 08:09:42');
INSERT INTO `friend_requests` (`initiator_user_id`, `target_user_id`, `status`, `requested_at`, `updated_at`) VALUES ('680', '680', 'approved', '1996-12-08 14:40:02', '2010-07-06 20:45:52');
INSERT INTO `friend_requests` (`initiator_user_id`, `target_user_id`, `status`, `requested_at`, `updated_at`) VALUES ('681', '681', 'approved', '1988-12-24 05:39:28', '1972-08-14 23:00:43');
INSERT INTO `friend_requests` (`initiator_user_id`, `target_user_id`, `status`, `requested_at`, `updated_at`) VALUES ('683', '683', 'declined', '1983-11-16 00:57:35', '1996-11-14 06:00:17');
INSERT INTO `friend_requests` (`initiator_user_id`, `target_user_id`, `status`, `requested_at`, `updated_at`) VALUES ('684', '684', 'declined', '1974-02-18 17:29:54', '2006-08-30 08:02:46');
INSERT INTO `friend_requests` (`initiator_user_id`, `target_user_id`, `status`, `requested_at`, `updated_at`) VALUES ('685', '685', 'requested', '1982-12-31 20:05:52', '1970-07-22 18:36:55');
INSERT INTO `friend_requests` (`initiator_user_id`, `target_user_id`, `status`, `requested_at`, `updated_at`) VALUES ('686', '686', 'requested', '2002-01-15 09:33:00', '1983-10-21 09:44:55');
INSERT INTO `friend_requests` (`initiator_user_id`, `target_user_id`, `status`, `requested_at`, `updated_at`) VALUES ('687', '687', 'unfriended', '1993-11-25 02:14:43', '2019-01-13 03:29:09');
INSERT INTO `friend_requests` (`initiator_user_id`, `target_user_id`, `status`, `requested_at`, `updated_at`) VALUES ('688', '688', 'approved', '1988-11-13 17:51:08', '1998-09-22 08:59:36');
INSERT INTO `friend_requests` (`initiator_user_id`, `target_user_id`, `status`, `requested_at`, `updated_at`) VALUES ('689', '689', 'requested', '1984-05-10 12:19:06', '1995-05-21 05:55:34');
INSERT INTO `friend_requests` (`initiator_user_id`, `target_user_id`, `status`, `requested_at`, `updated_at`) VALUES ('692', '692', 'unfriended', '1997-12-30 19:52:31', '1988-12-01 08:03:52');
INSERT INTO `friend_requests` (`initiator_user_id`, `target_user_id`, `status`, `requested_at`, `updated_at`) VALUES ('694', '694', 'requested', '1970-03-08 01:28:37', '1974-06-11 12:08:29');
INSERT INTO `friend_requests` (`initiator_user_id`, `target_user_id`, `status`, `requested_at`, `updated_at`) VALUES ('695', '695', 'declined', '1976-10-05 22:16:16', '1971-10-07 19:45:52');
INSERT INTO `friend_requests` (`initiator_user_id`, `target_user_id`, `status`, `requested_at`, `updated_at`) VALUES ('696', '696', 'requested', '1983-11-30 21:22:27', '2018-03-27 10:08:31');
INSERT INTO `friend_requests` (`initiator_user_id`, `target_user_id`, `status`, `requested_at`, `updated_at`) VALUES ('698', '698', 'requested', '1987-07-05 23:23:21', '2009-06-21 17:30:42');
INSERT INTO `friend_requests` (`initiator_user_id`, `target_user_id`, `status`, `requested_at`, `updated_at`) VALUES ('699', '699', 'unfriended', '1997-06-15 02:40:37', '1980-01-25 18:43:03');
INSERT INTO `friend_requests` (`initiator_user_id`, `target_user_id`, `status`, `requested_at`, `updated_at`) VALUES ('700', '700', 'requested', '2003-08-06 22:51:00', '1989-08-31 11:42:21');
INSERT INTO `friend_requests` (`initiator_user_id`, `target_user_id`, `status`, `requested_at`, `updated_at`) VALUES ('702', '702', 'declined', '1991-08-21 14:25:50', '2001-04-10 18:03:37');
INSERT INTO `friend_requests` (`initiator_user_id`, `target_user_id`, `status`, `requested_at`, `updated_at`) VALUES ('703', '703', 'unfriended', '1976-03-14 07:53:47', '1991-03-25 21:08:58');
INSERT INTO `friend_requests` (`initiator_user_id`, `target_user_id`, `status`, `requested_at`, `updated_at`) VALUES ('704', '704', 'approved', '2001-08-22 23:16:35', '1976-09-23 03:36:04');
INSERT INTO `friend_requests` (`initiator_user_id`, `target_user_id`, `status`, `requested_at`, `updated_at`) VALUES ('705', '705', 'unfriended', '2002-04-10 03:13:47', '2000-09-14 05:37:21');
INSERT INTO `friend_requests` (`initiator_user_id`, `target_user_id`, `status`, `requested_at`, `updated_at`) VALUES ('707', '707', 'requested', '2020-07-10 11:50:37', '1981-08-05 09:58:38');
INSERT INTO `friend_requests` (`initiator_user_id`, `target_user_id`, `status`, `requested_at`, `updated_at`) VALUES ('710', '710', 'declined', '2011-03-31 14:27:24', '1993-06-22 16:56:38');
INSERT INTO `friend_requests` (`initiator_user_id`, `target_user_id`, `status`, `requested_at`, `updated_at`) VALUES ('713', '713', 'approved', '2018-07-24 01:51:42', '1991-06-12 18:48:49');
INSERT INTO `friend_requests` (`initiator_user_id`, `target_user_id`, `status`, `requested_at`, `updated_at`) VALUES ('714', '714', 'requested', '2018-03-11 05:26:51', '2009-08-08 01:15:30');
INSERT INTO `friend_requests` (`initiator_user_id`, `target_user_id`, `status`, `requested_at`, `updated_at`) VALUES ('715', '715', 'unfriended', '1984-02-19 16:30:04', '2011-03-24 04:20:25');
INSERT INTO `friend_requests` (`initiator_user_id`, `target_user_id`, `status`, `requested_at`, `updated_at`) VALUES ('716', '716', 'unfriended', '1974-07-31 13:36:46', '2001-03-21 10:23:30');
INSERT INTO `friend_requests` (`initiator_user_id`, `target_user_id`, `status`, `requested_at`, `updated_at`) VALUES ('717', '717', 'approved', '2018-04-29 11:35:55', '1988-11-20 09:39:27');
INSERT INTO `friend_requests` (`initiator_user_id`, `target_user_id`, `status`, `requested_at`, `updated_at`) VALUES ('718', '718', 'requested', '2011-08-10 02:34:05', '2016-08-18 06:02:28');
INSERT INTO `friend_requests` (`initiator_user_id`, `target_user_id`, `status`, `requested_at`, `updated_at`) VALUES ('719', '719', 'approved', '1977-11-06 13:37:25', '1977-07-27 13:57:38');
INSERT INTO `friend_requests` (`initiator_user_id`, `target_user_id`, `status`, `requested_at`, `updated_at`) VALUES ('722', '722', 'unfriended', '2018-10-13 19:29:45', '2015-05-01 10:15:05');
INSERT INTO `friend_requests` (`initiator_user_id`, `target_user_id`, `status`, `requested_at`, `updated_at`) VALUES ('723', '723', 'approved', '1987-07-26 16:03:33', '2021-02-26 00:10:42');
INSERT INTO `friend_requests` (`initiator_user_id`, `target_user_id`, `status`, `requested_at`, `updated_at`) VALUES ('725', '725', 'unfriended', '1978-09-23 13:54:57', '2006-04-13 14:52:18');
INSERT INTO `friend_requests` (`initiator_user_id`, `target_user_id`, `status`, `requested_at`, `updated_at`) VALUES ('727', '727', 'approved', '1977-03-20 16:03:00', '1997-12-14 16:11:39');
INSERT INTO `friend_requests` (`initiator_user_id`, `target_user_id`, `status`, `requested_at`, `updated_at`) VALUES ('728', '728', 'requested', '2000-01-17 02:01:25', '1974-12-01 03:37:47');
INSERT INTO `friend_requests` (`initiator_user_id`, `target_user_id`, `status`, `requested_at`, `updated_at`) VALUES ('729', '729', 'approved', '2001-10-14 05:17:56', '1996-11-06 20:59:02');
INSERT INTO `friend_requests` (`initiator_user_id`, `target_user_id`, `status`, `requested_at`, `updated_at`) VALUES ('730', '730', 'requested', '2012-02-18 10:23:17', '1988-10-19 06:01:44');
INSERT INTO `friend_requests` (`initiator_user_id`, `target_user_id`, `status`, `requested_at`, `updated_at`) VALUES ('732', '732', 'approved', '1993-11-29 07:46:35', '1975-08-28 13:59:52');
INSERT INTO `friend_requests` (`initiator_user_id`, `target_user_id`, `status`, `requested_at`, `updated_at`) VALUES ('733', '733', 'approved', '1977-11-01 09:22:41', '1971-05-28 13:38:24');
INSERT INTO `friend_requests` (`initiator_user_id`, `target_user_id`, `status`, `requested_at`, `updated_at`) VALUES ('735', '735', 'approved', '1983-07-25 05:52:28', '2013-08-30 15:10:32');
INSERT INTO `friend_requests` (`initiator_user_id`, `target_user_id`, `status`, `requested_at`, `updated_at`) VALUES ('737', '737', 'approved', '2018-07-15 23:43:19', '2001-05-15 17:16:56');
INSERT INTO `friend_requests` (`initiator_user_id`, `target_user_id`, `status`, `requested_at`, `updated_at`) VALUES ('738', '738', 'unfriended', '1992-07-26 09:50:34', '2015-07-12 18:02:53');
INSERT INTO `friend_requests` (`initiator_user_id`, `target_user_id`, `status`, `requested_at`, `updated_at`) VALUES ('740', '740', 'approved', '1970-02-06 09:32:45', '1990-12-07 11:10:05');
INSERT INTO `friend_requests` (`initiator_user_id`, `target_user_id`, `status`, `requested_at`, `updated_at`) VALUES ('743', '743', 'declined', '1985-01-12 06:58:21', '2009-11-16 13:18:17');
INSERT INTO `friend_requests` (`initiator_user_id`, `target_user_id`, `status`, `requested_at`, `updated_at`) VALUES ('745', '745', 'unfriended', '2007-10-05 22:26:47', '2008-10-08 13:26:07');
INSERT INTO `friend_requests` (`initiator_user_id`, `target_user_id`, `status`, `requested_at`, `updated_at`) VALUES ('746', '746', 'approved', '1981-05-13 02:29:54', '1990-03-27 14:54:32');
INSERT INTO `friend_requests` (`initiator_user_id`, `target_user_id`, `status`, `requested_at`, `updated_at`) VALUES ('747', '747', 'approved', '2007-11-29 22:05:29', '1983-10-02 17:45:43');
INSERT INTO `friend_requests` (`initiator_user_id`, `target_user_id`, `status`, `requested_at`, `updated_at`) VALUES ('748', '748', 'approved', '2014-06-20 23:53:07', '1982-09-18 13:15:10');
INSERT INTO `friend_requests` (`initiator_user_id`, `target_user_id`, `status`, `requested_at`, `updated_at`) VALUES ('749', '749', 'approved', '2008-12-12 08:40:09', '2014-01-27 11:12:39');
INSERT INTO `friend_requests` (`initiator_user_id`, `target_user_id`, `status`, `requested_at`, `updated_at`) VALUES ('750', '750', 'declined', '1997-06-23 19:53:56', '1995-02-01 20:07:26');
INSERT INTO `friend_requests` (`initiator_user_id`, `target_user_id`, `status`, `requested_at`, `updated_at`) VALUES ('751', '751', 'declined', '1997-08-07 12:00:31', '1989-02-22 03:13:35');
INSERT INTO `friend_requests` (`initiator_user_id`, `target_user_id`, `status`, `requested_at`, `updated_at`) VALUES ('752', '752', 'requested', '1988-10-25 21:08:33', '2006-04-25 20:02:54');
INSERT INTO `friend_requests` (`initiator_user_id`, `target_user_id`, `status`, `requested_at`, `updated_at`) VALUES ('754', '754', 'requested', '2015-02-07 17:01:57', '2013-10-31 08:22:15');
INSERT INTO `friend_requests` (`initiator_user_id`, `target_user_id`, `status`, `requested_at`, `updated_at`) VALUES ('758', '758', 'requested', '2007-08-02 15:58:25', '1998-10-22 12:25:11');
INSERT INTO `friend_requests` (`initiator_user_id`, `target_user_id`, `status`, `requested_at`, `updated_at`) VALUES ('760', '760', 'unfriended', '2006-01-13 01:54:47', '1977-11-18 17:00:00');
INSERT INTO `friend_requests` (`initiator_user_id`, `target_user_id`, `status`, `requested_at`, `updated_at`) VALUES ('761', '761', 'approved', '1975-11-25 20:43:30', '2020-01-31 10:25:32');
INSERT INTO `friend_requests` (`initiator_user_id`, `target_user_id`, `status`, `requested_at`, `updated_at`) VALUES ('763', '763', 'unfriended', '1984-10-30 15:09:51', '1977-02-26 13:29:09');
INSERT INTO `friend_requests` (`initiator_user_id`, `target_user_id`, `status`, `requested_at`, `updated_at`) VALUES ('765', '765', 'requested', '2012-05-19 17:56:53', '1986-06-01 00:55:15');
INSERT INTO `friend_requests` (`initiator_user_id`, `target_user_id`, `status`, `requested_at`, `updated_at`) VALUES ('767', '767', 'declined', '2000-10-08 21:58:54', '1970-10-19 22:15:05');
INSERT INTO `friend_requests` (`initiator_user_id`, `target_user_id`, `status`, `requested_at`, `updated_at`) VALUES ('768', '768', 'approved', '1989-01-02 19:12:20', '2006-12-21 12:08:14');
INSERT INTO `friend_requests` (`initiator_user_id`, `target_user_id`, `status`, `requested_at`, `updated_at`) VALUES ('773', '773', 'unfriended', '2008-04-12 07:05:54', '2007-06-29 00:16:53');
INSERT INTO `friend_requests` (`initiator_user_id`, `target_user_id`, `status`, `requested_at`, `updated_at`) VALUES ('776', '776', 'approved', '2001-04-09 07:39:34', '2010-09-07 08:19:09');
INSERT INTO `friend_requests` (`initiator_user_id`, `target_user_id`, `status`, `requested_at`, `updated_at`) VALUES ('777', '777', 'requested', '1985-03-11 05:22:02', '1972-09-15 04:42:38');
INSERT INTO `friend_requests` (`initiator_user_id`, `target_user_id`, `status`, `requested_at`, `updated_at`) VALUES ('778', '778', 'requested', '2011-01-28 00:38:46', '2000-10-25 02:59:19');
INSERT INTO `friend_requests` (`initiator_user_id`, `target_user_id`, `status`, `requested_at`, `updated_at`) VALUES ('779', '779', 'declined', '1995-10-29 05:30:27', '1996-05-02 04:25:05');
INSERT INTO `friend_requests` (`initiator_user_id`, `target_user_id`, `status`, `requested_at`, `updated_at`) VALUES ('783', '783', 'declined', '2014-03-21 01:31:23', '1976-09-05 23:56:06');
INSERT INTO `friend_requests` (`initiator_user_id`, `target_user_id`, `status`, `requested_at`, `updated_at`) VALUES ('784', '784', 'approved', '1988-09-19 20:10:06', '1993-06-16 16:42:16');
INSERT INTO `friend_requests` (`initiator_user_id`, `target_user_id`, `status`, `requested_at`, `updated_at`) VALUES ('787', '787', 'unfriended', '1970-09-07 20:16:34', '2009-10-15 17:40:55');
INSERT INTO `friend_requests` (`initiator_user_id`, `target_user_id`, `status`, `requested_at`, `updated_at`) VALUES ('793', '793', 'unfriended', '2003-10-10 08:30:12', '2018-05-17 02:23:10');
INSERT INTO `friend_requests` (`initiator_user_id`, `target_user_id`, `status`, `requested_at`, `updated_at`) VALUES ('795', '795', 'unfriended', '1990-05-30 20:34:02', '1979-11-07 16:12:52');
INSERT INTO `friend_requests` (`initiator_user_id`, `target_user_id`, `status`, `requested_at`, `updated_at`) VALUES ('797', '797', 'unfriended', '1980-01-19 03:26:36', '1981-01-06 01:42:22');
INSERT INTO `friend_requests` (`initiator_user_id`, `target_user_id`, `status`, `requested_at`, `updated_at`) VALUES ('803', '803', 'requested', '1979-03-15 22:19:06', '2011-09-27 23:27:11');
INSERT INTO `friend_requests` (`initiator_user_id`, `target_user_id`, `status`, `requested_at`, `updated_at`) VALUES ('804', '804', 'requested', '2007-10-07 13:42:26', '2013-09-18 03:27:59');
INSERT INTO `friend_requests` (`initiator_user_id`, `target_user_id`, `status`, `requested_at`, `updated_at`) VALUES ('805', '805', 'approved', '2008-01-08 06:01:33', '1996-09-15 07:22:45');
INSERT INTO `friend_requests` (`initiator_user_id`, `target_user_id`, `status`, `requested_at`, `updated_at`) VALUES ('807', '807', 'approved', '2001-12-27 21:35:43', '1971-08-08 13:52:24');
INSERT INTO `friend_requests` (`initiator_user_id`, `target_user_id`, `status`, `requested_at`, `updated_at`) VALUES ('808', '808', 'approved', '2010-03-03 00:06:40', '1991-12-24 14:45:22');
INSERT INTO `friend_requests` (`initiator_user_id`, `target_user_id`, `status`, `requested_at`, `updated_at`) VALUES ('809', '809', 'requested', '1998-01-07 20:52:46', '1977-06-03 20:47:27');
INSERT INTO `friend_requests` (`initiator_user_id`, `target_user_id`, `status`, `requested_at`, `updated_at`) VALUES ('810', '810', 'approved', '2014-04-27 06:30:44', '2012-02-22 10:42:40');
INSERT INTO `friend_requests` (`initiator_user_id`, `target_user_id`, `status`, `requested_at`, `updated_at`) VALUES ('812', '812', 'declined', '1977-05-07 20:11:26', '1980-06-20 23:07:47');
INSERT INTO `friend_requests` (`initiator_user_id`, `target_user_id`, `status`, `requested_at`, `updated_at`) VALUES ('814', '814', 'approved', '2020-07-01 06:05:28', '2014-03-07 10:40:51');
INSERT INTO `friend_requests` (`initiator_user_id`, `target_user_id`, `status`, `requested_at`, `updated_at`) VALUES ('819', '819', 'requested', '1975-03-24 21:54:57', '2015-03-18 04:33:23');
INSERT INTO `friend_requests` (`initiator_user_id`, `target_user_id`, `status`, `requested_at`, `updated_at`) VALUES ('820', '820', 'declined', '1978-07-27 16:37:35', '1971-09-11 07:51:34');
INSERT INTO `friend_requests` (`initiator_user_id`, `target_user_id`, `status`, `requested_at`, `updated_at`) VALUES ('821', '821', 'unfriended', '2014-03-25 00:38:42', '1999-10-20 16:46:42');
INSERT INTO `friend_requests` (`initiator_user_id`, `target_user_id`, `status`, `requested_at`, `updated_at`) VALUES ('822', '822', 'requested', '2020-02-09 12:00:04', '1979-06-13 15:15:50');
INSERT INTO `friend_requests` (`initiator_user_id`, `target_user_id`, `status`, `requested_at`, `updated_at`) VALUES ('824', '824', 'requested', '2011-11-28 05:40:35', '2004-10-23 10:38:42');
INSERT INTO `friend_requests` (`initiator_user_id`, `target_user_id`, `status`, `requested_at`, `updated_at`) VALUES ('828', '828', 'declined', '2020-12-20 09:49:47', '1980-11-22 15:43:24');
INSERT INTO `friend_requests` (`initiator_user_id`, `target_user_id`, `status`, `requested_at`, `updated_at`) VALUES ('830', '830', 'requested', '1993-03-10 21:24:14', '1999-08-13 04:23:16');
INSERT INTO `friend_requests` (`initiator_user_id`, `target_user_id`, `status`, `requested_at`, `updated_at`) VALUES ('832', '832', 'unfriended', '1996-04-04 17:57:20', '1985-04-13 02:25:26');
INSERT INTO `friend_requests` (`initiator_user_id`, `target_user_id`, `status`, `requested_at`, `updated_at`) VALUES ('834', '834', 'requested', '2002-10-30 02:19:55', '2017-01-03 13:08:15');
INSERT INTO `friend_requests` (`initiator_user_id`, `target_user_id`, `status`, `requested_at`, `updated_at`) VALUES ('835', '835', 'approved', '2008-10-18 07:08:31', '1976-06-14 19:52:41');
INSERT INTO `friend_requests` (`initiator_user_id`, `target_user_id`, `status`, `requested_at`, `updated_at`) VALUES ('838', '838', 'requested', '1992-07-08 09:37:35', '1980-08-16 01:21:58');
INSERT INTO `friend_requests` (`initiator_user_id`, `target_user_id`, `status`, `requested_at`, `updated_at`) VALUES ('839', '839', 'declined', '1979-08-04 07:05:09', '1986-06-02 22:41:36');


#
# TABLE STRUCTURE FOR: likes
#

DROP TABLE IF EXISTS `likes`;

CREATE TABLE `likes` (
  `id` bigint(20) unsigned NOT NULL AUTO_INCREMENT,
  `user_id` bigint(20) unsigned NOT NULL,
  `media_id` bigint(20) unsigned NOT NULL,
  `created_at` datetime DEFAULT current_timestamp(),
  UNIQUE KEY `id` (`id`)
) ENGINE=InnoDB AUTO_INCREMENT=101 DEFAULT CHARSET=utf8mb4 COLLATE=utf8mb4_unicode_ci;

INSERT INTO `likes` (`id`, `user_id`, `media_id`, `created_at`) VALUES ('1', '501', '1', '2004-07-05 03:50:17');
INSERT INTO `likes` (`id`, `user_id`, `media_id`, `created_at`) VALUES ('2', '502', '2', '1993-11-23 20:31:52');
INSERT INTO `likes` (`id`, `user_id`, `media_id`, `created_at`) VALUES ('3', '503', '3', '2018-10-09 04:32:18');
INSERT INTO `likes` (`id`, `user_id`, `media_id`, `created_at`) VALUES ('4', '504', '4', '1972-01-03 03:31:56');
INSERT INTO `likes` (`id`, `user_id`, `media_id`, `created_at`) VALUES ('5', '505', '5', '2006-12-23 19:32:19');
INSERT INTO `likes` (`id`, `user_id`, `media_id`, `created_at`) VALUES ('6', '507', '6', '1986-06-16 11:52:07');
INSERT INTO `likes` (`id`, `user_id`, `media_id`, `created_at`) VALUES ('7', '509', '7', '2007-02-19 21:33:17');
INSERT INTO `likes` (`id`, `user_id`, `media_id`, `created_at`) VALUES ('8', '510', '8', '2016-01-07 03:43:52');
INSERT INTO `likes` (`id`, `user_id`, `media_id`, `created_at`) VALUES ('9', '511', '9', '1982-06-11 03:53:39');
INSERT INTO `likes` (`id`, `user_id`, `media_id`, `created_at`) VALUES ('10', '512', '10', '1993-01-04 19:32:09');
INSERT INTO `likes` (`id`, `user_id`, `media_id`, `created_at`) VALUES ('11', '513', '11', '1972-12-09 09:23:09');
INSERT INTO `likes` (`id`, `user_id`, `media_id`, `created_at`) VALUES ('12', '515', '12', '1991-10-12 17:10:11');
INSERT INTO `likes` (`id`, `user_id`, `media_id`, `created_at`) VALUES ('13', '516', '13', '2008-07-21 00:11:50');
INSERT INTO `likes` (`id`, `user_id`, `media_id`, `created_at`) VALUES ('14', '518', '14', '2013-04-07 14:26:21');
INSERT INTO `likes` (`id`, `user_id`, `media_id`, `created_at`) VALUES ('15', '519', '15', '2018-01-09 18:26:55');
INSERT INTO `likes` (`id`, `user_id`, `media_id`, `created_at`) VALUES ('16', '520', '16', '2019-12-10 16:44:56');
INSERT INTO `likes` (`id`, `user_id`, `media_id`, `created_at`) VALUES ('17', '522', '17', '2019-04-10 07:18:32');
INSERT INTO `likes` (`id`, `user_id`, `media_id`, `created_at`) VALUES ('18', '523', '18', '1977-06-11 13:41:14');
INSERT INTO `likes` (`id`, `user_id`, `media_id`, `created_at`) VALUES ('19', '530', '19', '2021-04-23 04:33:04');
INSERT INTO `likes` (`id`, `user_id`, `media_id`, `created_at`) VALUES ('20', '532', '20', '1991-10-29 14:26:43');
INSERT INTO `likes` (`id`, `user_id`, `media_id`, `created_at`) VALUES ('21', '533', '21', '1976-06-03 11:45:57');
INSERT INTO `likes` (`id`, `user_id`, `media_id`, `created_at`) VALUES ('22', '534', '22', '1984-05-31 19:29:47');
INSERT INTO `likes` (`id`, `user_id`, `media_id`, `created_at`) VALUES ('23', '537', '23', '1998-08-13 05:47:46');
INSERT INTO `likes` (`id`, `user_id`, `media_id`, `created_at`) VALUES ('24', '538', '24', '2008-02-11 00:59:34');
INSERT INTO `likes` (`id`, `user_id`, `media_id`, `created_at`) VALUES ('25', '539', '25', '2020-07-14 00:40:43');
INSERT INTO `likes` (`id`, `user_id`, `media_id`, `created_at`) VALUES ('26', '542', '26', '1998-12-01 09:47:30');
INSERT INTO `likes` (`id`, `user_id`, `media_id`, `created_at`) VALUES ('27', '543', '27', '1975-08-23 20:57:24');
INSERT INTO `likes` (`id`, `user_id`, `media_id`, `created_at`) VALUES ('28', '546', '28', '2010-12-01 06:43:24');
INSERT INTO `likes` (`id`, `user_id`, `media_id`, `created_at`) VALUES ('29', '547', '29', '1977-01-16 13:35:14');
INSERT INTO `likes` (`id`, `user_id`, `media_id`, `created_at`) VALUES ('30', '548', '30', '1991-03-07 19:00:21');
INSERT INTO `likes` (`id`, `user_id`, `media_id`, `created_at`) VALUES ('31', '549', '31', '1999-11-16 13:34:47');
INSERT INTO `likes` (`id`, `user_id`, `media_id`, `created_at`) VALUES ('32', '550', '32', '1999-02-15 07:21:05');
INSERT INTO `likes` (`id`, `user_id`, `media_id`, `created_at`) VALUES ('33', '552', '33', '1973-01-10 16:21:54');
INSERT INTO `likes` (`id`, `user_id`, `media_id`, `created_at`) VALUES ('34', '554', '34', '2017-12-05 07:23:37');
INSERT INTO `likes` (`id`, `user_id`, `media_id`, `created_at`) VALUES ('35', '555', '35', '1995-02-22 21:48:53');
INSERT INTO `likes` (`id`, `user_id`, `media_id`, `created_at`) VALUES ('36', '559', '36', '2017-01-28 01:00:16');
INSERT INTO `likes` (`id`, `user_id`, `media_id`, `created_at`) VALUES ('37', '561', '37', '2017-09-24 10:34:05');
INSERT INTO `likes` (`id`, `user_id`, `media_id`, `created_at`) VALUES ('38', '564', '38', '1996-09-01 23:55:41');
INSERT INTO `likes` (`id`, `user_id`, `media_id`, `created_at`) VALUES ('39', '565', '39', '2008-08-03 09:39:36');
INSERT INTO `likes` (`id`, `user_id`, `media_id`, `created_at`) VALUES ('40', '566', '40', '2013-04-16 01:25:30');
INSERT INTO `likes` (`id`, `user_id`, `media_id`, `created_at`) VALUES ('41', '568', '41', '1977-06-06 01:09:22');
INSERT INTO `likes` (`id`, `user_id`, `media_id`, `created_at`) VALUES ('42', '569', '42', '1986-02-17 10:54:52');
INSERT INTO `likes` (`id`, `user_id`, `media_id`, `created_at`) VALUES ('43', '570', '43', '2006-02-25 05:07:12');
INSERT INTO `likes` (`id`, `user_id`, `media_id`, `created_at`) VALUES ('44', '571', '44', '1971-05-19 22:04:59');
INSERT INTO `likes` (`id`, `user_id`, `media_id`, `created_at`) VALUES ('45', '572', '45', '1988-10-19 22:48:16');
INSERT INTO `likes` (`id`, `user_id`, `media_id`, `created_at`) VALUES ('46', '574', '46', '2014-12-09 17:20:53');
INSERT INTO `likes` (`id`, `user_id`, `media_id`, `created_at`) VALUES ('47', '575', '47', '2003-09-28 02:46:40');
INSERT INTO `likes` (`id`, `user_id`, `media_id`, `created_at`) VALUES ('48', '578', '48', '1978-07-03 22:05:16');
INSERT INTO `likes` (`id`, `user_id`, `media_id`, `created_at`) VALUES ('49', '580', '49', '1984-07-04 05:12:15');
INSERT INTO `likes` (`id`, `user_id`, `media_id`, `created_at`) VALUES ('50', '582', '50', '2001-09-15 20:49:20');
INSERT INTO `likes` (`id`, `user_id`, `media_id`, `created_at`) VALUES ('51', '583', '51', '2018-06-21 16:17:40');
INSERT INTO `likes` (`id`, `user_id`, `media_id`, `created_at`) VALUES ('52', '584', '52', '2001-11-27 09:30:21');
INSERT INTO `likes` (`id`, `user_id`, `media_id`, `created_at`) VALUES ('53', '585', '53', '1997-07-15 20:03:18');
INSERT INTO `likes` (`id`, `user_id`, `media_id`, `created_at`) VALUES ('54', '586', '54', '1973-01-28 12:51:03');
INSERT INTO `likes` (`id`, `user_id`, `media_id`, `created_at`) VALUES ('55', '587', '55', '1973-03-04 23:20:25');
INSERT INTO `likes` (`id`, `user_id`, `media_id`, `created_at`) VALUES ('56', '588', '56', '1982-11-10 15:05:49');
INSERT INTO `likes` (`id`, `user_id`, `media_id`, `created_at`) VALUES ('57', '590', '57', '2002-12-05 20:01:36');
INSERT INTO `likes` (`id`, `user_id`, `media_id`, `created_at`) VALUES ('58', '591', '58', '1972-09-11 19:33:31');
INSERT INTO `likes` (`id`, `user_id`, `media_id`, `created_at`) VALUES ('59', '595', '59', '2011-05-31 00:40:24');
INSERT INTO `likes` (`id`, `user_id`, `media_id`, `created_at`) VALUES ('60', '596', '60', '1992-04-14 07:08:01');
INSERT INTO `likes` (`id`, `user_id`, `media_id`, `created_at`) VALUES ('61', '597', '61', '2012-12-27 10:54:35');
INSERT INTO `likes` (`id`, `user_id`, `media_id`, `created_at`) VALUES ('62', '598', '62', '1998-11-27 01:00:46');
INSERT INTO `likes` (`id`, `user_id`, `media_id`, `created_at`) VALUES ('63', '601', '63', '1999-07-11 14:43:07');
INSERT INTO `likes` (`id`, `user_id`, `media_id`, `created_at`) VALUES ('64', '603', '64', '1978-05-10 18:46:36');
INSERT INTO `likes` (`id`, `user_id`, `media_id`, `created_at`) VALUES ('65', '605', '65', '2019-01-23 09:40:17');
INSERT INTO `likes` (`id`, `user_id`, `media_id`, `created_at`) VALUES ('66', '607', '66', '2020-11-05 23:54:31');
INSERT INTO `likes` (`id`, `user_id`, `media_id`, `created_at`) VALUES ('67', '610', '67', '2009-12-29 12:03:11');
INSERT INTO `likes` (`id`, `user_id`, `media_id`, `created_at`) VALUES ('68', '611', '68', '2015-04-19 08:41:11');
INSERT INTO `likes` (`id`, `user_id`, `media_id`, `created_at`) VALUES ('69', '612', '69', '2015-05-04 22:24:46');
INSERT INTO `likes` (`id`, `user_id`, `media_id`, `created_at`) VALUES ('70', '614', '70', '1993-05-18 08:49:25');
INSERT INTO `likes` (`id`, `user_id`, `media_id`, `created_at`) VALUES ('71', '616', '71', '2015-07-01 04:13:31');
INSERT INTO `likes` (`id`, `user_id`, `media_id`, `created_at`) VALUES ('72', '617', '72', '2017-10-24 23:55:30');
INSERT INTO `likes` (`id`, `user_id`, `media_id`, `created_at`) VALUES ('73', '618', '73', '2005-07-21 07:20:35');
INSERT INTO `likes` (`id`, `user_id`, `media_id`, `created_at`) VALUES ('74', '620', '74', '1993-01-23 04:03:51');
INSERT INTO `likes` (`id`, `user_id`, `media_id`, `created_at`) VALUES ('75', '621', '75', '2004-12-25 14:07:16');
INSERT INTO `likes` (`id`, `user_id`, `media_id`, `created_at`) VALUES ('76', '622', '76', '2002-09-29 02:23:20');
INSERT INTO `likes` (`id`, `user_id`, `media_id`, `created_at`) VALUES ('77', '627', '77', '1972-07-01 05:01:32');
INSERT INTO `likes` (`id`, `user_id`, `media_id`, `created_at`) VALUES ('78', '631', '78', '1970-12-07 05:47:18');
INSERT INTO `likes` (`id`, `user_id`, `media_id`, `created_at`) VALUES ('79', '633', '79', '1985-07-24 05:59:25');
INSERT INTO `likes` (`id`, `user_id`, `media_id`, `created_at`) VALUES ('80', '635', '80', '1977-08-11 12:59:38');
INSERT INTO `likes` (`id`, `user_id`, `media_id`, `created_at`) VALUES ('81', '638', '81', '1998-03-20 13:17:49');
INSERT INTO `likes` (`id`, `user_id`, `media_id`, `created_at`) VALUES ('82', '639', '82', '2003-02-01 13:51:03');
INSERT INTO `likes` (`id`, `user_id`, `media_id`, `created_at`) VALUES ('83', '640', '83', '2008-07-27 18:48:59');
INSERT INTO `likes` (`id`, `user_id`, `media_id`, `created_at`) VALUES ('84', '641', '84', '1986-11-21 12:18:12');
INSERT INTO `likes` (`id`, `user_id`, `media_id`, `created_at`) VALUES ('85', '645', '85', '1970-06-28 15:29:29');
INSERT INTO `likes` (`id`, `user_id`, `media_id`, `created_at`) VALUES ('86', '647', '86', '1999-04-15 08:39:19');
INSERT INTO `likes` (`id`, `user_id`, `media_id`, `created_at`) VALUES ('87', '648', '87', '1973-01-28 16:25:08');
INSERT INTO `likes` (`id`, `user_id`, `media_id`, `created_at`) VALUES ('88', '649', '88', '2007-08-04 21:07:44');
INSERT INTO `likes` (`id`, `user_id`, `media_id`, `created_at`) VALUES ('89', '650', '89', '2007-05-14 02:19:30');
INSERT INTO `likes` (`id`, `user_id`, `media_id`, `created_at`) VALUES ('90', '651', '90', '1980-03-26 10:01:10');
INSERT INTO `likes` (`id`, `user_id`, `media_id`, `created_at`) VALUES ('91', '652', '91', '1995-06-01 05:17:59');
INSERT INTO `likes` (`id`, `user_id`, `media_id`, `created_at`) VALUES ('92', '654', '92', '2019-05-28 22:24:50');
INSERT INTO `likes` (`id`, `user_id`, `media_id`, `created_at`) VALUES ('93', '655', '93', '2004-11-13 16:11:51');
INSERT INTO `likes` (`id`, `user_id`, `media_id`, `created_at`) VALUES ('94', '656', '94', '1996-04-14 19:41:23');
INSERT INTO `likes` (`id`, `user_id`, `media_id`, `created_at`) VALUES ('95', '657', '95', '2004-01-10 14:08:10');
INSERT INTO `likes` (`id`, `user_id`, `media_id`, `created_at`) VALUES ('96', '659', '96', '2018-09-25 15:11:31');
INSERT INTO `likes` (`id`, `user_id`, `media_id`, `created_at`) VALUES ('97', '660', '97', '1973-11-01 15:48:54');
INSERT INTO `likes` (`id`, `user_id`, `media_id`, `created_at`) VALUES ('98', '661', '98', '2001-06-12 20:39:20');
INSERT INTO `likes` (`id`, `user_id`, `media_id`, `created_at`) VALUES ('99', '662', '99', '1985-05-03 10:09:05');
INSERT INTO `likes` (`id`, `user_id`, `media_id`, `created_at`) VALUES ('100', '664', '100', '2010-11-07 00:13:16');


#
# TABLE STRUCTURE FOR: media
#

DROP TABLE IF EXISTS `media`;

CREATE TABLE `media` (
  `id` bigint(20) unsigned NOT NULL AUTO_INCREMENT,
  `media_type_id` bigint(20) unsigned NOT NULL,
  `user_id` bigint(20) unsigned NOT NULL,
  `body` text COLLATE utf8mb4_unicode_ci DEFAULT NULL,
  `filename` varchar(255) COLLATE utf8mb4_unicode_ci DEFAULT NULL,
  `size` int(11) DEFAULT NULL,
  `metadata` longtext CHARACTER SET utf8mb4 COLLATE utf8mb4_bin DEFAULT NULL CHECK (json_valid(`metadata`)),
  `created_at` datetime DEFAULT current_timestamp(),
  `updated_at` datetime DEFAULT NULL ON UPDATE current_timestamp(),
  UNIQUE KEY `id` (`id`),
  KEY `user_id` (`user_id`),
  KEY `media_type_id` (`media_type_id`),
  CONSTRAINT `media_ibfk_1` FOREIGN KEY (`user_id`) REFERENCES `users` (`id`),
  CONSTRAINT `media_ibfk_2` FOREIGN KEY (`media_type_id`) REFERENCES `media_types` (`id`)
) ENGINE=InnoDB AUTO_INCREMENT=501 DEFAULT CHARSET=utf8mb4 COLLATE=utf8mb4_unicode_ci;

INSERT INTO `media` (`id`, `media_type_id`, `user_id`, `body`, `filename`, `size`, `metadata`, `created_at`, `updated_at`) VALUES ('1', '1', '501', 'Possimus inventore illo odit error quis aut quibusdam autem. Sunt fuga error accusantium ullam voluptas. Occaecati quisquam qui harum dicta voluptatem non. Omnis numquam sed tenetur saepe.', 'quia', 48646086, NULL, '1994-04-10 14:22:29', '1997-07-19 20:36:06');
INSERT INTO `media` (`id`, `media_type_id`, `user_id`, `body`, `filename`, `size`, `metadata`, `created_at`, `updated_at`) VALUES ('2', '2', '502', 'Qui maiores et ea quibusdam modi. Blanditiis quis et ullam dolorum consequuntur. Quo est et ipsa dignissimos nobis deserunt molestiae.', 'optio', 2, NULL, '1993-10-21 10:04:56', '2018-04-03 21:26:26');
INSERT INTO `media` (`id`, `media_type_id`, `user_id`, `body`, `filename`, `size`, `metadata`, `created_at`, `updated_at`) VALUES ('3', '3', '503', 'Accusantium sit eos non est tempore hic expedita. Dolore dolorem voluptate totam dolore facilis et. Vero et quisquam illo consequatur. Fugiat cum aut voluptates ipsam maxime dolore omnis.', 'itaque', 0, NULL, '1981-07-15 17:00:21', '2014-04-19 04:12:04');
INSERT INTO `media` (`id`, `media_type_id`, `user_id`, `body`, `filename`, `size`, `metadata`, `created_at`, `updated_at`) VALUES ('4', '4', '504', 'Ipsam consectetur ipsa fugit est est occaecati. Qui nulla molestiae rerum sequi. Qui facilis totam et repudiandae.', 'in', 0, NULL, '1973-10-27 13:50:17', '1980-04-09 08:04:13');
INSERT INTO `media` (`id`, `media_type_id`, `user_id`, `body`, `filename`, `size`, `metadata`, `created_at`, `updated_at`) VALUES ('5', '1', '505', 'Aperiam enim id qui iure ducimus. Rerum minus totam est. Libero ut quibusdam amet harum consequatur et dicta. Consequatur vero sint doloribus id totam adipisci.', 'laudantium', 48317, NULL, '1978-06-03 05:16:34', '1979-03-10 21:58:49');
INSERT INTO `media` (`id`, `media_type_id`, `user_id`, `body`, `filename`, `size`, `metadata`, `created_at`, `updated_at`) VALUES ('6', '2', '507', 'Iure quos qui deleniti ut. Dignissimos commodi ut sequi in non nihil aliquam cum. Eum doloremque omnis voluptatem corporis sapiente.', 'dicta', 89650244, NULL, '1985-01-08 06:17:27', '1978-06-18 03:04:04');
INSERT INTO `media` (`id`, `media_type_id`, `user_id`, `body`, `filename`, `size`, `metadata`, `created_at`, `updated_at`) VALUES ('7', '3', '509', 'Itaque culpa aliquam quam inventore vel illum ad. Asperiores aut distinctio quia dolorem commodi magnam ea. In asperiores est minus nobis. Adipisci qui voluptate voluptatem sit in odit.', 'similique', 6562, NULL, '1978-05-14 14:50:56', '1970-04-24 22:45:00');
INSERT INTO `media` (`id`, `media_type_id`, `user_id`, `body`, `filename`, `size`, `metadata`, `created_at`, `updated_at`) VALUES ('8', '4', '510', 'Quia quidem quasi vitae esse. Aut aspernatur a quia error. Quia voluptas modi consequatur dolores quia perspiciatis.', 'velit', 94335, NULL, '1980-12-31 04:54:19', '1979-11-29 12:25:40');
INSERT INTO `media` (`id`, `media_type_id`, `user_id`, `body`, `filename`, `size`, `metadata`, `created_at`, `updated_at`) VALUES ('9', '1', '511', 'Ipsam in in est ratione dolores repellendus. In consectetur est aperiam est harum perferendis. Et qui illum unde deserunt.', 'qui', 459864, NULL, '2019-06-17 05:50:50', '2006-03-24 16:53:51');
INSERT INTO `media` (`id`, `media_type_id`, `user_id`, `body`, `filename`, `size`, `metadata`, `created_at`, `updated_at`) VALUES ('10', '2', '512', 'Quis excepturi ex quo molestiae. Officia architecto sed amet placeat sit. Velit rerum qui distinctio asperiores velit impedit. Sunt non rerum nihil sed qui quam.', 'ut', 0, NULL, '2012-06-15 07:42:05', '2015-02-01 03:50:26');
INSERT INTO `media` (`id`, `media_type_id`, `user_id`, `body`, `filename`, `size`, `metadata`, `created_at`, `updated_at`) VALUES ('11', '3', '513', 'Molestiae sed non corrupti commodi ut facere totam. Debitis quia sit aspernatur nostrum qui quia ut. Quia dolores quos minus fugit. Blanditiis voluptate aspernatur mollitia facilis iusto nobis.', 'accusamus', 1, NULL, '2003-04-15 21:08:39', '1984-10-12 18:40:49');
INSERT INTO `media` (`id`, `media_type_id`, `user_id`, `body`, `filename`, `size`, `metadata`, `created_at`, `updated_at`) VALUES ('12', '4', '515', 'Suscipit quo quo placeat. Quidem ipsam ea porro. Qui dolorem dicta dolor repellendus distinctio est cupiditate. Quia aperiam molestias ad et esse et expedita.', 'laborum', 3354, NULL, '1997-01-01 03:12:05', '1979-02-17 01:22:47');
INSERT INTO `media` (`id`, `media_type_id`, `user_id`, `body`, `filename`, `size`, `metadata`, `created_at`, `updated_at`) VALUES ('13', '1', '516', 'Debitis amet et cumque similique velit. Dolor impedit hic error voluptates alias voluptates non aut. Dolor praesentium vel iusto voluptatem reprehenderit.', 'repellendus', 7402, NULL, '1976-05-04 07:18:46', '1991-07-13 20:10:01');
INSERT INTO `media` (`id`, `media_type_id`, `user_id`, `body`, `filename`, `size`, `metadata`, `created_at`, `updated_at`) VALUES ('14', '2', '518', 'Quas harum quas asperiores et. Enim autem quo non et qui. Provident est natus fugiat ea sed nulla dolor. Adipisci voluptatem et vitae voluptatum et voluptas laudantium sed.', 'ipsum', 636, NULL, '2010-07-09 04:47:52', '1989-09-05 19:04:02');
INSERT INTO `media` (`id`, `media_type_id`, `user_id`, `body`, `filename`, `size`, `metadata`, `created_at`, `updated_at`) VALUES ('15', '3', '519', 'Voluptatibus reiciendis ipsa molestias consequatur eum debitis voluptas nam. Nemo eligendi ratione harum aliquam fugit temporibus deserunt. Sit sed rem eum qui quasi animi eos veniam.', 'autem', 0, NULL, '1975-08-19 22:33:17', '1996-04-11 23:26:43');
INSERT INTO `media` (`id`, `media_type_id`, `user_id`, `body`, `filename`, `size`, `metadata`, `created_at`, `updated_at`) VALUES ('16', '4', '520', 'Hic itaque voluptas nesciunt aliquam sunt. Ab ut minus perferendis velit. Voluptatem expedita minus distinctio molestias est.', 'accusamus', 6, NULL, '1998-02-12 09:31:18', '1998-08-01 02:03:00');
INSERT INTO `media` (`id`, `media_type_id`, `user_id`, `body`, `filename`, `size`, `metadata`, `created_at`, `updated_at`) VALUES ('17', '1', '522', 'Ipsa eos ea et nihil et. Accusantium ut rerum facere aut veritatis qui illum. Vitae et occaecati minus sapiente libero.', 'doloribus', 4515616, NULL, '1981-06-28 05:14:18', '2015-01-24 13:27:47');
INSERT INTO `media` (`id`, `media_type_id`, `user_id`, `body`, `filename`, `size`, `metadata`, `created_at`, `updated_at`) VALUES ('18', '2', '523', 'Saepe vel in quam harum itaque. Porro deleniti deleniti quam. Reprehenderit veritatis facere molestias et facilis. Placeat et veniam expedita voluptates.', 'veritatis', 82383407, NULL, '1980-07-25 07:09:42', '1996-05-27 01:13:35');
INSERT INTO `media` (`id`, `media_type_id`, `user_id`, `body`, `filename`, `size`, `metadata`, `created_at`, `updated_at`) VALUES ('19', '3', '530', 'Quia eum voluptatem dolorem tenetur minima. Itaque nisi dolores exercitationem accusantium quo in aut. Exercitationem accusantium totam et rem. Dolore est rerum impedit vel nemo aut. Sapiente deserunt quidem suscipit atque laudantium tempora doloribus.', 'voluptate', 4, NULL, '1973-06-15 14:16:46', '2006-09-12 17:47:32');
INSERT INTO `media` (`id`, `media_type_id`, `user_id`, `body`, `filename`, `size`, `metadata`, `created_at`, `updated_at`) VALUES ('20', '4', '532', 'Aut praesentium voluptatem cupiditate velit doloremque aut et. Beatae voluptas rerum eius. Mollitia aspernatur repudiandae autem dolore et quis ad. Deleniti molestiae sed quia error.', 'voluptas', 78161157, NULL, '1978-11-06 12:39:35', '1979-09-07 12:25:32');
INSERT INTO `media` (`id`, `media_type_id`, `user_id`, `body`, `filename`, `size`, `metadata`, `created_at`, `updated_at`) VALUES ('21', '1', '533', 'Repudiandae laboriosam magnam dolores animi veritatis dolorem. Officiis molestias officiis necessitatibus ut sint voluptatem. Dolores nostrum architecto necessitatibus. Libero enim sint ut velit voluptas. Veritatis aut at modi nihil rem sunt autem.', 'voluptatem', 27, NULL, '2013-10-14 00:59:49', '2008-02-28 11:54:35');
INSERT INTO `media` (`id`, `media_type_id`, `user_id`, `body`, `filename`, `size`, `metadata`, `created_at`, `updated_at`) VALUES ('22', '2', '534', 'Officiis corrupti aspernatur quas qui aliquid et. Sint aut dolorem ea et facilis. Excepturi et est voluptas quia laboriosam quod laboriosam blanditiis.', 'voluptatem', 8443, NULL, '1993-08-09 17:44:38', '1995-10-13 00:39:48');
INSERT INTO `media` (`id`, `media_type_id`, `user_id`, `body`, `filename`, `size`, `metadata`, `created_at`, `updated_at`) VALUES ('23', '3', '537', 'Aspernatur quam veritatis et commodi et et quasi. Vel quam officia temporibus soluta nulla voluptatem sapiente fuga. Earum illo quia qui. Illo in sint repellendus unde voluptatum eveniet.', 'numquam', 2106, NULL, '1983-01-24 20:32:05', '1974-07-31 13:07:46');
INSERT INTO `media` (`id`, `media_type_id`, `user_id`, `body`, `filename`, `size`, `metadata`, `created_at`, `updated_at`) VALUES ('24', '4', '538', 'In qui dolor exercitationem. Quae sunt error distinctio quia repudiandae sed. Provident corporis sit consequuntur quod.', 'commodi', 710, NULL, '2015-04-18 04:40:44', '2000-10-15 03:05:46');
INSERT INTO `media` (`id`, `media_type_id`, `user_id`, `body`, `filename`, `size`, `metadata`, `created_at`, `updated_at`) VALUES ('25', '1', '539', 'Qui necessitatibus minima blanditiis assumenda aut quod. Voluptates facere saepe quae voluptate repudiandae nihil. Magnam dolor nesciunt est rerum unde delectus.', 'asperiores', 64325764, NULL, '2013-04-15 17:56:34', '1989-07-16 22:46:05');
INSERT INTO `media` (`id`, `media_type_id`, `user_id`, `body`, `filename`, `size`, `metadata`, `created_at`, `updated_at`) VALUES ('26', '2', '542', 'Vel aut recusandae maiores laboriosam itaque voluptate. Suscipit ut aut amet impedit quod nobis molestias. Vel illo quia occaecati. Cupiditate numquam excepturi facere numquam aut totam eos.', 'fugit', 9220, NULL, '1983-12-04 13:03:11', '2014-06-15 12:17:18');
INSERT INTO `media` (`id`, `media_type_id`, `user_id`, `body`, `filename`, `size`, `metadata`, `created_at`, `updated_at`) VALUES ('27', '3', '543', 'Perspiciatis eos minus labore doloribus. Cum maiores fugit repudiandae tenetur.', 'recusandae', 1774371, NULL, '1997-05-20 08:26:01', '1989-10-11 17:59:50');
INSERT INTO `media` (`id`, `media_type_id`, `user_id`, `body`, `filename`, `size`, `metadata`, `created_at`, `updated_at`) VALUES ('28', '4', '546', 'Excepturi fugiat nulla laborum molestias. Quod voluptatum vero non quis nostrum aut nemo. Nemo animi et molestias neque ratione.', 'repudiandae', 7026445, NULL, '1987-11-11 11:55:27', '2015-05-01 18:50:38');
INSERT INTO `media` (`id`, `media_type_id`, `user_id`, `body`, `filename`, `size`, `metadata`, `created_at`, `updated_at`) VALUES ('29', '1', '547', 'Perspiciatis deleniti voluptas totam consectetur at. Ea non sed dolore inventore qui. Id beatae harum et officiis voluptas.', 'modi', 27, NULL, '1985-03-14 09:53:55', '1986-09-28 23:09:46');
INSERT INTO `media` (`id`, `media_type_id`, `user_id`, `body`, `filename`, `size`, `metadata`, `created_at`, `updated_at`) VALUES ('30', '2', '548', 'Velit debitis cumque aut incidunt sunt. Quia ut tenetur et rerum quis voluptatem sed architecto. Qui ab et quibusdam ducimus mollitia.', 'et', 7529876, NULL, '2018-11-29 12:13:48', '1999-11-12 23:31:46');
INSERT INTO `media` (`id`, `media_type_id`, `user_id`, `body`, `filename`, `size`, `metadata`, `created_at`, `updated_at`) VALUES ('31', '3', '549', 'Voluptas quae dignissimos enim facere sit et impedit dolor. At hic maiores est voluptatem. Praesentium fuga in et consectetur atque nulla praesentium aut.', 'perspiciatis', 761, NULL, '1976-11-29 06:38:02', '2020-03-14 16:30:10');
INSERT INTO `media` (`id`, `media_type_id`, `user_id`, `body`, `filename`, `size`, `metadata`, `created_at`, `updated_at`) VALUES ('32', '4', '550', 'Non omnis ut fugiat non velit iste. Iste architecto modi quidem pariatur quo consequuntur ut. Rem ut est voluptate dignissimos consequuntur.', 'et', 12911496, NULL, '1994-05-30 12:21:18', '1977-12-11 05:08:22');
INSERT INTO `media` (`id`, `media_type_id`, `user_id`, `body`, `filename`, `size`, `metadata`, `created_at`, `updated_at`) VALUES ('33', '1', '552', 'Dolore nobis totam itaque deserunt voluptas doloremque. Eum inventore distinctio quas blanditiis et adipisci temporibus. Veritatis id in non. Possimus labore nobis adipisci voluptates.', 'dolorem', 5339103, NULL, '1977-11-14 20:11:28', '1981-03-07 05:31:21');
INSERT INTO `media` (`id`, `media_type_id`, `user_id`, `body`, `filename`, `size`, `metadata`, `created_at`, `updated_at`) VALUES ('34', '2', '554', 'Suscipit molestias ducimus quia fugit. Omnis aut sequi consequuntur qui deleniti eligendi aperiam. A soluta dolore non qui laborum. Culpa consequatur sed maxime eum.', 'expedita', 97328, NULL, '2009-04-02 08:53:03', '2020-02-17 21:12:30');
INSERT INTO `media` (`id`, `media_type_id`, `user_id`, `body`, `filename`, `size`, `metadata`, `created_at`, `updated_at`) VALUES ('35', '3', '555', 'Cupiditate harum facere vitae qui qui quo. Pariatur et eos omnis sed et repellendus. Voluptas et maxime fugit perferendis totam.', 'quibusdam', 92553058, NULL, '2014-02-01 14:46:11', '2021-05-05 05:41:00');
INSERT INTO `media` (`id`, `media_type_id`, `user_id`, `body`, `filename`, `size`, `metadata`, `created_at`, `updated_at`) VALUES ('36', '4', '559', 'Reprehenderit sed unde voluptate reprehenderit ab voluptates. Nihil aut vero repellat explicabo aliquam perferendis fugiat. Tenetur necessitatibus distinctio dolor itaque totam qui. Reiciendis consequatur neque incidunt ipsa beatae vel. Sed sed quasi vitae.', 'minima', 33845, NULL, '2012-10-08 02:35:38', '2020-07-27 12:39:32');
INSERT INTO `media` (`id`, `media_type_id`, `user_id`, `body`, `filename`, `size`, `metadata`, `created_at`, `updated_at`) VALUES ('37', '1', '561', 'Et perspiciatis voluptatem numquam reprehenderit illum. Aspernatur vero sint quo excepturi. Eum maxime eveniet veniam cumque doloribus voluptatum. Enim porro similique nisi atque dolores. Asperiores accusamus qui molestias qui sit.', 'sit', 5460, NULL, '1976-10-11 23:13:51', '2019-06-12 05:19:13');
INSERT INTO `media` (`id`, `media_type_id`, `user_id`, `body`, `filename`, `size`, `metadata`, `created_at`, `updated_at`) VALUES ('38', '2', '564', 'Natus ut repudiandae cumque ut aliquid. Tempora laudantium accusantium voluptate vel fugit eligendi. Totam quia et enim doloribus.', 'est', 13879, NULL, '2006-10-08 05:49:04', '1977-10-05 06:35:22');
INSERT INTO `media` (`id`, `media_type_id`, `user_id`, `body`, `filename`, `size`, `metadata`, `created_at`, `updated_at`) VALUES ('39', '3', '565', 'Debitis soluta tempore distinctio quo. Inventore iusto autem nihil incidunt sapiente porro. Cupiditate non et nisi molestias iste eos commodi.', 'deserunt', 15069, NULL, '1995-10-30 04:37:07', '1993-02-09 03:48:53');
INSERT INTO `media` (`id`, `media_type_id`, `user_id`, `body`, `filename`, `size`, `metadata`, `created_at`, `updated_at`) VALUES ('40', '4', '566', 'Nihil similique explicabo reprehenderit quasi sed aliquam. Soluta nobis doloribus dolorem eos quia iste rerum. Aliquid sed alias maiores ea porro tenetur quis.', 'voluptas', 209319283, NULL, '1973-10-02 05:42:33', '2016-05-02 03:41:10');
INSERT INTO `media` (`id`, `media_type_id`, `user_id`, `body`, `filename`, `size`, `metadata`, `created_at`, `updated_at`) VALUES ('41', '1', '568', 'Omnis amet corrupti delectus et est. Harum expedita occaecati expedita voluptatibus. Dolore rerum soluta dolore temporibus. Soluta aliquam sint id qui.', 'hic', 911392, NULL, '2019-03-26 16:04:01', '2000-05-06 01:05:40');
INSERT INTO `media` (`id`, `media_type_id`, `user_id`, `body`, `filename`, `size`, `metadata`, `created_at`, `updated_at`) VALUES ('42', '2', '569', 'Sed placeat corrupti est eligendi maxime iusto. Enim aut sed non aut necessitatibus. Omnis fugiat vel et et. Quia fugiat impedit et occaecati sed.', 'quaerat', 80901090, NULL, '1983-05-22 17:44:52', '2005-04-15 04:46:23');
INSERT INTO `media` (`id`, `media_type_id`, `user_id`, `body`, `filename`, `size`, `metadata`, `created_at`, `updated_at`) VALUES ('43', '3', '570', 'Voluptas sapiente commodi quam amet ex. Nesciunt cupiditate exercitationem dolorem cum. Dolores aut debitis quod quo fugiat.', 'nisi', 0, NULL, '2007-11-17 16:32:01', '1993-09-25 23:51:55');
INSERT INTO `media` (`id`, `media_type_id`, `user_id`, `body`, `filename`, `size`, `metadata`, `created_at`, `updated_at`) VALUES ('44', '4', '571', 'Accusantium ipsam impedit repellat dolorum temporibus vel ratione. Eaque est quae veritatis cupiditate nihil necessitatibus. Voluptas ullam aut ea et rerum enim. Non repellat molestiae voluptas sed animi.', 'voluptatibus', 339136, NULL, '2004-04-11 20:25:57', '2021-05-05 05:05:21');
INSERT INTO `media` (`id`, `media_type_id`, `user_id`, `body`, `filename`, `size`, `metadata`, `created_at`, `updated_at`) VALUES ('45', '1', '572', 'Veritatis quia dignissimos aut non. Est qui aut veritatis ipsam quis. Est commodi eligendi qui ducimus necessitatibus ab enim. Sit minus alias modi nulla odio.', 'quo', 0, NULL, '1981-05-01 06:01:27', '1988-02-09 07:56:22');
INSERT INTO `media` (`id`, `media_type_id`, `user_id`, `body`, `filename`, `size`, `metadata`, `created_at`, `updated_at`) VALUES ('46', '2', '574', 'Repudiandae temporibus ipsam ea illum et. Animi voluptatem qui incidunt consequatur distinctio. Blanditiis qui nemo labore sunt possimus itaque. Sit sapiente qui quidem praesentium et quae.', 'eius', 2102, NULL, '2014-06-11 05:31:40', '1993-05-13 18:12:49');
INSERT INTO `media` (`id`, `media_type_id`, `user_id`, `body`, `filename`, `size`, `metadata`, `created_at`, `updated_at`) VALUES ('47', '3', '575', 'Aut atque nam sed error dolorum ut hic totam. Sint molestiae ut sit ullam velit.', 'temporibus', 0, NULL, '2020-08-01 16:53:22', '2019-02-19 22:51:13');
INSERT INTO `media` (`id`, `media_type_id`, `user_id`, `body`, `filename`, `size`, `metadata`, `created_at`, `updated_at`) VALUES ('48', '4', '578', 'Itaque doloremque eos nostrum et quis aliquid quis. Dolores fugit velit quia perspiciatis aperiam doloribus alias. Maiores nulla consequatur beatae nisi minima velit esse.', 'numquam', 8816, NULL, '1998-12-25 08:28:47', '2010-08-06 16:26:23');
INSERT INTO `media` (`id`, `media_type_id`, `user_id`, `body`, `filename`, `size`, `metadata`, `created_at`, `updated_at`) VALUES ('49', '1', '580', 'Est quae quo quo. Beatae qui cumque velit harum commodi a sunt veritatis. Soluta maxime dicta vel ea sed reiciendis quibusdam itaque.', 'ipsum', 0, NULL, '1999-05-17 12:39:16', '2003-08-15 13:17:02');
INSERT INTO `media` (`id`, `media_type_id`, `user_id`, `body`, `filename`, `size`, `metadata`, `created_at`, `updated_at`) VALUES ('50', '2', '582', 'Nostrum illum ab sint odit ea nisi et incidunt. Tempora inventore et ad voluptate omnis distinctio. Voluptatem hic adipisci impedit esse sit. Dolorem eligendi fuga officia hic nihil.', 'ad', 1195, NULL, '1999-04-23 10:34:51', '2010-04-23 04:00:14');
INSERT INTO `media` (`id`, `media_type_id`, `user_id`, `body`, `filename`, `size`, `metadata`, `created_at`, `updated_at`) VALUES ('51', '3', '583', 'Porro nihil a qui iste. Eius aperiam dicta vel veritatis et et laudantium. Impedit voluptatem itaque ullam neque eaque eos sit. A harum cumque error reiciendis dolores accusantium eos.', 'voluptatem', 1, NULL, '1992-02-10 23:50:17', '1984-10-01 13:05:53');
INSERT INTO `media` (`id`, `media_type_id`, `user_id`, `body`, `filename`, `size`, `metadata`, `created_at`, `updated_at`) VALUES ('52', '4', '584', 'Aperiam necessitatibus aut rerum id ut et officia itaque. Sed et qui quam est. Et vero dolorem porro non ut vero nihil.', 'et', 9009988, NULL, '2010-03-12 05:10:58', '1992-11-19 05:14:12');
INSERT INTO `media` (`id`, `media_type_id`, `user_id`, `body`, `filename`, `size`, `metadata`, `created_at`, `updated_at`) VALUES ('53', '1', '585', 'Reprehenderit quia cumque aut sit voluptas labore qui. Nam cumque qui vel unde libero laudantium reiciendis. Dolorum repellendus animi maiores vel aut. Est quo debitis est fuga necessitatibus natus consequatur.', 'aliquam', 891, NULL, '1996-09-05 02:34:35', '1970-03-08 01:36:13');
INSERT INTO `media` (`id`, `media_type_id`, `user_id`, `body`, `filename`, `size`, `metadata`, `created_at`, `updated_at`) VALUES ('54', '2', '586', 'Aut ex aut ipsum iste nemo est odio. Sed maxime nesciunt ut deleniti soluta. Esse cumque ullam nesciunt rerum.', 'asperiores', 2182, NULL, '2010-10-23 06:14:50', '2013-03-19 23:16:29');
INSERT INTO `media` (`id`, `media_type_id`, `user_id`, `body`, `filename`, `size`, `metadata`, `created_at`, `updated_at`) VALUES ('55', '3', '587', 'Esse in veniam at et doloremque iusto. Soluta eligendi eius ad et. Nesciunt distinctio quod labore sit velit ratione optio dolore. Voluptas iusto id libero fugiat.', 'praesentium', 3, NULL, '2012-08-19 02:12:52', '1994-12-23 02:39:41');
INSERT INTO `media` (`id`, `media_type_id`, `user_id`, `body`, `filename`, `size`, `metadata`, `created_at`, `updated_at`) VALUES ('56', '4', '588', 'Voluptatum aspernatur quis pariatur. Doloremque qui accusamus accusamus quos aspernatur harum. Accusantium qui fuga voluptatem eaque. Est sit est sit et in. Laboriosam accusantium velit minima molestias enim dolor at minima.', 'id', 286668110, NULL, '1977-02-23 07:19:14', '1979-12-16 19:23:17');
INSERT INTO `media` (`id`, `media_type_id`, `user_id`, `body`, `filename`, `size`, `metadata`, `created_at`, `updated_at`) VALUES ('57', '1', '590', 'Ex provident aut ullam modi. Accusamus voluptas at quod id eaque. Numquam voluptatem praesentium dolor debitis et. Et blanditiis qui eos soluta assumenda.', 'aperiam', 0, NULL, '1988-12-04 03:22:08', '2000-06-26 21:56:37');
INSERT INTO `media` (`id`, `media_type_id`, `user_id`, `body`, `filename`, `size`, `metadata`, `created_at`, `updated_at`) VALUES ('58', '2', '591', 'Enim hic quia quia repellat perspiciatis. Quidem sequi id odio animi sit. Qui eius ut porro in voluptatem maiores. Accusamus laudantium et provident deserunt temporibus.', 'illum', 83027, NULL, '2010-12-22 02:36:24', '2018-09-14 05:03:37');
INSERT INTO `media` (`id`, `media_type_id`, `user_id`, `body`, `filename`, `size`, `metadata`, `created_at`, `updated_at`) VALUES ('59', '3', '595', 'Repellendus laborum laborum molestiae consectetur aut rerum. Enim modi corporis quos necessitatibus. Odio voluptatum optio quisquam natus aut ipsum dolorem.', 'fugiat', 130052, NULL, '1993-10-10 11:14:57', '1986-09-19 18:13:20');
INSERT INTO `media` (`id`, `media_type_id`, `user_id`, `body`, `filename`, `size`, `metadata`, `created_at`, `updated_at`) VALUES ('60', '4', '596', 'Molestiae sed qui voluptas inventore occaecati. Consequuntur magnam laboriosam ducimus iusto quae et. Eum reprehenderit incidunt similique sit doloribus magnam. Sit quibusdam eos sequi enim ut eos.', 'voluptates', 1, NULL, '1980-03-06 13:37:14', '1977-05-10 00:19:13');
INSERT INTO `media` (`id`, `media_type_id`, `user_id`, `body`, `filename`, `size`, `metadata`, `created_at`, `updated_at`) VALUES ('61', '1', '597', 'Qui quidem in ad deleniti aliquam minima fugit dolor. Totam enim velit doloremque voluptas vel. Quia facere ut accusantium sint deleniti omnis vero temporibus.', 'distinctio', 93624769, NULL, '1984-07-04 22:53:50', '1972-08-24 10:07:12');
INSERT INTO `media` (`id`, `media_type_id`, `user_id`, `body`, `filename`, `size`, `metadata`, `created_at`, `updated_at`) VALUES ('62', '2', '598', 'Sit id eligendi vitae illum ut. Recusandae aliquid animi ratione facere dicta. Laboriosam non quis eos placeat. Nesciunt voluptatibus voluptatibus odio quaerat perferendis rerum.', 'illo', 0, NULL, '2018-10-28 04:51:59', '2016-04-17 19:12:35');
INSERT INTO `media` (`id`, `media_type_id`, `user_id`, `body`, `filename`, `size`, `metadata`, `created_at`, `updated_at`) VALUES ('63', '3', '601', 'Voluptas nostrum doloribus illum perferendis eos ipsam. Optio qui velit ut id blanditiis itaque excepturi similique. Dolorum pariatur similique rerum.', 'earum', 78, NULL, '1999-10-07 17:28:49', '1994-09-21 18:48:40');
INSERT INTO `media` (`id`, `media_type_id`, `user_id`, `body`, `filename`, `size`, `metadata`, `created_at`, `updated_at`) VALUES ('64', '4', '603', 'Distinctio dolores atque in vel. Est alias quis sunt necessitatibus ipsam voluptatem possimus eum. Praesentium perspiciatis quia fuga qui illum.', 'ut', 0, NULL, '2005-06-20 22:08:25', '1972-01-19 00:29:37');
INSERT INTO `media` (`id`, `media_type_id`, `user_id`, `body`, `filename`, `size`, `metadata`, `created_at`, `updated_at`) VALUES ('65', '1', '605', 'Expedita error unde voluptatem assumenda. Nulla odio voluptas ut nisi officia. Necessitatibus error soluta omnis ut dolor esse neque.', 'et', 975, NULL, '1971-06-30 00:23:14', '1976-08-26 00:34:34');
INSERT INTO `media` (`id`, `media_type_id`, `user_id`, `body`, `filename`, `size`, `metadata`, `created_at`, `updated_at`) VALUES ('66', '2', '607', 'Illum nostrum voluptatem eligendi nobis ratione saepe dolor. Sed qui possimus aut temporibus est maxime. Doloremque ut et veniam aspernatur. Quo sapiente at dolores adipisci harum suscipit iste.', 'culpa', 9917, NULL, '1976-04-26 17:30:25', '2014-11-06 02:44:17');
INSERT INTO `media` (`id`, `media_type_id`, `user_id`, `body`, `filename`, `size`, `metadata`, `created_at`, `updated_at`) VALUES ('67', '3', '610', 'Iste animi voluptate repudiandae saepe nobis sapiente qui. Ut repellendus sint deserunt ipsum quia ipsum. Atque dicta repellat eum non nam placeat temporibus exercitationem.', 'qui', 195470, NULL, '2005-10-06 12:36:04', '2000-05-22 07:42:33');
INSERT INTO `media` (`id`, `media_type_id`, `user_id`, `body`, `filename`, `size`, `metadata`, `created_at`, `updated_at`) VALUES ('68', '4', '611', 'Rem quasi expedita quo quod. Illo quae officiis iusto dicta harum. Quia possimus veniam consequatur ut. Ad assumenda expedita rem aut quibusdam voluptate.', 'iste', 737, NULL, '1975-03-01 20:15:09', '2001-07-25 01:52:16');
INSERT INTO `media` (`id`, `media_type_id`, `user_id`, `body`, `filename`, `size`, `metadata`, `created_at`, `updated_at`) VALUES ('69', '1', '612', 'Saepe sapiente vitae harum. Delectus ut dolore quia nulla. Id voluptates est minima quidem est voluptates. Dolore voluptatem natus voluptatem voluptatem mollitia saepe consequatur.', 'iure', 8744, NULL, '2021-02-03 12:07:47', '2004-06-26 19:10:40');
INSERT INTO `media` (`id`, `media_type_id`, `user_id`, `body`, `filename`, `size`, `metadata`, `created_at`, `updated_at`) VALUES ('70', '2', '614', 'Aut explicabo ratione dolores rerum. Ut et voluptatem non id iste neque. Et alias ut quas omnis distinctio.', 'iure', 511583881, NULL, '2004-03-08 12:38:44', '1984-05-23 17:50:41');
INSERT INTO `media` (`id`, `media_type_id`, `user_id`, `body`, `filename`, `size`, `metadata`, `created_at`, `updated_at`) VALUES ('71', '3', '616', 'Atque nesciunt at quia dicta iste provident. Dignissimos non culpa facere unde et nisi. Perferendis aperiam dolor sint id. Quia fuga iusto fuga dolor aliquid earum illo.', 'est', 6, NULL, '2018-07-06 06:15:39', '1992-06-17 02:03:50');
INSERT INTO `media` (`id`, `media_type_id`, `user_id`, `body`, `filename`, `size`, `metadata`, `created_at`, `updated_at`) VALUES ('72', '4', '617', 'Quia consectetur qui nemo dolores. Officia odit non molestiae atque autem praesentium exercitationem. Vero vel aliquam magnam nisi repudiandae. At alias ipsam et omnis magni dolorem delectus cumque.', 'enim', 38, NULL, '1996-09-06 00:52:15', '2017-04-15 18:54:59');
INSERT INTO `media` (`id`, `media_type_id`, `user_id`, `body`, `filename`, `size`, `metadata`, `created_at`, `updated_at`) VALUES ('73', '1', '618', 'Eos ratione rerum sunt et. Ut maiores fugit quia beatae est aut dolore. Libero quia ut magnam debitis.', 'praesentium', 55142736, NULL, '1995-09-03 05:44:21', '1991-04-30 16:57:34');
INSERT INTO `media` (`id`, `media_type_id`, `user_id`, `body`, `filename`, `size`, `metadata`, `created_at`, `updated_at`) VALUES ('74', '2', '620', 'Sit incidunt veniam sit at. Eligendi vel molestiae quam ea illum ea id. Laborum excepturi omnis ut fuga laboriosam vero et praesentium.', 'fugiat', 6, NULL, '1979-07-08 14:54:42', '2011-12-23 01:31:41');
INSERT INTO `media` (`id`, `media_type_id`, `user_id`, `body`, `filename`, `size`, `metadata`, `created_at`, `updated_at`) VALUES ('75', '3', '621', 'Quisquam eum dolores dolorem earum id. Et est voluptate fuga pariatur. Magni numquam maiores sint itaque voluptas velit fugiat. Aut voluptatem minima fugit optio qui.', 'et', 8569316, NULL, '2019-06-09 21:55:54', '1992-10-14 05:46:19');
INSERT INTO `media` (`id`, `media_type_id`, `user_id`, `body`, `filename`, `size`, `metadata`, `created_at`, `updated_at`) VALUES ('76', '4', '622', 'Amet atque ducimus ipsa dolor consequatur similique. Quae quis autem voluptate consectetur dolor. Et dicta veritatis et qui vero. Vitae et perspiciatis inventore ducimus rerum tempore.', 'occaecati', 84567886, NULL, '2005-06-20 01:00:40', '2018-01-13 15:57:14');
INSERT INTO `media` (`id`, `media_type_id`, `user_id`, `body`, `filename`, `size`, `metadata`, `created_at`, `updated_at`) VALUES ('77', '1', '627', 'Itaque at facilis voluptatum ex. Neque molestiae velit doloremque et illum quas qui. Quo molestiae voluptas ratione sint in explicabo nihil. Et aut vitae nesciunt.', 'pariatur', 1477, NULL, '2017-06-15 12:11:01', '1988-02-27 01:18:37');
INSERT INTO `media` (`id`, `media_type_id`, `user_id`, `body`, `filename`, `size`, `metadata`, `created_at`, `updated_at`) VALUES ('78', '2', '631', 'Aperiam saepe cumque cupiditate maiores ut fugiat. Rem ea magnam non voluptatem facilis commodi illo. Necessitatibus omnis consequatur fuga maxime ea perspiciatis hic libero. Esse quia nostrum pariatur.', 'error', 221325, NULL, '1970-09-10 13:11:51', '1976-01-17 05:16:38');
INSERT INTO `media` (`id`, `media_type_id`, `user_id`, `body`, `filename`, `size`, `metadata`, `created_at`, `updated_at`) VALUES ('79', '3', '633', 'Et explicabo illo sit facere nihil eum magni. Alias atque repudiandae nulla fugit. Saepe qui eligendi maxime deserunt.', 'sapiente', 224796845, NULL, '1993-01-14 04:48:09', '1975-04-23 00:35:59');
INSERT INTO `media` (`id`, `media_type_id`, `user_id`, `body`, `filename`, `size`, `metadata`, `created_at`, `updated_at`) VALUES ('80', '4', '635', 'Rerum ab earum neque dolore possimus. Consequuntur et dolor illum quam harum magni excepturi. Ut quia qui et sequi.', 'quos', 8, NULL, '1982-01-29 22:50:30', '1986-01-14 18:32:17');
INSERT INTO `media` (`id`, `media_type_id`, `user_id`, `body`, `filename`, `size`, `metadata`, `created_at`, `updated_at`) VALUES ('81', '1', '638', 'Quo id magnam molestiae. Ut maxime asperiores facilis blanditiis ratione praesentium. Vel velit porro perspiciatis vero nihil.', 'dolores', 0, NULL, '2009-11-17 04:24:41', '1976-08-20 09:00:55');
INSERT INTO `media` (`id`, `media_type_id`, `user_id`, `body`, `filename`, `size`, `metadata`, `created_at`, `updated_at`) VALUES ('82', '2', '639', 'Quia accusamus et maxime consequuntur fuga et. Vel dolorem aperiam voluptatem qui officiis voluptate.', 'minus', 0, NULL, '2005-01-02 14:53:19', '1983-09-24 22:31:46');
INSERT INTO `media` (`id`, `media_type_id`, `user_id`, `body`, `filename`, `size`, `metadata`, `created_at`, `updated_at`) VALUES ('83', '3', '640', 'Similique asperiores et qui. Nam nam saepe provident odit. Explicabo ut et hic beatae qui est.', 'expedita', 4443, NULL, '2012-01-04 03:10:16', '1983-03-23 22:31:46');
INSERT INTO `media` (`id`, `media_type_id`, `user_id`, `body`, `filename`, `size`, `metadata`, `created_at`, `updated_at`) VALUES ('84', '4', '641', 'Enim quisquam veniam earum optio non blanditiis repellat repellendus. Aspernatur molestiae aspernatur possimus ab veritatis nemo et voluptatibus. Expedita vel molestiae ut. Deleniti animi mollitia veniam quasi. Modi ut qui ut ad similique molestias sunt et.', 'maiores', 902, NULL, '2005-03-01 17:47:40', '1991-01-03 02:44:04');
INSERT INTO `media` (`id`, `media_type_id`, `user_id`, `body`, `filename`, `size`, `metadata`, `created_at`, `updated_at`) VALUES ('85', '1', '645', 'Voluptatem eum cupiditate molestiae aliquam molestias quisquam minus illum. Inventore voluptatem provident voluptatem. Quos quia qui sapiente sit nesciunt repudiandae.', 'exercitationem', 86368, NULL, '1973-07-06 03:38:54', '2012-04-10 21:22:34');
INSERT INTO `media` (`id`, `media_type_id`, `user_id`, `body`, `filename`, `size`, `metadata`, `created_at`, `updated_at`) VALUES ('86', '2', '647', 'Expedita et optio laborum. Ad dolores sunt provident quisquam est perferendis aut. Libero eveniet temporibus asperiores omnis exercitationem exercitationem assumenda. Sunt voluptatem voluptas expedita veritatis nesciunt eos eos.', 'error', 436348, NULL, '1975-01-07 13:06:45', '2003-07-14 00:23:37');
INSERT INTO `media` (`id`, `media_type_id`, `user_id`, `body`, `filename`, `size`, `metadata`, `created_at`, `updated_at`) VALUES ('87', '3', '648', 'Laudantium ex odit facere sit. Nihil hic quis minus voluptas non non dolores aut. Et autem quis maiores sunt. Repellat iusto blanditiis aut non qui voluptatibus.', 'provident', 302622668, NULL, '1978-10-29 08:05:04', '2017-01-07 02:48:53');
INSERT INTO `media` (`id`, `media_type_id`, `user_id`, `body`, `filename`, `size`, `metadata`, `created_at`, `updated_at`) VALUES ('88', '4', '649', 'Est assumenda autem assumenda molestiae nemo iste. Praesentium voluptatem velit eum velit quis. Rerum autem explicabo eos dolores.', 'sed', 3046, NULL, '1999-11-03 15:15:36', '2006-06-08 06:57:47');
INSERT INTO `media` (`id`, `media_type_id`, `user_id`, `body`, `filename`, `size`, `metadata`, `created_at`, `updated_at`) VALUES ('89', '1', '650', 'Sunt voluptas eaque enim voluptates unde non vero. Eos possimus earum dolor non dolorem. Error molestiae temporibus quia rerum est et. Deserunt nostrum deserunt iusto modi rerum molestiae.', 'mollitia', 18, NULL, '1972-04-21 08:47:06', '2016-05-05 16:44:33');
INSERT INTO `media` (`id`, `media_type_id`, `user_id`, `body`, `filename`, `size`, `metadata`, `created_at`, `updated_at`) VALUES ('90', '2', '651', 'Vitae eos ad possimus deserunt enim aliquam voluptatem. Ipsum animi sint vel consequatur. Eos dicta consequuntur nostrum dolor assumenda quo. Numquam rerum accusantium incidunt tenetur provident sequi ratione. Debitis minima et iure.', 'quam', 5536, NULL, '2001-09-13 15:17:34', '1975-11-13 15:56:31');
INSERT INTO `media` (`id`, `media_type_id`, `user_id`, `body`, `filename`, `size`, `metadata`, `created_at`, `updated_at`) VALUES ('91', '3', '652', 'Dolores a ea cupiditate omnis possimus id. Laudantium est praesentium expedita. Possimus ut autem mollitia enim dolor. Quos optio aut corrupti.', 'quia', 510, NULL, '1998-09-23 01:58:05', '1970-08-24 12:29:01');
INSERT INTO `media` (`id`, `media_type_id`, `user_id`, `body`, `filename`, `size`, `metadata`, `created_at`, `updated_at`) VALUES ('92', '4', '654', 'Necessitatibus ut et error. Voluptas aspernatur architecto vel molestiae. Sunt quibusdam eius a neque occaecati. Amet aut dicta ut amet nam.', 'aliquam', 431899930, NULL, '1998-06-04 07:37:14', '1996-06-20 02:15:51');
INSERT INTO `media` (`id`, `media_type_id`, `user_id`, `body`, `filename`, `size`, `metadata`, `created_at`, `updated_at`) VALUES ('93', '1', '655', 'Adipisci iste quasi voluptatem ea. Repellendus qui dolor et quae ab nulla. Nesciunt ut perferendis quis assumenda aspernatur omnis eum. Earum dolorem sint rerum velit aperiam voluptatibus ut.', 'exercitationem', 3958837, NULL, '1995-04-27 06:41:08', '1998-08-21 05:23:05');
INSERT INTO `media` (`id`, `media_type_id`, `user_id`, `body`, `filename`, `size`, `metadata`, `created_at`, `updated_at`) VALUES ('94', '2', '656', 'Sequi magni voluptatem sunt eos tempora. Officiis dolor provident ad fugiat excepturi qui. Autem eos molestiae quae magnam nesciunt. Mollitia dolores est fugiat occaecati voluptatem sunt.', 'quo', 3646641, NULL, '1998-07-14 16:28:09', '1982-11-11 09:01:41');
INSERT INTO `media` (`id`, `media_type_id`, `user_id`, `body`, `filename`, `size`, `metadata`, `created_at`, `updated_at`) VALUES ('95', '3', '657', 'Vel rerum animi ut atque cumque corporis. Eos inventore quisquam tempore enim. Libero aut recusandae explicabo non. Quo non rerum rerum facilis dolor officiis.', 'sit', 4, NULL, '2001-07-11 04:38:44', '2002-08-11 14:47:22');
INSERT INTO `media` (`id`, `media_type_id`, `user_id`, `body`, `filename`, `size`, `metadata`, `created_at`, `updated_at`) VALUES ('96', '4', '659', 'Consectetur dolorum atque quasi sed sed. Facere sapiente alias qui reiciendis cum magnam qui sit. Et et at nobis beatae. Vitae atque qui et consequatur aliquam.', 'sint', 797631, NULL, '1975-07-06 16:43:09', '2000-03-01 12:51:32');
INSERT INTO `media` (`id`, `media_type_id`, `user_id`, `body`, `filename`, `size`, `metadata`, `created_at`, `updated_at`) VALUES ('97', '1', '660', 'Perspiciatis distinctio est perferendis vitae sed dolores nemo. Ratione vel aut magnam consequatur nobis ut. Eligendi quo excepturi voluptate et fuga. Perferendis corrupti qui quo omnis labore. Aut dolorum quod et incidunt officia repudiandae rem.', 'enim', 27122828, NULL, '2010-10-09 04:33:48', '1996-02-28 17:39:59');
INSERT INTO `media` (`id`, `media_type_id`, `user_id`, `body`, `filename`, `size`, `metadata`, `created_at`, `updated_at`) VALUES ('98', '2', '661', 'Pariatur rerum error nobis illo. Nisi fuga minima iusto id ullam enim.', 'commodi', 548, NULL, '2000-09-09 18:31:44', '1998-09-18 09:29:13');
INSERT INTO `media` (`id`, `media_type_id`, `user_id`, `body`, `filename`, `size`, `metadata`, `created_at`, `updated_at`) VALUES ('99', '3', '662', 'Magnam ab perspiciatis soluta quod cum sit rem. Dignissimos ipsam dolor rerum explicabo voluptate. Laborum ut eveniet qui eligendi. Omnis natus quis quae ad consequuntur.', 'provident', 514669318, NULL, '2015-06-07 22:44:21', '1997-09-22 11:01:04');
INSERT INTO `media` (`id`, `media_type_id`, `user_id`, `body`, `filename`, `size`, `metadata`, `created_at`, `updated_at`) VALUES ('100', '4', '664', 'Quia sit doloremque rerum enim nesciunt quae dolores. Enim sequi quia voluptates similique saepe quaerat sequi.', 'dicta', 5078, NULL, '1997-01-24 04:10:29', '2019-01-14 03:05:41');
INSERT INTO `media` (`id`, `media_type_id`, `user_id`, `body`, `filename`, `size`, `metadata`, `created_at`, `updated_at`) VALUES ('101', '1', '666', 'Et officia fugit nihil fuga excepturi harum quisquam. Dolore odio id dolore enim ratione beatae saepe.', 'eaque', 34892698, NULL, '2016-03-30 11:25:50', '2001-09-26 05:20:43');
INSERT INTO `media` (`id`, `media_type_id`, `user_id`, `body`, `filename`, `size`, `metadata`, `created_at`, `updated_at`) VALUES ('102', '2', '669', 'Rem ipsam reprehenderit ex maxime. In qui natus voluptatem accusantium. Rem autem aut modi tenetur consectetur atque. Amet sunt qui eius nihil itaque tempora.', 'molestias', 0, NULL, '2018-02-25 23:14:51', '1993-07-09 23:06:45');
INSERT INTO `media` (`id`, `media_type_id`, `user_id`, `body`, `filename`, `size`, `metadata`, `created_at`, `updated_at`) VALUES ('103', '3', '670', 'Illum tempora rerum inventore minus ut. Quod sunt voluptatem ullam. Sint corporis minus sint unde voluptates. Ratione nihil et quam repudiandae.', 'fugiat', 66465110, NULL, '2020-04-14 23:49:57', '1980-01-27 12:37:51');
INSERT INTO `media` (`id`, `media_type_id`, `user_id`, `body`, `filename`, `size`, `metadata`, `created_at`, `updated_at`) VALUES ('104', '4', '671', 'Laboriosam inventore et omnis voluptatibus asperiores enim deserunt. Sed culpa autem atque. Aut aliquid voluptas quisquam eveniet ad.', 'et', 0, NULL, '2012-04-25 13:29:32', '2009-08-07 11:51:47');
INSERT INTO `media` (`id`, `media_type_id`, `user_id`, `body`, `filename`, `size`, `metadata`, `created_at`, `updated_at`) VALUES ('105', '1', '673', 'Unde temporibus minima laboriosam omnis quibusdam fugiat nulla. Hic et sunt ut recusandae. Nesciunt non occaecati perferendis amet laboriosam et quia fugit. Illo id harum sint consequatur ad qui voluptates. Dignissimos quis sunt quia quam.', 'sint', 6196, NULL, '1979-10-13 06:00:05', '1991-01-10 23:28:36');
INSERT INTO `media` (`id`, `media_type_id`, `user_id`, `body`, `filename`, `size`, `metadata`, `created_at`, `updated_at`) VALUES ('106', '2', '674', 'Voluptatem quia qui similique saepe rerum repellat veritatis. Quis voluptas libero nisi corporis iste. Nisi voluptates blanditiis illum a quaerat repellendus illum. Qui nemo laboriosam quidem inventore aut.', 'sint', 4, NULL, '2011-02-05 00:27:23', '1976-04-06 21:01:19');
INSERT INTO `media` (`id`, `media_type_id`, `user_id`, `body`, `filename`, `size`, `metadata`, `created_at`, `updated_at`) VALUES ('107', '3', '675', 'Inventore rerum dolorum qui omnis corrupti qui nisi. Enim doloribus aut dolorum qui autem odio. Deleniti fugiat aperiam possimus autem accusantium. Ut qui ipsum impedit et.', 'laborum', 4, NULL, '2013-04-24 19:04:59', '2003-10-30 13:56:24');
INSERT INTO `media` (`id`, `media_type_id`, `user_id`, `body`, `filename`, `size`, `metadata`, `created_at`, `updated_at`) VALUES ('108', '4', '676', 'Harum saepe enim eveniet aliquid. Eligendi temporibus facilis ipsa. Cumque expedita non sapiente omnis. Corrupti est corrupti vitae sunt.', 'voluptatibus', 8570, NULL, '1970-10-11 18:22:12', '1980-10-05 14:58:24');
INSERT INTO `media` (`id`, `media_type_id`, `user_id`, `body`, `filename`, `size`, `metadata`, `created_at`, `updated_at`) VALUES ('109', '1', '678', 'Fugit est unde possimus qui voluptatem qui. Ipsum impedit quidem consequatur ratione. Dolores qui quos accusamus maiores ut sequi. Pariatur voluptatem architecto sit sed occaecati.', 'vel', 97931, NULL, '1987-10-22 04:19:01', '1984-03-15 21:12:17');
INSERT INTO `media` (`id`, `media_type_id`, `user_id`, `body`, `filename`, `size`, `metadata`, `created_at`, `updated_at`) VALUES ('110', '2', '680', 'Nihil et iure ullam voluptatem commodi animi voluptas et. Non et sequi sit accusantium pariatur est. Necessitatibus aspernatur in molestias corporis. Dolorum aut suscipit consequuntur dolorem velit.', 'temporibus', 7, NULL, '1970-06-16 16:19:05', '1989-12-26 18:26:48');
INSERT INTO `media` (`id`, `media_type_id`, `user_id`, `body`, `filename`, `size`, `metadata`, `created_at`, `updated_at`) VALUES ('111', '3', '681', 'Et animi itaque quis eligendi. Itaque dicta qui molestiae optio quia. Voluptates ipsa in et temporibus aspernatur.', 'doloremque', 14, NULL, '1987-02-06 20:54:07', '1980-10-25 00:26:11');
INSERT INTO `media` (`id`, `media_type_id`, `user_id`, `body`, `filename`, `size`, `metadata`, `created_at`, `updated_at`) VALUES ('112', '4', '683', 'Explicabo minima repellat nostrum sed quia. Omnis unde qui repellat enim. Velit qui tenetur accusamus ut eum eveniet.', 'cupiditate', 879504530, NULL, '2014-10-09 04:33:17', '2006-12-19 10:06:59');
INSERT INTO `media` (`id`, `media_type_id`, `user_id`, `body`, `filename`, `size`, `metadata`, `created_at`, `updated_at`) VALUES ('113', '1', '684', 'Perferendis est molestiae aspernatur ut tempore accusantium expedita. Necessitatibus officiis explicabo ut iste. Rem placeat dicta sunt dolorum fugiat. Delectus nihil eaque qui autem enim recusandae voluptas.', 'delectus', 0, NULL, '1983-01-02 21:34:29', '1984-11-09 03:34:31');
INSERT INTO `media` (`id`, `media_type_id`, `user_id`, `body`, `filename`, `size`, `metadata`, `created_at`, `updated_at`) VALUES ('114', '2', '685', 'Voluptas quisquam error sequi aut dicta. Ut enim et sequi quos. Natus ut suscipit hic et dolores. Illum cumque autem est adipisci consequuntur quod.', 'perspiciatis', 952, NULL, '1971-06-06 16:10:25', '2017-02-14 02:29:10');
INSERT INTO `media` (`id`, `media_type_id`, `user_id`, `body`, `filename`, `size`, `metadata`, `created_at`, `updated_at`) VALUES ('115', '3', '686', 'Quo officia ratione ipsam maiores sit. Quam molestiae delectus nihil vitae non quod. Distinctio aut vero id dicta dolor.', 'tenetur', 47196, NULL, '2003-09-10 15:59:06', '1982-08-06 21:20:41');
INSERT INTO `media` (`id`, `media_type_id`, `user_id`, `body`, `filename`, `size`, `metadata`, `created_at`, `updated_at`) VALUES ('116', '4', '687', 'Voluptatum ut labore dolor aut nulla soluta. Ratione tenetur recusandae dolorum minus. Velit excepturi possimus est atque.', 'atque', 602, NULL, '2009-11-26 16:31:30', '1985-10-08 21:34:22');
INSERT INTO `media` (`id`, `media_type_id`, `user_id`, `body`, `filename`, `size`, `metadata`, `created_at`, `updated_at`) VALUES ('117', '1', '688', 'Quis blanditiis sint voluptas eos consequatur odit a. Ducimus inventore quis non dolorem iusto. Aperiam fuga debitis repellat non.', 'possimus', 1065, NULL, '1975-11-16 05:29:32', '1985-03-31 17:39:55');
INSERT INTO `media` (`id`, `media_type_id`, `user_id`, `body`, `filename`, `size`, `metadata`, `created_at`, `updated_at`) VALUES ('118', '2', '689', 'Ea et sit consectetur mollitia. Et aliquam soluta in vero possimus provident quaerat. Perferendis sunt voluptas qui dolorem.', 'dolore', 649375, NULL, '1982-02-02 13:46:36', '1996-06-16 16:20:20');
INSERT INTO `media` (`id`, `media_type_id`, `user_id`, `body`, `filename`, `size`, `metadata`, `created_at`, `updated_at`) VALUES ('119', '3', '692', 'Voluptatem et qui quam eaque at illo sit. Earum vel doloribus mollitia voluptatem. Ut accusantium similique corrupti nobis ut aut quae. Dicta nulla id placeat maiores voluptates molestias ut hic.', 'ab', 74693, NULL, '2005-05-30 11:08:26', '1976-12-11 16:31:18');
INSERT INTO `media` (`id`, `media_type_id`, `user_id`, `body`, `filename`, `size`, `metadata`, `created_at`, `updated_at`) VALUES ('120', '4', '694', 'Neque non est quis praesentium tempore quae voluptates. Eligendi dolores non vel error ut saepe odio repellat. Eaque maxime blanditiis ea enim. Eveniet aliquid eaque quam minus necessitatibus explicabo assumenda.', 'earum', 7003907, NULL, '2010-04-26 01:00:41', '1981-12-31 03:58:50');
INSERT INTO `media` (`id`, `media_type_id`, `user_id`, `body`, `filename`, `size`, `metadata`, `created_at`, `updated_at`) VALUES ('121', '1', '695', 'Molestiae eum perferendis accusamus. Exercitationem id et ut iusto sunt et. Quam sed consequatur laboriosam.', 'ipsum', 242, NULL, '1975-07-17 09:13:57', '1985-06-20 16:59:33');
INSERT INTO `media` (`id`, `media_type_id`, `user_id`, `body`, `filename`, `size`, `metadata`, `created_at`, `updated_at`) VALUES ('122', '2', '696', 'Facere quia quos sequi. Cumque eos dicta sit asperiores asperiores pariatur. Alias dolorem numquam quasi ut quidem et voluptas voluptas. Distinctio omnis sed voluptatem voluptas quia error.', 'eos', 81997, NULL, '1994-07-10 17:04:34', '1992-01-19 21:41:26');
INSERT INTO `media` (`id`, `media_type_id`, `user_id`, `body`, `filename`, `size`, `metadata`, `created_at`, `updated_at`) VALUES ('123', '3', '698', 'Voluptas assumenda reprehenderit officia praesentium aliquid fuga dolorem. Iste exercitationem unde tempora. Qui dolores sint quibusdam aut.', 'modi', 56737, NULL, '2000-11-05 21:30:45', '2016-07-03 16:22:45');
INSERT INTO `media` (`id`, `media_type_id`, `user_id`, `body`, `filename`, `size`, `metadata`, `created_at`, `updated_at`) VALUES ('124', '4', '699', 'Ab nostrum aperiam iusto qui facilis voluptatum dolor. Aut iure non animi error neque. Aspernatur quia est facilis sequi corporis unde. Deleniti cum est cupiditate accusamus.', 'voluptatem', 92765, NULL, '1980-11-25 09:38:32', '1993-02-04 14:46:15');
INSERT INTO `media` (`id`, `media_type_id`, `user_id`, `body`, `filename`, `size`, `metadata`, `created_at`, `updated_at`) VALUES ('125', '1', '700', 'Molestiae fugiat sit quasi voluptatem quo rerum. Sed nesciunt doloribus excepturi mollitia quis. Ipsum eum molestiae et eveniet.', 'facere', 0, NULL, '2016-11-07 18:09:07', '1986-10-27 00:53:24');
INSERT INTO `media` (`id`, `media_type_id`, `user_id`, `body`, `filename`, `size`, `metadata`, `created_at`, `updated_at`) VALUES ('126', '2', '702', 'Cumque et impedit magnam vero minus culpa. Culpa exercitationem iusto dolorem voluptas tempore quo aut. Blanditiis sed perspiciatis molestias fuga quia labore expedita. Autem minus vitae non tenetur facilis ipsa.', 'aut', 9132081, NULL, '2005-08-07 16:08:55', '1996-08-16 04:06:15');
INSERT INTO `media` (`id`, `media_type_id`, `user_id`, `body`, `filename`, `size`, `metadata`, `created_at`, `updated_at`) VALUES ('127', '3', '703', 'Sit possimus laborum aperiam quibusdam. Sunt eos aut et repudiandae architecto tempore numquam. Molestias modi nemo modi deserunt culpa eveniet. Voluptatem in sunt dolores voluptatem consequuntur voluptatum qui. Blanditiis ullam blanditiis quia laudantium possimus dicta.', 'et', 6292, NULL, '1986-05-04 23:48:26', '1974-01-03 11:12:24');
INSERT INTO `media` (`id`, `media_type_id`, `user_id`, `body`, `filename`, `size`, `metadata`, `created_at`, `updated_at`) VALUES ('128', '4', '704', 'Non temporibus qui autem ut. Iure et aut pariatur deleniti nihil aliquid. Ipsa hic quibusdam harum aut accusantium. Veritatis illo illo a asperiores officia laudantium molestiae.', 'ipsum', 8362, NULL, '1987-10-13 08:46:56', '1995-03-16 20:42:19');
INSERT INTO `media` (`id`, `media_type_id`, `user_id`, `body`, `filename`, `size`, `metadata`, `created_at`, `updated_at`) VALUES ('129', '1', '705', 'Consectetur in consequatur sit. Sed laborum inventore minus assumenda. Accusantium quas aperiam aspernatur officiis aut ea.', 'totam', 3, NULL, '2020-04-29 17:31:08', '1983-02-18 03:26:32');
INSERT INTO `media` (`id`, `media_type_id`, `user_id`, `body`, `filename`, `size`, `metadata`, `created_at`, `updated_at`) VALUES ('130', '2', '707', 'Odit dolorem non quasi voluptate explicabo. Debitis maxime quam et a at quo deserunt voluptatem. Harum quam omnis cupiditate molestias enim neque corrupti illo. Quidem sed sit in blanditiis cumque deleniti eos.', 'quia', 903, NULL, '1983-08-04 15:01:08', '1981-08-18 06:45:40');
INSERT INTO `media` (`id`, `media_type_id`, `user_id`, `body`, `filename`, `size`, `metadata`, `created_at`, `updated_at`) VALUES ('131', '3', '710', 'Ea et hic et sit corrupti qui ipsam. A velit voluptatum rerum non. Amet et quo consequatur at. Consequuntur ab iusto sit ratione atque voluptas illum aperiam.', 'facere', 3, NULL, '1986-06-30 09:59:59', '1989-08-23 11:01:26');
INSERT INTO `media` (`id`, `media_type_id`, `user_id`, `body`, `filename`, `size`, `metadata`, `created_at`, `updated_at`) VALUES ('132', '4', '713', 'Vel possimus earum facere qui eos. Magni eum dolorum molestias at rerum.', 'omnis', 37709879, NULL, '2007-07-07 05:39:32', '1982-08-24 20:18:20');
INSERT INTO `media` (`id`, `media_type_id`, `user_id`, `body`, `filename`, `size`, `metadata`, `created_at`, `updated_at`) VALUES ('133', '1', '714', 'Iure sequi blanditiis quibusdam ratione in at. Omnis aspernatur eius voluptatibus optio. A natus sit ab aut veniam aut.', 'dolorem', 3304634, NULL, '2000-04-29 21:27:51', '2010-03-20 12:31:46');
INSERT INTO `media` (`id`, `media_type_id`, `user_id`, `body`, `filename`, `size`, `metadata`, `created_at`, `updated_at`) VALUES ('134', '2', '715', 'Quidem voluptates qui eaque et facilis quia voluptate. Dicta quasi id et officia voluptatem dignissimos consequatur. Voluptatem libero vel nemo placeat nihil natus. Qui dicta ut quae necessitatibus commodi explicabo et. Assumenda aut blanditiis accusantium sint delectus nam sit.', 'facere', 1824, NULL, '2010-11-24 12:55:41', '2017-01-28 11:58:53');
INSERT INTO `media` (`id`, `media_type_id`, `user_id`, `body`, `filename`, `size`, `metadata`, `created_at`, `updated_at`) VALUES ('135', '3', '716', 'Sed qui sit corporis ducimus. Amet distinctio sunt eligendi eos porro modi pariatur. Doloribus odio fugit enim accusantium aut. Sunt alias quia voluptatem dolorem.', 'aspernatur', 9, NULL, '1983-02-14 04:55:37', '1979-07-08 01:22:42');
INSERT INTO `media` (`id`, `media_type_id`, `user_id`, `body`, `filename`, `size`, `metadata`, `created_at`, `updated_at`) VALUES ('136', '4', '717', 'Omnis eaque ut ut dolorem. Nobis odio omnis maxime dolores dignissimos saepe. Aut saepe sint mollitia et voluptatem libero. Placeat iure ut voluptatibus error expedita iure deleniti et.', 'porro', 2340, NULL, '1991-02-02 20:43:53', '1995-02-04 13:41:04');
INSERT INTO `media` (`id`, `media_type_id`, `user_id`, `body`, `filename`, `size`, `metadata`, `created_at`, `updated_at`) VALUES ('137', '1', '718', 'Necessitatibus temporibus labore harum ut tempora vero laudantium nihil. Enim blanditiis voluptas et eius recusandae. Ut et eos voluptatem nam quidem nihil et. Necessitatibus labore velit quia enim maiores.', 'animi', 9115398, NULL, '1972-06-02 20:32:53', '2013-03-13 03:15:51');
INSERT INTO `media` (`id`, `media_type_id`, `user_id`, `body`, `filename`, `size`, `metadata`, `created_at`, `updated_at`) VALUES ('138', '2', '719', 'Accusamus animi odit doloribus rerum expedita. Quis perferendis quia sint. Eius et quia eius ipsa voluptatem. Quasi eaque sit ea sint et et fugit et.', 'natus', 640, NULL, '1996-04-19 17:35:28', '2004-06-01 18:48:43');
INSERT INTO `media` (`id`, `media_type_id`, `user_id`, `body`, `filename`, `size`, `metadata`, `created_at`, `updated_at`) VALUES ('139', '3', '722', 'Sapiente quis qui perferendis rerum. Quis quae reiciendis maiores asperiores ipsum architecto possimus est. Expedita tempore est nihil sed itaque aliquid sit. Enim quam eveniet vero. Sunt maxime saepe consequatur ab expedita soluta cum.', 'nesciunt', 831223083, NULL, '1993-07-19 09:34:31', '1997-11-14 16:58:25');
INSERT INTO `media` (`id`, `media_type_id`, `user_id`, `body`, `filename`, `size`, `metadata`, `created_at`, `updated_at`) VALUES ('140', '4', '723', 'Consequatur aut ratione porro voluptatem suscipit. Et aliquam nihil et consectetur nihil aut. Et voluptate fugiat voluptas et. Omnis quia voluptas optio facilis.', 'quisquam', 38, NULL, '2008-06-20 19:56:59', '1987-06-09 21:41:29');
INSERT INTO `media` (`id`, `media_type_id`, `user_id`, `body`, `filename`, `size`, `metadata`, `created_at`, `updated_at`) VALUES ('141', '1', '725', 'Sunt veritatis omnis consequatur cumque beatae dolor neque. Debitis qui magni soluta sit nihil. Blanditiis nulla velit laboriosam aspernatur. Ut quo non ratione consectetur.', 'ab', 900019, NULL, '1988-12-24 19:41:30', '1997-03-28 22:56:28');
INSERT INTO `media` (`id`, `media_type_id`, `user_id`, `body`, `filename`, `size`, `metadata`, `created_at`, `updated_at`) VALUES ('142', '2', '727', 'Aspernatur sint dolore rerum blanditiis architecto. Nostrum dignissimos ipsa ut. Beatae iusto numquam eius eum suscipit qui.', 'cumque', 4, NULL, '2005-09-11 18:04:17', '1999-06-15 20:35:30');
INSERT INTO `media` (`id`, `media_type_id`, `user_id`, `body`, `filename`, `size`, `metadata`, `created_at`, `updated_at`) VALUES ('143', '3', '728', 'Sed laudantium rerum odit magnam consequuntur aut. Voluptas tempore suscipit ex. Rerum exercitationem accusantium magni dolores repellat. Temporibus enim expedita facilis eum nulla.', 'repellendus', 215, NULL, '1974-01-02 10:51:28', '1991-01-03 21:51:42');
INSERT INTO `media` (`id`, `media_type_id`, `user_id`, `body`, `filename`, `size`, `metadata`, `created_at`, `updated_at`) VALUES ('144', '4', '729', 'Nemo corporis et exercitationem sunt saepe aliquam. Consequatur impedit molestias aut et incidunt numquam. Optio recusandae voluptatem ratione qui.', 'aliquam', 0, NULL, '1985-12-18 02:42:08', '1984-05-05 14:22:52');
INSERT INTO `media` (`id`, `media_type_id`, `user_id`, `body`, `filename`, `size`, `metadata`, `created_at`, `updated_at`) VALUES ('145', '1', '730', 'Repellendus aut dolorem et cum cum. Optio eveniet recusandae tempore quod. Aut animi quisquam nemo magnam aut veritatis. Soluta aut molestias aut sapiente.', 'et', 919364821, NULL, '1994-07-06 02:53:50', '1984-09-23 12:49:28');
INSERT INTO `media` (`id`, `media_type_id`, `user_id`, `body`, `filename`, `size`, `metadata`, `created_at`, `updated_at`) VALUES ('146', '2', '732', 'Rerum in non ducimus et. Autem nihil quae fugit quae fugiat et.', 'qui', 677834, NULL, '1995-11-29 21:46:33', '1995-05-25 01:21:50');
INSERT INTO `media` (`id`, `media_type_id`, `user_id`, `body`, `filename`, `size`, `metadata`, `created_at`, `updated_at`) VALUES ('147', '3', '733', 'Rerum sed accusantium sapiente impedit commodi adipisci harum. Doloribus error quasi ea provident. Quidem ratione totam soluta rerum. Optio blanditiis consectetur rem sint impedit aut.', 'est', 54, NULL, '1998-03-26 18:01:52', '1987-04-13 19:19:45');
INSERT INTO `media` (`id`, `media_type_id`, `user_id`, `body`, `filename`, `size`, `metadata`, `created_at`, `updated_at`) VALUES ('148', '4', '735', 'Modi culpa expedita voluptatem ullam voluptates rerum ut enim. Quam aliquam qui architecto enim occaecati sit. Est quibusdam omnis eum officiis error earum. Minima doloribus iure veritatis qui dolores consequatur.', 'eum', 3269049, NULL, '1991-05-16 12:11:05', '2011-05-13 04:44:05');
INSERT INTO `media` (`id`, `media_type_id`, `user_id`, `body`, `filename`, `size`, `metadata`, `created_at`, `updated_at`) VALUES ('149', '1', '737', 'Repellat ipsa saepe quia blanditiis enim voluptatibus. Aut quod aut voluptas possimus voluptas culpa magni.', 'doloremque', 569, NULL, '1972-07-12 21:32:32', '1993-01-21 18:28:11');
INSERT INTO `media` (`id`, `media_type_id`, `user_id`, `body`, `filename`, `size`, `metadata`, `created_at`, `updated_at`) VALUES ('150', '2', '738', 'Labore magnam deleniti alias iure. Inventore quas aut nobis illo. Accusantium illo sit a dolorem laborum. Hic est suscipit voluptas neque et.', 'ad', 95, NULL, '1982-11-14 01:41:25', '2016-03-02 18:27:00');
INSERT INTO `media` (`id`, `media_type_id`, `user_id`, `body`, `filename`, `size`, `metadata`, `created_at`, `updated_at`) VALUES ('151', '3', '740', 'Laudantium pariatur facere asperiores fuga et error. Voluptas dolores non sit est eum culpa et consequatur. Dignissimos est sit ea sed impedit aut sapiente.', 'qui', 9, NULL, '1990-01-02 18:51:15', '1987-02-08 00:25:19');
INSERT INTO `media` (`id`, `media_type_id`, `user_id`, `body`, `filename`, `size`, `metadata`, `created_at`, `updated_at`) VALUES ('152', '4', '743', 'Dolorem dignissimos nostrum nobis porro veniam et sint. Inventore et sit et quia. Commodi veritatis dicta autem. Quis animi quidem non doloremque natus mollitia.', 'aperiam', 509, NULL, '2016-11-09 18:30:54', '1974-10-11 02:54:40');
INSERT INTO `media` (`id`, `media_type_id`, `user_id`, `body`, `filename`, `size`, `metadata`, `created_at`, `updated_at`) VALUES ('153', '1', '745', 'Voluptas voluptatem nostrum distinctio quidem. Aspernatur nihil alias quas animi repellendus qui dolorum fugit. Esse et dolor iusto sapiente debitis.', 'eius', 69918, NULL, '1977-10-15 00:56:18', '2012-04-14 18:20:24');
INSERT INTO `media` (`id`, `media_type_id`, `user_id`, `body`, `filename`, `size`, `metadata`, `created_at`, `updated_at`) VALUES ('154', '2', '746', 'Eum accusamus perferendis a temporibus. Illum voluptatem labore et. Non minus dolores ipsa nisi incidunt.', 'provident', 2249, NULL, '2013-04-20 09:34:40', '1995-10-21 08:55:49');
INSERT INTO `media` (`id`, `media_type_id`, `user_id`, `body`, `filename`, `size`, `metadata`, `created_at`, `updated_at`) VALUES ('155', '3', '747', 'In similique nam quibusdam tempore aut. Consequatur aut sit non veritatis et iusto ea. Suscipit eos praesentium incidunt rerum. Est quisquam reiciendis dolore perspiciatis.', 'rem', 952, NULL, '1981-01-12 08:01:19', '2003-10-17 13:10:56');
INSERT INTO `media` (`id`, `media_type_id`, `user_id`, `body`, `filename`, `size`, `metadata`, `created_at`, `updated_at`) VALUES ('156', '4', '748', 'Ut recusandae qui at corporis reprehenderit voluptatem. Non dolores enim animi. Doloremque qui qui atque voluptate voluptatibus dicta corrupti. Voluptatem adipisci occaecati accusamus iusto magnam tempore ab.', 'reiciendis', 86, NULL, '2012-03-24 13:46:38', '2011-10-26 07:46:09');
INSERT INTO `media` (`id`, `media_type_id`, `user_id`, `body`, `filename`, `size`, `metadata`, `created_at`, `updated_at`) VALUES ('157', '1', '749', 'Molestiae blanditiis saepe est qui aut dolorum quidem. Animi sint qui laboriosam sunt ut. Ut est omnis distinctio. Incidunt qui optio assumenda eligendi est quas accusamus qui.', 'porro', 128139, NULL, '2008-02-11 16:27:52', '1990-04-09 09:50:10');
INSERT INTO `media` (`id`, `media_type_id`, `user_id`, `body`, `filename`, `size`, `metadata`, `created_at`, `updated_at`) VALUES ('158', '2', '750', 'Pariatur voluptate quia ea. Recusandae vitae quaerat temporibus optio. Commodi est corporis molestiae quo libero.', 'recusandae', 58, NULL, '1970-02-10 10:06:06', '2010-06-11 16:32:40');
INSERT INTO `media` (`id`, `media_type_id`, `user_id`, `body`, `filename`, `size`, `metadata`, `created_at`, `updated_at`) VALUES ('159', '3', '751', 'Saepe doloribus eum nulla omnis rerum fugit voluptas voluptatem. Omnis sed ratione dolorem tempora nobis. Omnis rerum a qui veniam qui alias laboriosam. Iusto omnis omnis esse maiores in deleniti ut voluptas.', 'enim', 3885427, NULL, '1993-07-18 11:32:21', '1978-03-28 21:38:09');
INSERT INTO `media` (`id`, `media_type_id`, `user_id`, `body`, `filename`, `size`, `metadata`, `created_at`, `updated_at`) VALUES ('160', '4', '752', 'Ut qui quaerat molestias unde consequuntur dolores qui. Cumque perferendis aut qui veniam sed. Qui autem nihil dicta. Ipsam unde et temporibus voluptatem ut.', 'et', 9619811, NULL, '2017-06-22 21:42:09', '1982-11-09 08:46:33');
INSERT INTO `media` (`id`, `media_type_id`, `user_id`, `body`, `filename`, `size`, `metadata`, `created_at`, `updated_at`) VALUES ('161', '1', '754', 'Repellat eaque et earum eum voluptatem fugit. Natus nobis ea maiores repudiandae inventore aut dolorem. Odit nihil molestiae assumenda rem. Sunt molestiae saepe omnis odio.', 'quaerat', 4, NULL, '2006-08-26 23:16:22', '2007-07-12 22:59:03');
INSERT INTO `media` (`id`, `media_type_id`, `user_id`, `body`, `filename`, `size`, `metadata`, `created_at`, `updated_at`) VALUES ('162', '2', '758', 'Vel suscipit vero illum quas in illum sunt. Ut ea dolores eaque consequatur et. Totam aliquam dolorem rem eum ea sed dolorum. A nesciunt saepe saepe quis dolorem molestiae qui est.', 'minima', 32062, NULL, '1990-01-27 11:01:23', '1977-12-07 11:21:16');
INSERT INTO `media` (`id`, `media_type_id`, `user_id`, `body`, `filename`, `size`, `metadata`, `created_at`, `updated_at`) VALUES ('163', '3', '760', 'Iste earum qui rerum qui. Et illo distinctio dolores perferendis est repellendus. Excepturi quia vero id numquam. Voluptates incidunt voluptate ipsum velit minus. Ab enim quo neque qui ut.', 'animi', 9, NULL, '1993-09-06 19:12:24', '1996-03-15 22:29:21');
INSERT INTO `media` (`id`, `media_type_id`, `user_id`, `body`, `filename`, `size`, `metadata`, `created_at`, `updated_at`) VALUES ('164', '4', '761', 'Molestiae quo et dolores mollitia facere. Assumenda ut asperiores ullam et itaque maiores dolores. Eius minima officiis culpa velit repellat iure. Reprehenderit pariatur porro ipsa quia accusamus cupiditate voluptas.', 'et', 50189310, NULL, '1999-07-31 05:21:59', '2002-06-14 00:02:50');
INSERT INTO `media` (`id`, `media_type_id`, `user_id`, `body`, `filename`, `size`, `metadata`, `created_at`, `updated_at`) VALUES ('165', '1', '763', 'Quae commodi optio blanditiis eum inventore recusandae voluptas. Sint voluptatem ut non saepe. Sint ea et odit sed quaerat laboriosam. Non earum autem unde qui est explicabo.', 'quis', 868938618, NULL, '2017-01-14 06:24:15', '1986-06-23 10:04:05');
INSERT INTO `media` (`id`, `media_type_id`, `user_id`, `body`, `filename`, `size`, `metadata`, `created_at`, `updated_at`) VALUES ('166', '2', '765', 'Numquam illum voluptatem temporibus et fuga. Numquam iusto eveniet aut alias qui non. Commodi omnis velit delectus nostrum illo aut.', 'amet', 3, NULL, '2010-02-04 02:14:53', '1995-09-29 18:16:32');
INSERT INTO `media` (`id`, `media_type_id`, `user_id`, `body`, `filename`, `size`, `metadata`, `created_at`, `updated_at`) VALUES ('167', '3', '767', 'Error dolores voluptas voluptas debitis nostrum minima. Consequuntur laudantium repellendus nam rerum omnis veniam. Consectetur in sint dignissimos.', 'voluptatibus', 8, NULL, '2014-05-18 07:19:18', '1986-08-10 06:13:47');
INSERT INTO `media` (`id`, `media_type_id`, `user_id`, `body`, `filename`, `size`, `metadata`, `created_at`, `updated_at`) VALUES ('168', '4', '768', 'Voluptas ut doloribus est blanditiis eum temporibus occaecati. Odit excepturi molestiae dignissimos voluptatem. Vitae blanditiis consequuntur sequi quo aut ullam voluptas. Excepturi consequuntur eum officia quis facilis.', 'aliquam', 532340, NULL, '1988-07-18 00:39:56', '1977-11-26 09:14:32');
INSERT INTO `media` (`id`, `media_type_id`, `user_id`, `body`, `filename`, `size`, `metadata`, `created_at`, `updated_at`) VALUES ('169', '1', '773', 'Et quos quibusdam magni. Eos et temporibus quia tempore autem quos. Officia rerum accusantium impedit molestias officia rerum itaque ab.', 'assumenda', 5061118, NULL, '1991-05-13 18:09:56', '2018-10-27 09:45:33');
INSERT INTO `media` (`id`, `media_type_id`, `user_id`, `body`, `filename`, `size`, `metadata`, `created_at`, `updated_at`) VALUES ('170', '2', '776', 'Corrupti possimus aperiam quidem nihil odio veniam. Vero sunt voluptatem illo voluptatum aperiam sed sapiente. Cupiditate assumenda vel odio totam aliquam.', 'nisi', 305322, NULL, '1979-04-01 09:38:35', '1971-01-20 14:09:35');
INSERT INTO `media` (`id`, `media_type_id`, `user_id`, `body`, `filename`, `size`, `metadata`, `created_at`, `updated_at`) VALUES ('171', '3', '777', 'Suscipit illum ut culpa non consequatur. Ipsam assumenda aperiam cumque autem nesciunt. Nihil esse quam et molestiae.', 'quaerat', 5449, NULL, '2008-03-04 21:43:00', '2013-06-18 20:13:43');
INSERT INTO `media` (`id`, `media_type_id`, `user_id`, `body`, `filename`, `size`, `metadata`, `created_at`, `updated_at`) VALUES ('172', '4', '778', 'Ullam sed dolores ad deserunt ea est. Harum ea voluptate praesentium porro eius. Voluptatem iusto fugit quae ea neque vitae sed.', 'dolorem', 670, NULL, '2017-08-20 00:11:59', '2004-09-23 17:36:49');
INSERT INTO `media` (`id`, `media_type_id`, `user_id`, `body`, `filename`, `size`, `metadata`, `created_at`, `updated_at`) VALUES ('173', '1', '779', 'Praesentium id consequuntur rerum sunt ut dicta quaerat. Id ut nostrum enim. Et omnis distinctio vel molestiae dolore inventore.', 'non', 113266253, NULL, '2004-02-09 17:25:26', '1985-11-20 10:32:46');
INSERT INTO `media` (`id`, `media_type_id`, `user_id`, `body`, `filename`, `size`, `metadata`, `created_at`, `updated_at`) VALUES ('174', '2', '783', 'Veniam fugiat deleniti incidunt facilis quibusdam unde aut. Vel necessitatibus quis voluptatem ullam illo nulla ut. Temporibus ut deleniti repellat accusamus recusandae.', 'ea', 14, NULL, '1971-06-28 06:47:50', '1976-05-07 19:21:31');
INSERT INTO `media` (`id`, `media_type_id`, `user_id`, `body`, `filename`, `size`, `metadata`, `created_at`, `updated_at`) VALUES ('175', '3', '784', 'Nobis aut error est et. Voluptas aut fugit ut id amet inventore quia. Itaque praesentium quasi maiores ad rerum. Nisi amet placeat sit commodi atque rerum exercitationem. Ut perferendis impedit eum possimus consequatur.', 'sunt', 0, NULL, '1974-04-29 19:09:35', '2004-08-08 18:58:27');
INSERT INTO `media` (`id`, `media_type_id`, `user_id`, `body`, `filename`, `size`, `metadata`, `created_at`, `updated_at`) VALUES ('176', '4', '787', 'Eligendi sunt adipisci asperiores dolor dolorem dolor sit ad. Et tenetur iste est. Minus amet minima ullam voluptatem excepturi hic et.', 'pariatur', 7, NULL, '2002-05-03 11:02:34', '1993-04-27 15:21:57');
INSERT INTO `media` (`id`, `media_type_id`, `user_id`, `body`, `filename`, `size`, `metadata`, `created_at`, `updated_at`) VALUES ('177', '1', '793', 'Et tempora rerum id corrupti. Deserunt quos rerum et quas dolores dolore. Temporibus repudiandae asperiores ipsa voluptatem rerum.', 'placeat', 691175, NULL, '1978-08-06 17:47:11', '2010-02-26 03:00:03');
INSERT INTO `media` (`id`, `media_type_id`, `user_id`, `body`, `filename`, `size`, `metadata`, `created_at`, `updated_at`) VALUES ('178', '2', '795', 'Voluptas perferendis laborum dolorem sit magnam officia. Nostrum quam totam quaerat voluptates qui. Ut et dignissimos culpa et.', 'exercitationem', 82, NULL, '1976-09-10 11:56:20', '2009-06-02 19:03:55');
INSERT INTO `media` (`id`, `media_type_id`, `user_id`, `body`, `filename`, `size`, `metadata`, `created_at`, `updated_at`) VALUES ('179', '3', '797', 'Voluptatem alias et doloribus fugit. Molestias harum ipsa distinctio a deleniti dicta quod. Sint et ipsam iusto id occaecati qui veritatis praesentium. Eum debitis quo et quia.', 'voluptatum', 75524, NULL, '1998-08-05 01:49:00', '2019-03-01 12:41:34');
INSERT INTO `media` (`id`, `media_type_id`, `user_id`, `body`, `filename`, `size`, `metadata`, `created_at`, `updated_at`) VALUES ('180', '4', '803', 'Nihil iusto incidunt ut at ut qui. Ducimus iste velit est reprehenderit voluptatem est dolorem vel. Voluptatibus error voluptas dicta earum iure dolores. Aut quo velit et excepturi recusandae.', 'repellat', 0, NULL, '1992-07-01 08:41:00', '1979-05-04 11:56:29');
INSERT INTO `media` (`id`, `media_type_id`, `user_id`, `body`, `filename`, `size`, `metadata`, `created_at`, `updated_at`) VALUES ('181', '1', '804', 'Rem magnam dolores dolorum provident fugit ut. Facere quia ut quia corrupti laborum. Nemo qui consectetur et ducimus ab soluta. Optio hic sed porro sequi rerum. Reprehenderit sint dolor perferendis ut qui alias.', 'dolores', 541822003, NULL, '2008-09-29 06:53:27', '2008-06-11 05:09:59');
INSERT INTO `media` (`id`, `media_type_id`, `user_id`, `body`, `filename`, `size`, `metadata`, `created_at`, `updated_at`) VALUES ('182', '2', '805', 'Dolore aperiam possimus temporibus nemo qui ut rerum hic. Libero vero beatae voluptatem itaque. Ullam nihil maxime corrupti voluptatem est alias distinctio doloribus. Sunt et nisi consequatur quo impedit quos perspiciatis.', 'vero', 7126404, NULL, '2014-08-12 17:22:19', '1972-02-21 09:46:22');
INSERT INTO `media` (`id`, `media_type_id`, `user_id`, `body`, `filename`, `size`, `metadata`, `created_at`, `updated_at`) VALUES ('183', '3', '807', 'Modi quisquam consequatur possimus placeat numquam et. Et totam qui amet aliquam velit. Doloribus ea accusantium ea atque.', 'laborum', 0, NULL, '2016-11-05 00:04:37', '2016-03-16 11:25:05');
INSERT INTO `media` (`id`, `media_type_id`, `user_id`, `body`, `filename`, `size`, `metadata`, `created_at`, `updated_at`) VALUES ('184', '4', '808', 'Perferendis quo et voluptatum velit maxime voluptas id eius. Ipsum dolorem omnis optio laborum provident quos veniam. Aperiam vitae nam deleniti libero enim et velit. Ratione aperiam dolor veniam qui.', 'quaerat', 75523105, NULL, '2003-12-03 03:02:10', '1983-02-03 14:18:39');
INSERT INTO `media` (`id`, `media_type_id`, `user_id`, `body`, `filename`, `size`, `metadata`, `created_at`, `updated_at`) VALUES ('185', '1', '809', 'Voluptatem et pariatur neque minus. Qui veritatis maxime mollitia deserunt deleniti excepturi non. Mollitia quam quos dolorem voluptatum ad non dolor. Adipisci itaque ut vitae inventore ut accusantium.', 'et', 0, NULL, '1978-08-06 20:12:27', '1997-08-20 19:22:30');
INSERT INTO `media` (`id`, `media_type_id`, `user_id`, `body`, `filename`, `size`, `metadata`, `created_at`, `updated_at`) VALUES ('186', '2', '810', 'Illo aliquid et temporibus in est. Totam officia animi velit adipisci hic ea doloribus. Eligendi distinctio enim nobis porro aut. Delectus ut veritatis ratione magni sint. Exercitationem quo officia consequuntur maiores voluptatem modi quod.', 'maiores', 3881448, NULL, '2005-10-30 21:50:43', '2005-09-22 09:30:02');
INSERT INTO `media` (`id`, `media_type_id`, `user_id`, `body`, `filename`, `size`, `metadata`, `created_at`, `updated_at`) VALUES ('187', '3', '812', 'Facilis perferendis aut perferendis. Sit ea recusandae ducimus veniam veniam sapiente. Nostrum unde facilis qui quia ea repellendus.', 'quia', 1134389, NULL, '2019-01-25 06:53:51', '1999-10-04 14:01:17');
INSERT INTO `media` (`id`, `media_type_id`, `user_id`, `body`, `filename`, `size`, `metadata`, `created_at`, `updated_at`) VALUES ('188', '4', '814', 'Sequi voluptatibus eligendi nisi sit voluptatum veritatis eveniet. Minus quis excepturi omnis qui quod odio. Quo accusantium est qui. Est occaecati mollitia sapiente ipsum sequi laborum quas.', 'praesentium', 0, NULL, '1974-09-02 13:35:47', '1984-08-22 03:50:19');
INSERT INTO `media` (`id`, `media_type_id`, `user_id`, `body`, `filename`, `size`, `metadata`, `created_at`, `updated_at`) VALUES ('189', '1', '819', 'Voluptatum quis pariatur facilis. Velit nemo rem animi. Laborum autem optio impedit.', 'praesentium', 469986, NULL, '1971-02-18 15:17:57', '1993-11-23 02:39:59');
INSERT INTO `media` (`id`, `media_type_id`, `user_id`, `body`, `filename`, `size`, `metadata`, `created_at`, `updated_at`) VALUES ('190', '2', '820', 'Ut doloribus sequi velit quis dolorem provident qui. Velit alias atque quas et non ut necessitatibus iusto. Commodi quis quaerat maxime voluptates. Esse consequatur explicabo fuga perspiciatis ab itaque expedita molestiae.', 'natus', 197, NULL, '1989-12-15 15:16:58', '2013-01-16 00:59:04');
INSERT INTO `media` (`id`, `media_type_id`, `user_id`, `body`, `filename`, `size`, `metadata`, `created_at`, `updated_at`) VALUES ('191', '3', '821', 'Quo deserunt aut eos temporibus. Quos similique natus alias dolorum.', 'officia', 804809280, NULL, '1990-01-02 09:43:38', '1993-10-01 15:58:12');
INSERT INTO `media` (`id`, `media_type_id`, `user_id`, `body`, `filename`, `size`, `metadata`, `created_at`, `updated_at`) VALUES ('192', '4', '822', 'Id velit qui itaque velit atque. Ab odit libero at rerum impedit et non. Quasi voluptas aut consequatur ex odit consequatur.', 'voluptatem', 2, NULL, '1986-12-08 19:57:08', '2012-12-25 18:40:37');
INSERT INTO `media` (`id`, `media_type_id`, `user_id`, `body`, `filename`, `size`, `metadata`, `created_at`, `updated_at`) VALUES ('193', '1', '824', 'Dolorum aut quod voluptates ut necessitatibus adipisci expedita. Aspernatur consequatur unde dolorum cumque voluptatem nostrum tempora. Officiis at perspiciatis commodi sed unde.', 'omnis', 276322, NULL, '2016-05-08 09:41:32', '2010-08-25 07:19:43');
INSERT INTO `media` (`id`, `media_type_id`, `user_id`, `body`, `filename`, `size`, `metadata`, `created_at`, `updated_at`) VALUES ('194', '2', '828', 'Ut dolores veritatis dolore dolore omnis quia. Commodi velit ullam est qui eum. Molestiae esse recusandae eligendi. Consectetur maxime aut magnam dolorum.', 'est', 0, NULL, '1999-02-11 06:17:49', '2014-11-30 16:30:10');
INSERT INTO `media` (`id`, `media_type_id`, `user_id`, `body`, `filename`, `size`, `metadata`, `created_at`, `updated_at`) VALUES ('195', '3', '830', 'Quasi similique quam quia quis laudantium. In nihil sed nam neque aspernatur delectus. Maiores omnis est inventore vel quo voluptates dolorem. Quod dolorum modi facilis voluptatem.', 'unde', 7, NULL, '1994-09-01 12:47:39', '2018-02-06 11:58:38');
INSERT INTO `media` (`id`, `media_type_id`, `user_id`, `body`, `filename`, `size`, `metadata`, `created_at`, `updated_at`) VALUES ('196', '4', '832', 'Labore sint architecto nesciunt minus sit itaque corrupti. Repudiandae labore officiis eveniet illo et ut ad quia. Itaque enim aliquam voluptas eum tempore aut quae. Impedit est voluptatum explicabo fugit nostrum cum velit.', 'soluta', 4757769, NULL, '2009-03-16 08:23:10', '2001-12-06 23:05:35');
INSERT INTO `media` (`id`, `media_type_id`, `user_id`, `body`, `filename`, `size`, `metadata`, `created_at`, `updated_at`) VALUES ('197', '1', '834', 'Assumenda in facere alias. Enim tempora deleniti quod. Deserunt est minima consectetur perspiciatis quidem. Fugit voluptatem nihil animi commodi ad ut saepe ipsa.', 'laborum', 37677044, NULL, '1991-04-05 14:31:42', '1975-05-29 02:08:32');
INSERT INTO `media` (`id`, `media_type_id`, `user_id`, `body`, `filename`, `size`, `metadata`, `created_at`, `updated_at`) VALUES ('198', '2', '835', 'Magnam error minima alias deserunt omnis. Aut qui fuga mollitia ea. Eum dicta autem occaecati et.', 'facere', 984848, NULL, '2003-08-17 03:42:53', '2015-08-15 05:13:40');
INSERT INTO `media` (`id`, `media_type_id`, `user_id`, `body`, `filename`, `size`, `metadata`, `created_at`, `updated_at`) VALUES ('199', '3', '838', 'Architecto aliquid dignissimos rem laboriosam cum consequatur vel. Autem eligendi autem non doloremque amet sunt. Exercitationem enim nihil voluptas ea qui aut.', 'dolore', 8995, NULL, '2011-04-06 20:37:01', '1975-05-30 19:34:50');
INSERT INTO `media` (`id`, `media_type_id`, `user_id`, `body`, `filename`, `size`, `metadata`, `created_at`, `updated_at`) VALUES ('200', '4', '839', 'Quia dolor aliquid reprehenderit voluptatem. Nihil blanditiis in optio quod animi et est. Eum nisi voluptas et dolorum in corrupti distinctio. Natus totam qui voluptatibus sed esse.', 'alias', 71253, NULL, '2001-06-12 17:17:33', '2012-02-20 23:32:10');
INSERT INTO `media` (`id`, `media_type_id`, `user_id`, `body`, `filename`, `size`, `metadata`, `created_at`, `updated_at`) VALUES ('201', '1', '840', 'Cupiditate velit sit saepe ut. Fugiat repudiandae sed quae assumenda eos nihil non. Officia voluptatibus suscipit nulla quia et voluptatum.', 'velit', 912516, NULL, '1972-01-29 14:20:19', '2001-09-21 09:48:30');
INSERT INTO `media` (`id`, `media_type_id`, `user_id`, `body`, `filename`, `size`, `metadata`, `created_at`, `updated_at`) VALUES ('202', '2', '841', 'Et error porro omnis unde esse maxime minus. Consectetur commodi omnis vel sed sint. Culpa quisquam expedita exercitationem nobis maxime velit dicta sunt.', 'voluptatem', 17502588, NULL, '1972-10-15 14:52:09', '1996-01-05 23:30:44');
INSERT INTO `media` (`id`, `media_type_id`, `user_id`, `body`, `filename`, `size`, `metadata`, `created_at`, `updated_at`) VALUES ('203', '3', '845', 'Nihil amet et nisi in hic quasi. Omnis quam sed facere nostrum dolor. Nulla totam aut ut.', 'distinctio', 0, NULL, '1973-10-23 22:04:27', '1987-01-05 06:21:05');
INSERT INTO `media` (`id`, `media_type_id`, `user_id`, `body`, `filename`, `size`, `metadata`, `created_at`, `updated_at`) VALUES ('204', '4', '846', 'Dignissimos eos mollitia minima. Fugiat quaerat natus rerum animi neque similique eum. Fugiat quo alias iste qui eius.', 'voluptatem', 0, NULL, '2002-01-27 04:20:39', '1977-02-25 19:44:06');
INSERT INTO `media` (`id`, `media_type_id`, `user_id`, `body`, `filename`, `size`, `metadata`, `created_at`, `updated_at`) VALUES ('205', '1', '848', 'Ducimus eaque iure qui quaerat nesciunt quidem veritatis rerum. Earum qui et eum consectetur deleniti modi. Provident excepturi in autem hic cupiditate est natus tempora. Et eum sunt deleniti consectetur et provident.', 'eveniet', 347299094, NULL, '1982-05-13 23:25:47', '2019-01-08 16:46:46');
INSERT INTO `media` (`id`, `media_type_id`, `user_id`, `body`, `filename`, `size`, `metadata`, `created_at`, `updated_at`) VALUES ('206', '2', '850', 'Officiis beatae est eligendi. Est autem debitis at perspiciatis veritatis quas aut fugit. Commodi repellendus hic tempora fugit nesciunt. Quo animi neque quaerat vel optio quia blanditiis corporis.', 'ipsam', 0, NULL, '1997-10-29 16:12:25', '1976-08-28 10:53:45');
INSERT INTO `media` (`id`, `media_type_id`, `user_id`, `body`, `filename`, `size`, `metadata`, `created_at`, `updated_at`) VALUES ('207', '3', '851', 'Nesciunt quidem omnis eos minus nemo. Facilis est est id ex. Enim quis iste excepturi provident nisi exercitationem. Illo minima repellendus voluptatum id placeat.', 'ratione', 34974, NULL, '1983-11-06 19:43:32', '1992-07-07 02:23:37');
INSERT INTO `media` (`id`, `media_type_id`, `user_id`, `body`, `filename`, `size`, `metadata`, `created_at`, `updated_at`) VALUES ('208', '4', '852', 'Minus voluptatem id officiis inventore sint enim vitae. In dolor quos totam non quos quaerat aliquid. Autem veritatis dolor et sed dolor temporibus velit. Non voluptate ratione et dolorem quis quia ea. Eveniet et molestiae similique facere et nam.', 'blanditiis', 28049, NULL, '2000-03-29 18:12:11', '1998-02-22 10:17:27');
INSERT INTO `media` (`id`, `media_type_id`, `user_id`, `body`, `filename`, `size`, `metadata`, `created_at`, `updated_at`) VALUES ('209', '1', '853', 'Eaque deserunt quibusdam nisi fuga ea et mollitia. Excepturi molestias debitis praesentium adipisci omnis temporibus ea non. Quo quisquam tempore non amet ut.', 'consequatur', 3780037, NULL, '2006-05-10 23:32:55', '1972-07-16 17:02:36');
INSERT INTO `media` (`id`, `media_type_id`, `user_id`, `body`, `filename`, `size`, `metadata`, `created_at`, `updated_at`) VALUES ('210', '2', '854', 'Velit rem dolores mollitia ea autem quidem consequatur. Nobis aspernatur et est dolor rerum voluptatem ut. Aliquid eligendi accusamus aspernatur ab. Doloremque id tempore consequatur non dolore ea. Repudiandae nihil quia cum aut quasi qui harum.', 'perspiciatis', 24667, NULL, '1975-11-13 06:03:47', '2012-04-13 14:58:32');
INSERT INTO `media` (`id`, `media_type_id`, `user_id`, `body`, `filename`, `size`, `metadata`, `created_at`, `updated_at`) VALUES ('211', '3', '858', 'Voluptas dolor dolorum beatae. Qui odit distinctio aliquam praesentium vero. Consequatur iusto quo accusantium unde praesentium repellat. Delectus incidunt impedit voluptas qui quia et consequuntur.', 'eos', 2, NULL, '1978-06-10 17:45:46', '2008-10-26 01:53:29');
INSERT INTO `media` (`id`, `media_type_id`, `user_id`, `body`, `filename`, `size`, `metadata`, `created_at`, `updated_at`) VALUES ('212', '4', '859', 'Possimus quo dolore nihil voluptas non consequatur. Exercitationem quibusdam et atque amet. Praesentium quam vitae voluptas alias. At tempora cumque ad qui et voluptates qui.', 'mollitia', 23, NULL, '2011-01-04 01:44:16', '2020-05-08 16:06:58');
INSERT INTO `media` (`id`, `media_type_id`, `user_id`, `body`, `filename`, `size`, `metadata`, `created_at`, `updated_at`) VALUES ('213', '1', '860', 'Hic voluptatem ut quisquam cum commodi. Nulla animi sit eaque officiis repellendus. Aut eos sint voluptates omnis. Qui qui est placeat consequatur neque dignissimos.', 'et', 699, NULL, '2018-11-29 12:25:26', '2004-03-25 19:33:55');
INSERT INTO `media` (`id`, `media_type_id`, `user_id`, `body`, `filename`, `size`, `metadata`, `created_at`, `updated_at`) VALUES ('214', '2', '861', 'Voluptas eum ad dolorum non maxime odit perferendis est. Voluptatem sed veritatis sint minus dignissimos a non. Accusamus autem laborum cupiditate quis commodi voluptatum. Sed error ut iste consequatur aut quae.', 'adipisci', 8107, NULL, '2005-07-18 23:35:58', '1992-07-09 17:10:32');
INSERT INTO `media` (`id`, `media_type_id`, `user_id`, `body`, `filename`, `size`, `metadata`, `created_at`, `updated_at`) VALUES ('215', '3', '863', 'Dolor nam nisi dolorem voluptas. Voluptates numquam deserunt enim et. Ut ut qui dolor.', 'perspiciatis', 4504687, NULL, '2010-03-25 02:02:23', '1975-07-29 11:23:38');
INSERT INTO `media` (`id`, `media_type_id`, `user_id`, `body`, `filename`, `size`, `metadata`, `created_at`, `updated_at`) VALUES ('216', '4', '866', 'Magnam tempora et unde facilis ut repudiandae. Modi enim voluptate debitis sed animi totam autem. Doloremque sunt laudantium vel repudiandae. Laudantium quis et enim odit non voluptatibus.', 'omnis', 8424, NULL, '2000-07-09 09:01:11', '1980-07-01 07:40:32');
INSERT INTO `media` (`id`, `media_type_id`, `user_id`, `body`, `filename`, `size`, `metadata`, `created_at`, `updated_at`) VALUES ('217', '1', '872', 'Deserunt nihil repellendus perspiciatis neque et. Ducimus vel impedit quia mollitia et minus. Et rerum rerum molestiae ut et et.', 'tenetur', 0, NULL, '2016-01-16 19:47:30', '1981-03-29 04:56:11');
INSERT INTO `media` (`id`, `media_type_id`, `user_id`, `body`, `filename`, `size`, `metadata`, `created_at`, `updated_at`) VALUES ('218', '2', '873', 'Non quasi ea culpa pariatur dolor. Ullam placeat et quia quae non et. Eum veniam recusandae quis est ab debitis.', 'et', 3, NULL, '2010-01-31 09:35:55', '2012-10-14 14:14:33');
INSERT INTO `media` (`id`, `media_type_id`, `user_id`, `body`, `filename`, `size`, `metadata`, `created_at`, `updated_at`) VALUES ('219', '3', '876', 'Ut voluptas ipsa dolores et. Odit qui amet deleniti recusandae laudantium sunt. Adipisci incidunt dolor dolores pariatur ex. Sint consequuntur quae hic ipsa iste.', 'ut', 0, NULL, '2018-01-13 15:33:18', '1994-05-14 04:10:28');
INSERT INTO `media` (`id`, `media_type_id`, `user_id`, `body`, `filename`, `size`, `metadata`, `created_at`, `updated_at`) VALUES ('220', '4', '881', 'Porro libero enim aliquid necessitatibus. Asperiores delectus omnis quo quam. Ullam harum perspiciatis corrupti eum. Voluptatem aut ipsam ratione totam soluta provident eaque. Et ad quidem harum ducimus delectus nihil.', 'quod', 3097793, NULL, '1974-05-08 09:10:15', '2017-10-11 23:04:58');
INSERT INTO `media` (`id`, `media_type_id`, `user_id`, `body`, `filename`, `size`, `metadata`, `created_at`, `updated_at`) VALUES ('221', '1', '882', 'Commodi explicabo corrupti aliquam necessitatibus non et nam non. Animi at temporibus voluptate corporis rerum reprehenderit rerum. Est beatae ipsa animi qui ut in. Optio nulla dolor voluptatibus tenetur tempore eligendi explicabo.', 'quasi', 8, NULL, '1998-07-08 03:04:48', '2007-07-23 09:04:05');
INSERT INTO `media` (`id`, `media_type_id`, `user_id`, `body`, `filename`, `size`, `metadata`, `created_at`, `updated_at`) VALUES ('222', '2', '883', 'Nam repellendus cupiditate laudantium velit. Ut reiciendis ut molestiae.', 'temporibus', 568, NULL, '1993-08-27 22:16:43', '1985-11-30 01:32:39');
INSERT INTO `media` (`id`, `media_type_id`, `user_id`, `body`, `filename`, `size`, `metadata`, `created_at`, `updated_at`) VALUES ('223', '3', '884', 'Voluptatibus minus tempore est voluptates expedita repellat. Veniam aut aspernatur sunt eveniet aliquid.', 'tenetur', 256669, NULL, '1985-03-06 23:24:25', '1975-11-16 02:07:26');
INSERT INTO `media` (`id`, `media_type_id`, `user_id`, `body`, `filename`, `size`, `metadata`, `created_at`, `updated_at`) VALUES ('224', '4', '885', 'Et architecto quis et molestiae. Laudantium ut possimus ut quia voluptatum. Veritatis minima sunt consequatur quam veritatis temporibus omnis. Blanditiis unde est a corrupti. Repellendus non cupiditate dolor suscipit sint officia harum.', 'consequatur', 0, NULL, '2010-10-18 05:31:20', '2013-06-18 09:15:40');
INSERT INTO `media` (`id`, `media_type_id`, `user_id`, `body`, `filename`, `size`, `metadata`, `created_at`, `updated_at`) VALUES ('225', '1', '886', 'Voluptas officiis ut laboriosam rerum et. Vitae accusamus iusto harum et non dolor sed. Ullam non deserunt accusamus cumque adipisci corporis.', 'possimus', 667, NULL, '2003-09-01 09:13:19', '2016-06-16 18:56:59');
INSERT INTO `media` (`id`, `media_type_id`, `user_id`, `body`, `filename`, `size`, `metadata`, `created_at`, `updated_at`) VALUES ('226', '2', '887', 'Ut aut voluptatum nihil perspiciatis. Maiores corporis repudiandae tenetur dolorum ipsa mollitia atque. Officia temporibus et a et consequatur voluptatem. Tenetur itaque enim reiciendis.', 'sed', 3, NULL, '2016-02-29 18:13:25', '1992-03-12 11:05:56');
INSERT INTO `media` (`id`, `media_type_id`, `user_id`, `body`, `filename`, `size`, `metadata`, `created_at`, `updated_at`) VALUES ('227', '3', '889', 'Impedit voluptates et aut nam rerum a. Et nulla in consequuntur rem natus nostrum. Nostrum sed iusto tempore fugiat tempora quos quibusdam voluptatem. Cupiditate sunt voluptatem numquam et quisquam.', 'quaerat', 1, NULL, '2000-07-04 20:38:07', '2001-01-10 16:30:59');
INSERT INTO `media` (`id`, `media_type_id`, `user_id`, `body`, `filename`, `size`, `metadata`, `created_at`, `updated_at`) VALUES ('228', '4', '890', 'Unde voluptatem facilis accusamus nulla. Neque totam omnis explicabo aspernatur placeat cumque. Nulla consequatur eligendi et accusamus dolorum.', 'reiciendis', 74527, NULL, '1973-05-01 17:10:59', '1996-08-30 04:28:23');
INSERT INTO `media` (`id`, `media_type_id`, `user_id`, `body`, `filename`, `size`, `metadata`, `created_at`, `updated_at`) VALUES ('229', '1', '893', 'Consequatur officiis corrupti ut. Sint occaecati sequi magni distinctio id adipisci neque. Excepturi unde sapiente quia perferendis fugit rerum. Voluptatem deserunt aut et vitae repellat possimus quidem. Dolorem et accusamus voluptatibus vel.', 'eaque', 781, NULL, '2019-03-14 00:13:33', '1986-07-11 14:10:01');
INSERT INTO `media` (`id`, `media_type_id`, `user_id`, `body`, `filename`, `size`, `metadata`, `created_at`, `updated_at`) VALUES ('230', '2', '899', 'Aspernatur quisquam molestiae aut distinctio qui. Commodi sequi optio consequuntur reprehenderit autem recusandae quo sed.', 'neque', 45617524, NULL, '1981-11-01 04:41:55', '2014-05-07 19:02:13');
INSERT INTO `media` (`id`, `media_type_id`, `user_id`, `body`, `filename`, `size`, `metadata`, `created_at`, `updated_at`) VALUES ('231', '3', '900', 'Et velit vel qui nostrum asperiores non repellat. Eos sunt quam dolor sit voluptatem deserunt excepturi. Omnis assumenda et sit qui voluptas voluptates assumenda. Molestiae possimus doloremque et odio ut molestiae at. Expedita accusantium explicabo eum distinctio fuga accusantium.', 'est', 219, NULL, '1991-02-17 19:11:51', '1998-06-29 18:11:46');
INSERT INTO `media` (`id`, `media_type_id`, `user_id`, `body`, `filename`, `size`, `metadata`, `created_at`, `updated_at`) VALUES ('232', '4', '902', 'Molestiae eius illum necessitatibus vel laudantium tempore. Labore dolor ut voluptates et sed quisquam. Dolores dolor voluptate debitis in aut in id. Iste alias sunt architecto aut corrupti dolorem aut.', 'odit', 41, NULL, '1972-04-20 02:21:47', '1989-01-13 13:46:46');
INSERT INTO `media` (`id`, `media_type_id`, `user_id`, `body`, `filename`, `size`, `metadata`, `created_at`, `updated_at`) VALUES ('233', '1', '903', 'Vel asperiores officia laboriosam omnis quis et. Voluptate voluptas ut unde voluptatem modi. Asperiores dolore sunt qui impedit voluptatem eos qui. Dolorem magni doloremque animi.', 'cumque', 226959, NULL, '2013-10-28 07:54:10', '1983-03-15 03:10:30');
INSERT INTO `media` (`id`, `media_type_id`, `user_id`, `body`, `filename`, `size`, `metadata`, `created_at`, `updated_at`) VALUES ('234', '2', '904', 'Ut libero quisquam modi cupiditate similique voluptate. Dolorem fugit ducimus dolor asperiores cupiditate. Officia rem sequi provident et delectus quis. Dolor vel minus placeat deleniti.', 'tempora', 880, NULL, '2011-03-12 13:10:02', '2020-01-22 19:48:34');
INSERT INTO `media` (`id`, `media_type_id`, `user_id`, `body`, `filename`, `size`, `metadata`, `created_at`, `updated_at`) VALUES ('235', '3', '908', 'Vel et distinctio minus et. Fuga culpa quasi inventore id in eum et. Nisi pariatur quidem ratione laboriosam totam. Reiciendis quis aut dolor odio temporibus nemo.', 'perferendis', 814454845, NULL, '1996-03-27 22:38:59', '1973-07-19 21:06:56');
INSERT INTO `media` (`id`, `media_type_id`, `user_id`, `body`, `filename`, `size`, `metadata`, `created_at`, `updated_at`) VALUES ('236', '4', '912', 'Ut aut ut recusandae. Est voluptatem quo est necessitatibus aliquid. Est porro libero amet qui facilis ullam dolore vel.', 'dolorum', 12458, NULL, '1988-11-14 08:56:31', '1987-09-20 18:20:43');
INSERT INTO `media` (`id`, `media_type_id`, `user_id`, `body`, `filename`, `size`, `metadata`, `created_at`, `updated_at`) VALUES ('237', '1', '914', 'Molestias sit voluptas ut at. Corporis totam non explicabo fugit aut. Necessitatibus et nobis illo. Nihil qui fugiat sint est et quo nihil.', 'iste', 6, NULL, '1980-04-11 20:09:55', '2012-06-02 13:30:43');
INSERT INTO `media` (`id`, `media_type_id`, `user_id`, `body`, `filename`, `size`, `metadata`, `created_at`, `updated_at`) VALUES ('238', '2', '917', 'Cum consequatur commodi perspiciatis aspernatur. Id consequatur ea nulla molestiae dolores quaerat aut vel. Vero sunt quod fuga iusto.', 'quas', 37764821, NULL, '2011-01-15 12:03:33', '1975-02-21 23:46:18');
INSERT INTO `media` (`id`, `media_type_id`, `user_id`, `body`, `filename`, `size`, `metadata`, `created_at`, `updated_at`) VALUES ('239', '3', '918', 'Velit debitis distinctio in laboriosam assumenda. Ipsum culpa est libero. Assumenda tempore quisquam sit eius. Sed aut ullam provident.', 'voluptas', 0, NULL, '2010-01-18 12:58:35', '1989-03-16 14:30:58');
INSERT INTO `media` (`id`, `media_type_id`, `user_id`, `body`, `filename`, `size`, `metadata`, `created_at`, `updated_at`) VALUES ('240', '4', '919', 'Sed ipsa deleniti minus ut non quos. Rerum consequuntur harum ipsam dolore et sed eos. Sit veritatis enim consequuntur et omnis.', 'praesentium', 694780, NULL, '1979-10-11 17:00:05', '2007-05-31 02:22:25');
INSERT INTO `media` (`id`, `media_type_id`, `user_id`, `body`, `filename`, `size`, `metadata`, `created_at`, `updated_at`) VALUES ('241', '1', '920', 'Non et in impedit et non. Corporis voluptatem nulla et ducimus sint. Laborum animi veniam voluptas qui quo recusandae. Ut et non sapiente vitae aliquam saepe quisquam.', 'optio', 0, NULL, '1973-05-28 16:14:54', '1970-11-12 17:13:54');
INSERT INTO `media` (`id`, `media_type_id`, `user_id`, `body`, `filename`, `size`, `metadata`, `created_at`, `updated_at`) VALUES ('242', '2', '924', 'Deserunt possimus fugit voluptates ut. Corrupti fugiat possimus quo adipisci culpa ad alias. Eaque consequatur et excepturi recusandae dolorem.', 'et', 0, NULL, '1992-10-09 15:32:32', '1981-01-29 21:52:29');
INSERT INTO `media` (`id`, `media_type_id`, `user_id`, `body`, `filename`, `size`, `metadata`, `created_at`, `updated_at`) VALUES ('243', '3', '925', 'Labore impedit aut laboriosam eos enim impedit quia. Sed iure quia veniam ipsam autem asperiores est. Quo ut magni sunt est quidem rem. Quasi magni et nihil rerum quaerat non quia.', 'voluptatum', 1022, NULL, '1987-03-05 22:14:02', '2004-06-20 19:20:00');
INSERT INTO `media` (`id`, `media_type_id`, `user_id`, `body`, `filename`, `size`, `metadata`, `created_at`, `updated_at`) VALUES ('244', '4', '928', 'Sit iure deleniti numquam incidunt et blanditiis esse. Eum fugit quia totam.', 'repudiandae', 31, NULL, '2003-12-16 22:40:13', '1999-11-30 04:51:31');
INSERT INTO `media` (`id`, `media_type_id`, `user_id`, `body`, `filename`, `size`, `metadata`, `created_at`, `updated_at`) VALUES ('245', '1', '932', 'Nihil ut autem hic ab debitis enim rerum. Temporibus molestiae fugiat voluptas quia. Dolorem dignissimos et doloremque magnam. Enim non laborum et quaerat nesciunt consequatur. Repudiandae et esse sit sit voluptas quos est tempora.', 'eos', 8, NULL, '1970-03-19 18:41:17', '2012-07-20 14:11:23');
INSERT INTO `media` (`id`, `media_type_id`, `user_id`, `body`, `filename`, `size`, `metadata`, `created_at`, `updated_at`) VALUES ('246', '2', '935', 'Praesentium sint quidem eligendi omnis maxime culpa. Eveniet impedit ut quidem eos adipisci incidunt est nesciunt. Adipisci pariatur et nisi maxime et rerum inventore.', 'id', 9445, NULL, '1989-06-08 03:15:38', '1983-09-29 15:28:17');
INSERT INTO `media` (`id`, `media_type_id`, `user_id`, `body`, `filename`, `size`, `metadata`, `created_at`, `updated_at`) VALUES ('247', '3', '937', 'Inventore earum molestiae ex voluptates quia enim. Cupiditate quia quis similique quia nesciunt. Aliquid laboriosam ut officiis recusandae. Modi doloribus sit voluptas reprehenderit praesentium laudantium hic fuga.', 'ducimus', 8045, NULL, '2003-06-09 15:42:23', '1982-05-28 05:46:56');
INSERT INTO `media` (`id`, `media_type_id`, `user_id`, `body`, `filename`, `size`, `metadata`, `created_at`, `updated_at`) VALUES ('248', '4', '938', 'Et veniam ex ratione exercitationem quam assumenda eos saepe. Eligendi totam rem tempora quia ea omnis. Fuga velit odio et molestias excepturi. Dignissimos ut rerum et cumque voluptate.', 'culpa', 304990, NULL, '1984-10-28 03:42:36', '1983-11-21 02:03:18');
INSERT INTO `media` (`id`, `media_type_id`, `user_id`, `body`, `filename`, `size`, `metadata`, `created_at`, `updated_at`) VALUES ('249', '1', '941', 'Consequuntur maiores voluptatem corporis voluptatibus. Sapiente quasi assumenda placeat eveniet. Officiis quis illo ex eveniet ex. Possimus molestiae qui ipsum quos consequatur dolor.', 'qui', 42, NULL, '1984-10-02 02:30:59', '1993-11-17 12:36:54');
INSERT INTO `media` (`id`, `media_type_id`, `user_id`, `body`, `filename`, `size`, `metadata`, `created_at`, `updated_at`) VALUES ('250', '2', '942', 'Molestias voluptate vitae ullam quam. Quos eveniet cum quis mollitia corporis magni dolorem nobis. Commodi repellendus qui fugit minus consectetur dolorem. Illo iste quo nulla.', 'dolorem', 70736, NULL, '1983-11-11 08:50:01', '2015-11-07 09:12:43');
INSERT INTO `media` (`id`, `media_type_id`, `user_id`, `body`, `filename`, `size`, `metadata`, `created_at`, `updated_at`) VALUES ('251', '3', '944', 'Dolores sit doloribus aut vero ut. Labore et reprehenderit praesentium. Voluptatem facilis nobis soluta impedit consequatur rerum autem. Magni rerum porro blanditiis ad exercitationem. Blanditiis at optio eius voluptate corporis in non et.', 'est', 869, NULL, '2009-02-27 18:32:24', '1980-03-06 18:02:43');
INSERT INTO `media` (`id`, `media_type_id`, `user_id`, `body`, `filename`, `size`, `metadata`, `created_at`, `updated_at`) VALUES ('252', '4', '946', 'Repudiandae ducimus asperiores veniam reprehenderit rerum eum amet. Occaecati rem libero et nulla temporibus minus consectetur et. Odio quibusdam quasi laudantium possimus.', 'aliquam', 658466, NULL, '2007-10-17 13:44:26', '1972-10-08 00:34:23');
INSERT INTO `media` (`id`, `media_type_id`, `user_id`, `body`, `filename`, `size`, `metadata`, `created_at`, `updated_at`) VALUES ('253', '1', '949', 'Odit esse dolorem minima ea est debitis ut. Soluta repellendus rerum minima voluptas libero sint aperiam. Animi voluptatum sed dignissimos quisquam ex ducimus doloremque atque.', 'et', 1, NULL, '2019-05-28 09:55:45', '1994-01-26 23:11:31');
INSERT INTO `media` (`id`, `media_type_id`, `user_id`, `body`, `filename`, `size`, `metadata`, `created_at`, `updated_at`) VALUES ('254', '2', '950', 'Corrupti dolorum sint explicabo illum. Ut aut inventore cumque in rerum iure. Ut rerum numquam non reprehenderit accusamus ut.', 'velit', 6178521, NULL, '2014-04-24 11:56:08', '1979-01-03 00:44:32');
INSERT INTO `media` (`id`, `media_type_id`, `user_id`, `body`, `filename`, `size`, `metadata`, `created_at`, `updated_at`) VALUES ('255', '3', '951', 'Doloremque voluptatem maxime ea ut. Rerum sed doloribus consequatur dignissimos at. Doloribus aut saepe consectetur repellat aut fuga exercitationem.', 'velit', 897835509, NULL, '1979-02-04 06:16:50', '2019-12-06 19:28:55');
INSERT INTO `media` (`id`, `media_type_id`, `user_id`, `body`, `filename`, `size`, `metadata`, `created_at`, `updated_at`) VALUES ('256', '4', '952', 'Accusamus et atque ducimus blanditiis ut totam. Eum voluptatem corrupti accusamus asperiores magni nesciunt sint saepe. Et omnis minima voluptatem voluptatem ullam. Quam sunt minus voluptate.', 'est', 9851, NULL, '1970-04-17 03:27:37', '2019-01-21 19:04:46');
INSERT INTO `media` (`id`, `media_type_id`, `user_id`, `body`, `filename`, `size`, `metadata`, `created_at`, `updated_at`) VALUES ('257', '1', '954', 'Maxime aut qui rerum culpa reiciendis quaerat voluptatem. Deserunt id ut impedit ullam. Quisquam facilis explicabo et cupiditate rerum quis. Eius autem est itaque.', 'doloribus', 4378, NULL, '1986-05-01 07:57:05', '2000-04-21 21:50:04');
INSERT INTO `media` (`id`, `media_type_id`, `user_id`, `body`, `filename`, `size`, `metadata`, `created_at`, `updated_at`) VALUES ('258', '2', '957', 'Ad qui cupiditate fuga minima officiis. Molestiae rerum accusamus earum. Cupiditate autem soluta et. Necessitatibus asperiores vitae aut illum odit recusandae.', 'ipsum', 0, NULL, '2004-10-16 21:08:28', '2016-06-02 10:28:12');
INSERT INTO `media` (`id`, `media_type_id`, `user_id`, `body`, `filename`, `size`, `metadata`, `created_at`, `updated_at`) VALUES ('259', '3', '959', 'Eum vel et et ut voluptatibus deleniti quidem. Et excepturi quibusdam qui est asperiores tenetur dolor. Ut aut aliquam et et aut aliquam et eligendi.', 'sunt', 1792964, NULL, '1971-12-21 12:24:30', '1978-12-29 18:09:44');
INSERT INTO `media` (`id`, `media_type_id`, `user_id`, `body`, `filename`, `size`, `metadata`, `created_at`, `updated_at`) VALUES ('260', '4', '961', 'Libero est accusamus cumque quam consequuntur. Corrupti error sit magnam quaerat. Quia necessitatibus voluptatem aut ut laudantium maiores.', 'cumque', 58080, NULL, '2017-02-17 02:49:37', '1988-02-25 19:31:40');
INSERT INTO `media` (`id`, `media_type_id`, `user_id`, `body`, `filename`, `size`, `metadata`, `created_at`, `updated_at`) VALUES ('261', '1', '962', 'Impedit accusantium iste non quos eaque cum dolore. Et delectus explicabo aliquid minus dolore. In in maxime autem rem. Repellat aut eum omnis assumenda quia at. Ipsa veritatis voluptatum sunt ad voluptate veritatis.', 'quis', 426657, NULL, '1970-01-09 23:37:47', '1988-03-06 23:02:22');
INSERT INTO `media` (`id`, `media_type_id`, `user_id`, `body`, `filename`, `size`, `metadata`, `created_at`, `updated_at`) VALUES ('262', '2', '964', 'Reprehenderit reiciendis dolores in corporis deleniti quia rerum. Eius sed nam et quisquam eos est et iusto. At aut ut quo a quisquam illo numquam. Voluptatum non est sint autem optio.', 'sed', 369551, NULL, '1982-10-04 12:18:12', '2013-08-16 14:06:20');
INSERT INTO `media` (`id`, `media_type_id`, `user_id`, `body`, `filename`, `size`, `metadata`, `created_at`, `updated_at`) VALUES ('263', '3', '965', 'Accusamus assumenda amet doloremque. Fugiat nobis accusamus debitis soluta eius recusandae rerum. At voluptatibus suscipit dicta.', 'commodi', 123, NULL, '2002-03-18 12:12:27', '1995-03-03 18:48:38');
INSERT INTO `media` (`id`, `media_type_id`, `user_id`, `body`, `filename`, `size`, `metadata`, `created_at`, `updated_at`) VALUES ('264', '4', '967', 'Harum qui sit sint velit. Est excepturi beatae totam assumenda consectetur. Officiis nostrum repudiandae est exercitationem eius quaerat. Repudiandae est iusto et repellat.', 'pariatur', 228, NULL, '2004-05-16 14:48:18', '1975-10-10 15:59:56');
INSERT INTO `media` (`id`, `media_type_id`, `user_id`, `body`, `filename`, `size`, `metadata`, `created_at`, `updated_at`) VALUES ('265', '1', '968', 'Eos beatae veritatis vitae officia vel voluptate in. Maxime maxime eum quaerat et.', 'dolorem', 5891918, NULL, '1996-10-28 12:43:14', '1973-04-20 07:38:56');
INSERT INTO `media` (`id`, `media_type_id`, `user_id`, `body`, `filename`, `size`, `metadata`, `created_at`, `updated_at`) VALUES ('266', '2', '969', 'Nostrum dolorem sed aut nihil. Dolorem ipsum modi nemo quaerat libero molestias. Molestias placeat officiis ut et. Voluptatum maxime porro enim labore error nihil sit explicabo. Voluptas voluptatum nihil vitae harum repellendus aliquam architecto.', 'dolorem', 2753, NULL, '1987-03-04 17:58:16', '1992-04-02 14:43:07');
INSERT INTO `media` (`id`, `media_type_id`, `user_id`, `body`, `filename`, `size`, `metadata`, `created_at`, `updated_at`) VALUES ('267', '3', '970', 'Deserunt molestiae omnis nihil sunt. Itaque accusamus adipisci distinctio esse ex consequuntur accusamus. Ut et necessitatibus est deserunt. Voluptatem est et sed dolore culpa laudantium.', 'qui', 2233691, NULL, '1997-03-25 04:18:42', '1998-08-16 23:29:58');
INSERT INTO `media` (`id`, `media_type_id`, `user_id`, `body`, `filename`, `size`, `metadata`, `created_at`, `updated_at`) VALUES ('268', '4', '972', 'Sequi ex suscipit distinctio minus facere odio in. Saepe deleniti eveniet veniam laborum. Nobis dolores quos et dolores. Voluptas sequi ut ullam minus dolore.', 'aut', 0, NULL, '2000-03-19 10:33:26', '1986-11-12 13:45:58');
INSERT INTO `media` (`id`, `media_type_id`, `user_id`, `body`, `filename`, `size`, `metadata`, `created_at`, `updated_at`) VALUES ('269', '1', '974', 'Dolores rerum architecto explicabo reprehenderit. Nihil optio nisi eligendi temporibus.', 'tenetur', 92914365, NULL, '2009-08-23 05:50:45', '1986-05-22 10:28:59');
INSERT INTO `media` (`id`, `media_type_id`, `user_id`, `body`, `filename`, `size`, `metadata`, `created_at`, `updated_at`) VALUES ('270', '2', '975', 'Repudiandae reiciendis recusandae ut molestiae et rem veniam quis. Praesentium animi facere aut repellat ut et est. Consequatur omnis nesciunt soluta nobis et rerum.', 'laudantium', 932402787, NULL, '1979-02-25 16:59:45', '1974-07-29 03:55:40');
INSERT INTO `media` (`id`, `media_type_id`, `user_id`, `body`, `filename`, `size`, `metadata`, `created_at`, `updated_at`) VALUES ('271', '3', '978', 'Aut corporis culpa ut saepe omnis alias rem. Non eveniet ab dolor et. Quibusdam aut ea quia quis cumque. Sunt est quia perferendis voluptatibus dolore qui. Modi consequatur ipsum ea expedita.', 'explicabo', 0, NULL, '1997-05-21 08:43:59', '2003-12-08 10:06:05');
INSERT INTO `media` (`id`, `media_type_id`, `user_id`, `body`, `filename`, `size`, `metadata`, `created_at`, `updated_at`) VALUES ('272', '4', '983', 'Laboriosam laborum doloribus inventore magni cupiditate. Dolorem sed officiis possimus quo voluptas deserunt. Sit a maiores ad et beatae pariatur ut et.', 'sunt', 813544, NULL, '1999-01-28 16:19:18', '1990-05-10 07:48:26');
INSERT INTO `media` (`id`, `media_type_id`, `user_id`, `body`, `filename`, `size`, `metadata`, `created_at`, `updated_at`) VALUES ('273', '1', '984', 'Eos consequatur et nostrum recusandae tempora itaque. Repudiandae in iste aut necessitatibus mollitia assumenda nihil non. Veniam possimus ut omnis rerum. Aut ipsum illum qui cumque aspernatur rerum.', 'minima', 2546530, NULL, '1981-07-21 13:40:42', '1987-02-24 14:58:04');
INSERT INTO `media` (`id`, `media_type_id`, `user_id`, `body`, `filename`, `size`, `metadata`, `created_at`, `updated_at`) VALUES ('274', '2', '985', 'Reprehenderit veniam molestias nesciunt autem quis dolore. Quibusdam numquam voluptate cupiditate quod. Commodi dolor nulla aut eos rerum. Nulla est rerum illo aut itaque laudantium reprehenderit.', 'enim', 3615, NULL, '1998-06-13 12:19:51', '1979-07-19 09:05:18');
INSERT INTO `media` (`id`, `media_type_id`, `user_id`, `body`, `filename`, `size`, `metadata`, `created_at`, `updated_at`) VALUES ('275', '3', '986', 'Et explicabo voluptatem quae fuga delectus facere. Dolorem doloribus aut labore impedit autem. Consequatur dolores et aperiam expedita error. Quia sapiente enim et tempora quasi alias.', 'quam', 5299603, NULL, '1999-07-14 07:40:06', '2011-08-26 07:57:03');
INSERT INTO `media` (`id`, `media_type_id`, `user_id`, `body`, `filename`, `size`, `metadata`, `created_at`, `updated_at`) VALUES ('276', '4', '990', 'Quam et asperiores sit ullam nulla vel possimus. Omnis magnam aut itaque blanditiis qui. Alias quis quas quia.', 'ad', 0, NULL, '1992-03-02 05:59:14', '2011-06-16 04:53:12');
INSERT INTO `media` (`id`, `media_type_id`, `user_id`, `body`, `filename`, `size`, `metadata`, `created_at`, `updated_at`) VALUES ('277', '1', '994', 'Sed aperiam laudantium id quam. Non dolore doloremque sed earum saepe non. Porro soluta saepe omnis sed. Aut enim adipisci et itaque sed. Sapiente dolorem ipsa voluptatibus sapiente.', 'ullam', 545, NULL, '2017-09-30 22:30:30', '1974-11-21 20:55:54');
INSERT INTO `media` (`id`, `media_type_id`, `user_id`, `body`, `filename`, `size`, `metadata`, `created_at`, `updated_at`) VALUES ('278', '2', '995', 'Vitae officia rerum sunt ea et est in. Et illo ea et ab alias sed quos dolorem. Ipsa dolor corrupti suscipit quos. Vel id libero pariatur fugit et architecto.', 'unde', 6876546, NULL, '2012-11-04 13:32:00', '1977-09-14 07:01:59');
INSERT INTO `media` (`id`, `media_type_id`, `user_id`, `body`, `filename`, `size`, `metadata`, `created_at`, `updated_at`) VALUES ('279', '3', '996', 'Sapiente aspernatur quia velit. Reprehenderit nostrum rem odio ullam dolor inventore sequi. Maxime ut quisquam nemo ducimus. Illo ducimus rerum voluptates perspiciatis.', 'placeat', 4, NULL, '1975-05-06 15:58:07', '1979-01-20 17:10:06');
INSERT INTO `media` (`id`, `media_type_id`, `user_id`, `body`, `filename`, `size`, `metadata`, `created_at`, `updated_at`) VALUES ('280', '4', '997', 'Qui aut similique eveniet possimus optio perferendis ut. Illum rem ipsum quae qui consequuntur esse. Explicabo sed dolor tempora est reprehenderit occaecati itaque.', 'pariatur', 34097564, NULL, '2009-08-27 22:33:53', '1982-01-09 06:10:39');
INSERT INTO `media` (`id`, `media_type_id`, `user_id`, `body`, `filename`, `size`, `metadata`, `created_at`, `updated_at`) VALUES ('281', '1', '999', 'Molestiae numquam dolorem minima optio voluptatem. Non vel dolorem voluptatem. At laudantium accusamus et minus aliquam quis officia.', 'harum', 26616, NULL, '1984-05-27 03:55:14', '1994-09-10 14:54:01');
INSERT INTO `media` (`id`, `media_type_id`, `user_id`, `body`, `filename`, `size`, `metadata`, `created_at`, `updated_at`) VALUES ('282', '2', '501', 'Eum assumenda voluptas consequatur iusto aspernatur. Voluptate atque nostrum ipsum explicabo. Odit nihil debitis porro fugiat libero dicta amet adipisci. Mollitia autem earum et vitae.', 'illum', 257539, NULL, '1999-03-24 23:10:04', '2012-05-19 12:58:31');
INSERT INTO `media` (`id`, `media_type_id`, `user_id`, `body`, `filename`, `size`, `metadata`, `created_at`, `updated_at`) VALUES ('283', '3', '502', 'Voluptatem temporibus nisi sint quis. Vel maiores explicabo aut eaque in voluptates soluta a. Sunt ipsum ut quasi quis. Laboriosam quo expedita fugiat molestiae.', 'dolorem', 80382269, NULL, '2012-06-09 18:33:08', '2019-10-08 22:57:30');
INSERT INTO `media` (`id`, `media_type_id`, `user_id`, `body`, `filename`, `size`, `metadata`, `created_at`, `updated_at`) VALUES ('284', '4', '503', 'Ab omnis excepturi rerum et tenetur dolores aut. Enim dolorem deserunt ut sint qui et qui qui.', 'aut', 603034, NULL, '2011-03-02 00:47:34', '2019-10-19 10:16:49');
INSERT INTO `media` (`id`, `media_type_id`, `user_id`, `body`, `filename`, `size`, `metadata`, `created_at`, `updated_at`) VALUES ('285', '1', '504', 'Velit maxime qui non optio nisi. Soluta sit necessitatibus facilis voluptatem doloremque. Necessitatibus quos est blanditiis voluptatem.', 'blanditiis', 71915471, NULL, '1995-07-12 08:34:50', '1985-05-14 08:22:28');
INSERT INTO `media` (`id`, `media_type_id`, `user_id`, `body`, `filename`, `size`, `metadata`, `created_at`, `updated_at`) VALUES ('286', '2', '505', 'Debitis et accusamus consequatur illo minima voluptatem labore. Dolor aut consequatur architecto et atque. Enim deserunt enim soluta vel eligendi saepe. Error nemo amet omnis occaecati saepe molestiae recusandae.', 'accusamus', 16, NULL, '1972-05-06 18:50:45', '1983-06-11 20:00:02');
INSERT INTO `media` (`id`, `media_type_id`, `user_id`, `body`, `filename`, `size`, `metadata`, `created_at`, `updated_at`) VALUES ('287', '3', '507', 'Asperiores odit est et pariatur praesentium nemo iste. Earum tempora nisi distinctio rem. Laborum nobis et ea possimus eaque.', 'eum', 53, NULL, '1986-06-24 13:54:14', '1992-08-28 23:33:40');
INSERT INTO `media` (`id`, `media_type_id`, `user_id`, `body`, `filename`, `size`, `metadata`, `created_at`, `updated_at`) VALUES ('288', '4', '509', 'Alias eum esse aut quidem tempore sequi. Dolorem suscipit aspernatur suscipit consequatur ullam. Voluptatum dolorum nihil incidunt officiis.', 'temporibus', 72070, NULL, '2012-04-01 10:04:46', '2004-06-06 23:34:16');
INSERT INTO `media` (`id`, `media_type_id`, `user_id`, `body`, `filename`, `size`, `metadata`, `created_at`, `updated_at`) VALUES ('289', '1', '510', 'Praesentium natus hic quo fugit tenetur molestiae. Excepturi eos molestias iusto. Provident explicabo ducimus numquam reprehenderit beatae iusto autem. Consequatur dolorem veniam maiores minus cumque sed.', 'cumque', 0, NULL, '1999-12-08 02:03:12', '1981-05-18 15:43:47');
INSERT INTO `media` (`id`, `media_type_id`, `user_id`, `body`, `filename`, `size`, `metadata`, `created_at`, `updated_at`) VALUES ('290', '2', '511', 'Praesentium nam reiciendis occaecati voluptatem. Repellat perspiciatis facere sapiente architecto blanditiis repudiandae.', 'enim', 0, NULL, '2018-12-11 15:13:20', '2009-06-23 20:42:05');
INSERT INTO `media` (`id`, `media_type_id`, `user_id`, `body`, `filename`, `size`, `metadata`, `created_at`, `updated_at`) VALUES ('291', '3', '512', 'Et autem tempore consequatur non corporis maiores. Facilis cum sunt facere dolore rerum et ut fugit. At deleniti est provident et voluptatum non. Delectus necessitatibus in odit est dolorum unde.', 'quod', 35, NULL, '2008-01-20 14:55:06', '1971-09-12 18:58:09');
INSERT INTO `media` (`id`, `media_type_id`, `user_id`, `body`, `filename`, `size`, `metadata`, `created_at`, `updated_at`) VALUES ('292', '4', '513', 'Voluptatem est ad occaecati veritatis ea cumque laboriosam. Tenetur qui sed eum deleniti harum dolorem. Ipsa deserunt necessitatibus quis laudantium. Non eveniet optio est cum ut.', 'vel', 2, NULL, '2001-06-12 15:46:27', '1995-05-04 22:35:39');
INSERT INTO `media` (`id`, `media_type_id`, `user_id`, `body`, `filename`, `size`, `metadata`, `created_at`, `updated_at`) VALUES ('293', '1', '515', 'Pariatur animi modi rem in eos aut. Eligendi autem quam ut expedita ad soluta.', 'veritatis', 426, NULL, '1990-11-22 21:14:10', '1973-12-11 13:41:39');
INSERT INTO `media` (`id`, `media_type_id`, `user_id`, `body`, `filename`, `size`, `metadata`, `created_at`, `updated_at`) VALUES ('294', '2', '516', 'Ut quis maiores veniam veritatis. Nobis voluptatum inventore qui sunt consectetur officiis. Sint nostrum numquam explicabo quis a autem. Perspiciatis dolore molestias suscipit.', 'eos', 0, NULL, '2020-04-22 06:55:37', '1974-01-23 08:27:47');
INSERT INTO `media` (`id`, `media_type_id`, `user_id`, `body`, `filename`, `size`, `metadata`, `created_at`, `updated_at`) VALUES ('295', '3', '518', 'Cupiditate in ut laboriosam. Inventore harum ducimus quos. Praesentium quod autem magni molestiae et provident adipisci.', 'eius', 255174493, NULL, '2019-04-01 16:05:48', '2010-07-06 16:02:53');
INSERT INTO `media` (`id`, `media_type_id`, `user_id`, `body`, `filename`, `size`, `metadata`, `created_at`, `updated_at`) VALUES ('296', '4', '519', 'Asperiores molestiae culpa ut est optio perferendis. Esse quam recusandae praesentium ut sint. Veritatis vel dicta ea nisi porro pariatur eum. Qui in voluptatum quis nesciunt quam saepe.', 'vel', 5, NULL, '1993-01-12 20:07:40', '1978-11-11 17:50:15');
INSERT INTO `media` (`id`, `media_type_id`, `user_id`, `body`, `filename`, `size`, `metadata`, `created_at`, `updated_at`) VALUES ('297', '1', '520', 'Qui animi voluptates non deleniti. Asperiores fugiat minima voluptatum nam odio animi.', 'sint', 631521866, NULL, '1978-02-24 11:05:42', '1970-04-12 08:30:24');
INSERT INTO `media` (`id`, `media_type_id`, `user_id`, `body`, `filename`, `size`, `metadata`, `created_at`, `updated_at`) VALUES ('298', '2', '522', 'In deleniti fugiat veniam est. Sint quos optio dolore quasi voluptatum dolorem. Voluptatem dicta tempore quo velit aut consectetur tenetur.', 'incidunt', 8029, NULL, '2020-03-06 19:13:51', '1970-01-05 01:46:21');
INSERT INTO `media` (`id`, `media_type_id`, `user_id`, `body`, `filename`, `size`, `metadata`, `created_at`, `updated_at`) VALUES ('299', '3', '523', 'Consequuntur eveniet ex rerum sunt. Consequatur facere in est necessitatibus odit optio consequatur. Aperiam accusamus ipsam doloribus placeat qui commodi fuga modi.', 'ut', 322514, NULL, '1989-11-15 03:02:41', '1990-03-29 01:16:44');
INSERT INTO `media` (`id`, `media_type_id`, `user_id`, `body`, `filename`, `size`, `metadata`, `created_at`, `updated_at`) VALUES ('300', '4', '530', 'Dolorum harum ullam enim dicta ut error rerum. Omnis earum sunt amet ut. Dolorum voluptatum et et ipsam similique quaerat et. Aliquid voluptatem id deleniti ipsam qui eius.', 'quia', 733118, NULL, '2019-06-12 20:43:38', '2020-11-10 09:02:23');
INSERT INTO `media` (`id`, `media_type_id`, `user_id`, `body`, `filename`, `size`, `metadata`, `created_at`, `updated_at`) VALUES ('301', '1', '532', 'Blanditiis accusantium vel maxime deserunt beatae. Eos omnis officiis veritatis doloribus reprehenderit ut atque. Accusantium ipsum quisquam rem a.', 'enim', 0, NULL, '2004-11-27 09:17:34', '1977-10-01 18:06:04');
INSERT INTO `media` (`id`, `media_type_id`, `user_id`, `body`, `filename`, `size`, `metadata`, `created_at`, `updated_at`) VALUES ('302', '2', '533', 'Nisi voluptas repellat dignissimos et alias. Dicta culpa repellendus explicabo itaque cupiditate. Et officiis nesciunt alias maiores.', 'est', 3247833, NULL, '1970-03-23 22:20:34', '2003-04-05 01:59:14');
INSERT INTO `media` (`id`, `media_type_id`, `user_id`, `body`, `filename`, `size`, `metadata`, `created_at`, `updated_at`) VALUES ('303', '3', '534', 'Maiores doloremque facilis quae est non. Non placeat est ad quis.', 'quas', 18969349, NULL, '1988-07-10 22:06:21', '1998-12-11 05:12:37');
INSERT INTO `media` (`id`, `media_type_id`, `user_id`, `body`, `filename`, `size`, `metadata`, `created_at`, `updated_at`) VALUES ('304', '4', '537', 'Numquam maxime vero dolorum sequi laboriosam voluptate omnis. Consequuntur velit illum occaecati occaecati aut nemo neque. Exercitationem velit sed repellendus rerum quibusdam ratione quibusdam minima.', 'et', 93215344, NULL, '1992-02-08 04:27:33', '1983-10-14 07:03:25');
INSERT INTO `media` (`id`, `media_type_id`, `user_id`, `body`, `filename`, `size`, `metadata`, `created_at`, `updated_at`) VALUES ('305', '1', '538', 'Sed aut et animi quia. Similique occaecati doloremque accusantium et. Voluptas sed in quis.', 'tempore', 411691, NULL, '1972-08-28 05:27:12', '1989-04-11 06:20:46');
INSERT INTO `media` (`id`, `media_type_id`, `user_id`, `body`, `filename`, `size`, `metadata`, `created_at`, `updated_at`) VALUES ('306', '2', '539', 'Quaerat fuga dolores rerum eum consequatur sapiente. Nulla autem nobis ut. Debitis consequatur dolorem quod unde. Sapiente modi sequi praesentium pariatur aspernatur consequatur quae.', 'nostrum', 51643147, NULL, '2001-05-18 13:30:41', '1975-06-20 04:08:59');
INSERT INTO `media` (`id`, `media_type_id`, `user_id`, `body`, `filename`, `size`, `metadata`, `created_at`, `updated_at`) VALUES ('307', '3', '542', 'Ratione voluptas saepe quis iure occaecati optio. Voluptatem consequuntur dolores illum iusto est laboriosam possimus eum.', 'a', 191757144, NULL, '1974-05-06 19:34:14', '1992-12-30 08:54:11');
INSERT INTO `media` (`id`, `media_type_id`, `user_id`, `body`, `filename`, `size`, `metadata`, `created_at`, `updated_at`) VALUES ('308', '4', '543', 'Quidem ut sequi saepe expedita omnis. Nesciunt est ut sit mollitia doloribus ratione qui. Exercitationem facilis quibusdam quia velit consequatur.', 'odit', 611, NULL, '1997-04-02 21:17:16', '1970-11-30 06:16:07');
INSERT INTO `media` (`id`, `media_type_id`, `user_id`, `body`, `filename`, `size`, `metadata`, `created_at`, `updated_at`) VALUES ('309', '1', '546', 'Ipsam laborum iure voluptas unde tempore omnis. Unde eligendi magni et eum sed illum.', 'tenetur', 139181124, NULL, '1974-06-26 23:47:42', '1993-10-29 15:53:08');
INSERT INTO `media` (`id`, `media_type_id`, `user_id`, `body`, `filename`, `size`, `metadata`, `created_at`, `updated_at`) VALUES ('310', '2', '547', 'Labore praesentium laborum ratione molestiae distinctio sit ut. Blanditiis quisquam odio delectus suscipit iusto nobis reiciendis. Doloremque voluptatem at voluptatem vel animi animi saepe. Voluptas ea qui quisquam minus tenetur soluta qui recusandae.', 'voluptas', 3, NULL, '1986-09-27 12:51:13', '2011-06-19 03:17:35');
INSERT INTO `media` (`id`, `media_type_id`, `user_id`, `body`, `filename`, `size`, `metadata`, `created_at`, `updated_at`) VALUES ('311', '3', '548', 'Vero quia et unde reprehenderit. Dolorem provident quos aut nisi veniam omnis neque. Blanditiis at et qui laborum consequatur similique voluptas.', 'qui', 6788647, NULL, '1993-02-05 04:50:47', '2015-01-01 07:14:36');
INSERT INTO `media` (`id`, `media_type_id`, `user_id`, `body`, `filename`, `size`, `metadata`, `created_at`, `updated_at`) VALUES ('312', '4', '549', 'Dolorem totam consequatur voluptatem aliquam nam dolor itaque. Amet nobis quaerat ipsa illum. Porro in voluptas cupiditate optio ab non.', 'non', 0, NULL, '1988-10-19 08:56:02', '1972-10-08 21:27:20');
INSERT INTO `media` (`id`, `media_type_id`, `user_id`, `body`, `filename`, `size`, `metadata`, `created_at`, `updated_at`) VALUES ('313', '1', '550', 'Dolorem dignissimos qui rerum tempora autem et. Doloribus sunt enim veritatis ut impedit ducimus modi. Odio eveniet eligendi fuga labore quod hic amet.', 'ipsa', 8909, NULL, '1982-07-23 16:19:59', '1986-02-13 08:43:26');
INSERT INTO `media` (`id`, `media_type_id`, `user_id`, `body`, `filename`, `size`, `metadata`, `created_at`, `updated_at`) VALUES ('314', '2', '552', 'Minima ad dolores voluptates animi aliquid velit. Aspernatur necessitatibus sunt est modi. Impedit quasi distinctio vel. Quibusdam vitae at autem odio.', 'odit', 91733, NULL, '1989-08-01 15:36:39', '2008-08-26 18:56:12');
INSERT INTO `media` (`id`, `media_type_id`, `user_id`, `body`, `filename`, `size`, `metadata`, `created_at`, `updated_at`) VALUES ('315', '3', '554', 'Dolores reiciendis voluptatem facere molestiae et quae. Saepe alias laboriosam officiis iure quis.', 'quos', 72060, NULL, '1997-06-07 15:27:52', '1977-08-20 05:39:57');
INSERT INTO `media` (`id`, `media_type_id`, `user_id`, `body`, `filename`, `size`, `metadata`, `created_at`, `updated_at`) VALUES ('316', '4', '555', 'Expedita quod perspiciatis explicabo eligendi omnis. Totam aut quasi ullam et.', 'ut', 0, NULL, '1973-01-17 14:47:13', '2001-08-19 07:23:46');
INSERT INTO `media` (`id`, `media_type_id`, `user_id`, `body`, `filename`, `size`, `metadata`, `created_at`, `updated_at`) VALUES ('317', '1', '559', 'Qui voluptatem error aut tempora iure. Quisquam ea eos quam saepe. Dolores rerum harum asperiores aspernatur animi accusantium sit. Libero in iste sit ad et omnis error.', 'commodi', 78849, NULL, '2002-03-12 22:15:30', '2001-07-25 01:08:05');
INSERT INTO `media` (`id`, `media_type_id`, `user_id`, `body`, `filename`, `size`, `metadata`, `created_at`, `updated_at`) VALUES ('318', '2', '561', 'Blanditiis consectetur delectus aut eum et neque magni. Deleniti quaerat dolor officiis animi maxime est qui sed. Accusamus sunt vero delectus enim.', 'laborum', 972, NULL, '1979-04-16 11:36:35', '2005-09-07 11:07:10');
INSERT INTO `media` (`id`, `media_type_id`, `user_id`, `body`, `filename`, `size`, `metadata`, `created_at`, `updated_at`) VALUES ('319', '3', '564', 'Cum quis ad aperiam. Autem architecto quod animi dolore numquam quo nostrum labore. Minima possimus voluptatem totam architecto ut ad vel. Perferendis non culpa quas similique cumque.', 'sapiente', 523138728, NULL, '2003-06-01 17:34:04', '1970-12-28 00:42:56');
INSERT INTO `media` (`id`, `media_type_id`, `user_id`, `body`, `filename`, `size`, `metadata`, `created_at`, `updated_at`) VALUES ('320', '4', '565', 'Quo et quas sit amet. Quis qui unde eos quia velit vitae cumque qui. Illo atque nulla numquam nulla. Recusandae aut nihil molestias suscipit odio.', 'soluta', 81732, NULL, '2006-10-17 08:33:46', '1989-03-18 05:20:47');
INSERT INTO `media` (`id`, `media_type_id`, `user_id`, `body`, `filename`, `size`, `metadata`, `created_at`, `updated_at`) VALUES ('321', '1', '566', 'Minus debitis delectus occaecati et rerum in. Dolores non consequatur qui quia incidunt.', 'dolorem', 5465, NULL, '1977-05-28 17:03:47', '2006-04-19 22:53:58');
INSERT INTO `media` (`id`, `media_type_id`, `user_id`, `body`, `filename`, `size`, `metadata`, `created_at`, `updated_at`) VALUES ('322', '2', '568', 'Fugit occaecati laudantium ut commodi laudantium non. Expedita sint eos cumque ratione inventore dolores. Praesentium excepturi a sed aut omnis.', 'sunt', 8460, NULL, '1999-04-04 13:36:53', '1995-03-02 16:31:28');
INSERT INTO `media` (`id`, `media_type_id`, `user_id`, `body`, `filename`, `size`, `metadata`, `created_at`, `updated_at`) VALUES ('323', '3', '569', 'Animi molestiae aliquid esse cum soluta quos rem. Temporibus molestiae voluptatum eaque odit quod ut. Aperiam harum vel et nulla officiis. Voluptatum eius est omnis rerum provident eius maxime.', 'quia', 2, NULL, '1991-10-13 01:02:42', '2020-10-13 16:59:45');
INSERT INTO `media` (`id`, `media_type_id`, `user_id`, `body`, `filename`, `size`, `metadata`, `created_at`, `updated_at`) VALUES ('324', '4', '570', 'Ducimus quas nostrum molestias error quis quia fugiat. Sapiente ratione sit quaerat ut. Est eos ut sequi molestiae. Et qui sed qui autem voluptatum qui.', 'cupiditate', 539111134, NULL, '1976-03-22 02:42:08', '1975-12-21 19:27:24');
INSERT INTO `media` (`id`, `media_type_id`, `user_id`, `body`, `filename`, `size`, `metadata`, `created_at`, `updated_at`) VALUES ('325', '1', '571', 'Cumque incidunt quae est voluptatem dolores sed. Saepe dolor totam nam. Ipsum necessitatibus est dolores repellendus ullam.', 'nam', 2, NULL, '1970-01-13 02:51:31', '2010-05-16 22:27:34');
INSERT INTO `media` (`id`, `media_type_id`, `user_id`, `body`, `filename`, `size`, `metadata`, `created_at`, `updated_at`) VALUES ('326', '2', '572', 'Aut odio optio corporis earum voluptate dicta nulla. Adipisci sint ut doloribus ea fuga quia et. Doloribus dignissimos ipsam inventore occaecati a est.', 'voluptates', 3072956, NULL, '2020-06-30 05:43:48', '1982-11-11 06:47:46');
INSERT INTO `media` (`id`, `media_type_id`, `user_id`, `body`, `filename`, `size`, `metadata`, `created_at`, `updated_at`) VALUES ('327', '3', '574', 'Alias ratione non provident et. Nostrum facere fuga nemo rerum. Alias veniam ad odio assumenda eligendi sunt numquam quasi.', 'quis', 76767262, NULL, '1980-10-26 08:31:53', '2004-05-29 08:09:48');
INSERT INTO `media` (`id`, `media_type_id`, `user_id`, `body`, `filename`, `size`, `metadata`, `created_at`, `updated_at`) VALUES ('328', '4', '575', 'Officia maiores dolore iusto necessitatibus est perferendis sed. Ullam ut rem placeat laboriosam ut. Sint voluptatem sit officia sint enim nemo illo. Sit maiores perspiciatis et cum ea repellat est.', 'similique', 14801, NULL, '1990-07-28 15:58:07', '1974-11-25 22:01:06');
INSERT INTO `media` (`id`, `media_type_id`, `user_id`, `body`, `filename`, `size`, `metadata`, `created_at`, `updated_at`) VALUES ('329', '1', '578', 'Fugit et qui odio qui. Voluptas rerum dolores quia illum non beatae eum.', 'quia', 0, NULL, '1973-04-30 05:05:01', '1977-10-30 02:26:05');
INSERT INTO `media` (`id`, `media_type_id`, `user_id`, `body`, `filename`, `size`, `metadata`, `created_at`, `updated_at`) VALUES ('330', '2', '580', 'Eligendi inventore consequatur ut consectetur doloremque. Quia et corporis cumque reprehenderit modi. Ipsum qui aperiam omnis repudiandae libero voluptas molestiae.', 'aspernatur', 68779, NULL, '1995-05-02 15:24:13', '1974-10-18 19:13:39');
INSERT INTO `media` (`id`, `media_type_id`, `user_id`, `body`, `filename`, `size`, `metadata`, `created_at`, `updated_at`) VALUES ('331', '3', '582', 'Sit asperiores pariatur et qui voluptatibus qui qui et. Quis earum consectetur labore iste amet voluptatem in earum. Nisi inventore ut blanditiis repellendus ipsum quisquam. Perspiciatis qui odio quia quia quia tempora.', 'aut', 87488382, NULL, '1970-04-11 23:17:45', '2008-11-06 16:24:34');
INSERT INTO `media` (`id`, `media_type_id`, `user_id`, `body`, `filename`, `size`, `metadata`, `created_at`, `updated_at`) VALUES ('332', '4', '583', 'Reprehenderit nulla consectetur harum ullam consequatur ipsa. Id porro et voluptas aut excepturi dolores. Voluptatem aut omnis id qui. Sapiente quis quidem fugiat perspiciatis fugiat.', 'minima', 173530, NULL, '2011-09-03 19:23:38', '2002-12-28 18:34:33');
INSERT INTO `media` (`id`, `media_type_id`, `user_id`, `body`, `filename`, `size`, `metadata`, `created_at`, `updated_at`) VALUES ('333', '1', '584', 'Voluptas aut consequatur quos cum. Error quae laboriosam unde omnis exercitationem nobis cupiditate. Est porro earum corporis eos dolorum.', 'amet', 6495, NULL, '1996-01-25 11:46:16', '2011-10-22 03:44:23');
INSERT INTO `media` (`id`, `media_type_id`, `user_id`, `body`, `filename`, `size`, `metadata`, `created_at`, `updated_at`) VALUES ('334', '2', '585', 'Non facere similique consectetur fugit nemo reprehenderit. Vel et officiis nesciunt accusamus alias nulla rerum iusto. Aut saepe enim pariatur aut possimus omnis fugiat. Vel quo nulla maiores vero.', 'voluptas', 18258287, NULL, '1982-08-13 17:27:50', '2020-01-27 18:48:58');
INSERT INTO `media` (`id`, `media_type_id`, `user_id`, `body`, `filename`, `size`, `metadata`, `created_at`, `updated_at`) VALUES ('335', '3', '586', 'Aut id et omnis cum. Voluptatem magni et deleniti pariatur nihil iste adipisci. Dolor rem quidem deleniti sequi dignissimos architecto fugit. Minus quod ipsa omnis eos.', 'et', 286820290, NULL, '2002-05-04 10:42:57', '1975-06-18 08:37:39');
INSERT INTO `media` (`id`, `media_type_id`, `user_id`, `body`, `filename`, `size`, `metadata`, `created_at`, `updated_at`) VALUES ('336', '4', '587', 'Earum accusamus aut vel et. Non qui quo quidem fugit odit ea libero. Dignissimos a sequi est atque rerum est sunt. Dolorem nihil illum facere sit sunt sequi.', 'aut', 20596, NULL, '2005-04-18 13:17:14', '1980-08-12 22:32:54');
INSERT INTO `media` (`id`, `media_type_id`, `user_id`, `body`, `filename`, `size`, `metadata`, `created_at`, `updated_at`) VALUES ('337', '1', '588', 'Aut explicabo quam ut natus quam dignissimos vero. Corporis tempora at velit facilis possimus impedit explicabo. Molestiae consequatur assumenda quia consectetur doloribus.', 'sit', 492469, NULL, '1970-08-04 12:41:02', '1989-08-28 07:08:56');
INSERT INTO `media` (`id`, `media_type_id`, `user_id`, `body`, `filename`, `size`, `metadata`, `created_at`, `updated_at`) VALUES ('338', '2', '590', 'Nostrum optio consequatur aut est. Accusamus autem rem cum ab. Fugit voluptatem placeat voluptates omnis et ut reprehenderit. Blanditiis quisquam mollitia sed.', 'aut', 8470, NULL, '1989-07-08 05:35:30', '1978-09-27 05:24:37');
INSERT INTO `media` (`id`, `media_type_id`, `user_id`, `body`, `filename`, `size`, `metadata`, `created_at`, `updated_at`) VALUES ('339', '3', '591', 'Soluta officia enim fuga ducimus qui animi magni. Deserunt qui nesciunt est quos. Velit ut dolore sit nostrum. Deserunt mollitia quo ut molestiae.', 'sed', 729, NULL, '1984-05-28 21:36:40', '2019-11-05 09:37:54');
INSERT INTO `media` (`id`, `media_type_id`, `user_id`, `body`, `filename`, `size`, `metadata`, `created_at`, `updated_at`) VALUES ('340', '4', '595', 'In incidunt est ex asperiores error. Placeat deserunt cum enim labore tempore ipsam consectetur. Vitae dignissimos rem sit rerum in et. Soluta velit ut qui magnam quos.', 'rem', 6, NULL, '1997-05-10 15:59:46', '2001-04-15 23:17:32');
INSERT INTO `media` (`id`, `media_type_id`, `user_id`, `body`, `filename`, `size`, `metadata`, `created_at`, `updated_at`) VALUES ('341', '1', '596', 'Consequuntur quis quo earum optio. Incidunt veritatis rerum labore rerum. Aut voluptas et aliquam et voluptas ad ea. Odit quo consequatur rerum eligendi repellat.', 'et', 81456938, NULL, '2008-11-14 15:53:36', '2018-03-27 00:21:36');
INSERT INTO `media` (`id`, `media_type_id`, `user_id`, `body`, `filename`, `size`, `metadata`, `created_at`, `updated_at`) VALUES ('342', '2', '597', 'Sit aut assumenda cumque omnis. Impedit voluptatem aut eligendi et. Sit mollitia temporibus quia nisi a.', 'consequatur', 2, NULL, '2007-07-16 00:09:21', '1985-07-24 21:56:54');
INSERT INTO `media` (`id`, `media_type_id`, `user_id`, `body`, `filename`, `size`, `metadata`, `created_at`, `updated_at`) VALUES ('343', '3', '598', 'Non nihil nemo ad est. Id velit in qui est. Nesciunt omnis commodi consequatur sunt aut consequatur. Ut voluptatum id odit ad id.', 'quia', 215215, NULL, '1970-06-23 06:27:38', '2007-12-02 19:18:01');
INSERT INTO `media` (`id`, `media_type_id`, `user_id`, `body`, `filename`, `size`, `metadata`, `created_at`, `updated_at`) VALUES ('344', '4', '601', 'Non tempora quam sint distinctio deserunt quisquam. Cum et id ipsam sunt eveniet molestiae doloribus. Magni sed est maiores ex similique. Ex qui aut quas excepturi perferendis.', 'aut', 3889176, NULL, '1978-10-03 23:46:20', '2002-11-11 02:09:28');
INSERT INTO `media` (`id`, `media_type_id`, `user_id`, `body`, `filename`, `size`, `metadata`, `created_at`, `updated_at`) VALUES ('345', '1', '603', 'Minima ipsum et quaerat. Possimus dolor harum rem doloremque officia velit. Perferendis eius excepturi voluptas qui qui. Velit molestiae impedit qui illum facere enim dicta sint. Impedit ut est delectus quo maxime.', 'tenetur', 6, NULL, '2017-04-05 05:04:05', '1987-09-09 22:15:09');
INSERT INTO `media` (`id`, `media_type_id`, `user_id`, `body`, `filename`, `size`, `metadata`, `created_at`, `updated_at`) VALUES ('346', '2', '605', 'Quia perspiciatis qui ut cupiditate eum est dolorem. Itaque qui numquam inventore quam. Error voluptas itaque autem distinctio saepe qui. Ullam illum doloremque nisi suscipit voluptate repudiandae repellendus.', 'voluptas', 8652907, NULL, '2007-07-01 23:36:37', '2002-01-09 01:44:18');
INSERT INTO `media` (`id`, `media_type_id`, `user_id`, `body`, `filename`, `size`, `metadata`, `created_at`, `updated_at`) VALUES ('347', '3', '607', 'Nisi quia harum vel tenetur nesciunt labore. Et placeat qui temporibus tenetur dicta delectus. Exercitationem dolor excepturi asperiores tenetur. Molestiae tenetur dolores debitis eius.', 'eos', 0, NULL, '1982-09-14 08:56:40', '2013-06-19 16:41:25');
INSERT INTO `media` (`id`, `media_type_id`, `user_id`, `body`, `filename`, `size`, `metadata`, `created_at`, `updated_at`) VALUES ('348', '4', '610', 'Laborum et ducimus officia itaque. Pariatur aut eius quis ut accusantium occaecati.', 'nulla', 768558, NULL, '2017-12-09 03:00:53', '1972-03-04 21:13:03');
INSERT INTO `media` (`id`, `media_type_id`, `user_id`, `body`, `filename`, `size`, `metadata`, `created_at`, `updated_at`) VALUES ('349', '1', '611', 'Necessitatibus provident dolorum hic qui. Facilis non ipsa soluta molestias ut. Aperiam tempora quae placeat veritatis dolorem.', 'delectus', 70712, NULL, '2010-06-22 21:01:55', '1985-06-28 10:41:48');
INSERT INTO `media` (`id`, `media_type_id`, `user_id`, `body`, `filename`, `size`, `metadata`, `created_at`, `updated_at`) VALUES ('350', '2', '612', 'Quod iusto voluptas aliquam fuga itaque vel. Dolor enim id repellat aut. Dignissimos qui et repellendus atque iusto incidunt occaecati. Tenetur fugiat est voluptas accusamus fuga neque aspernatur. Totam eaque ullam necessitatibus sapiente.', 'illo', 5771614, NULL, '1987-05-03 17:05:17', '2002-09-06 10:42:54');
INSERT INTO `media` (`id`, `media_type_id`, `user_id`, `body`, `filename`, `size`, `metadata`, `created_at`, `updated_at`) VALUES ('351', '3', '614', 'Sint fugit reprehenderit delectus ut ullam architecto. Nisi inventore et quos praesentium totam. Totam architecto sunt voluptas illum minima quis voluptas. Itaque odio ducimus consequatur molestiae alias.', 'rerum', 76210169, NULL, '1983-06-27 11:35:10', '2008-02-10 07:30:51');
INSERT INTO `media` (`id`, `media_type_id`, `user_id`, `body`, `filename`, `size`, `metadata`, `created_at`, `updated_at`) VALUES ('352', '4', '616', 'Harum vitae molestiae sit non aut aut. Sapiente autem quisquam dolore. Consectetur totam aut inventore nihil. Doloremque aperiam est aut asperiores illum.', 'officia', 246387, NULL, '2020-12-20 04:49:25', '1975-05-03 03:20:02');
INSERT INTO `media` (`id`, `media_type_id`, `user_id`, `body`, `filename`, `size`, `metadata`, `created_at`, `updated_at`) VALUES ('353', '1', '617', 'Quisquam aperiam quasi nihil non magni. Voluptatem eaque ut possimus laborum perferendis. Rerum est rerum totam explicabo iste suscipit adipisci.', 'numquam', 629152, NULL, '1996-03-16 16:35:04', '1978-07-17 02:13:31');
INSERT INTO `media` (`id`, `media_type_id`, `user_id`, `body`, `filename`, `size`, `metadata`, `created_at`, `updated_at`) VALUES ('354', '2', '618', 'Vel et facere ut ut porro vitae rerum. Nesciunt illum minus accusantium doloremque minima doloremque aspernatur. Excepturi ipsum earum tempora distinctio et et. Minima necessitatibus adipisci recusandae.', 'quia', 8654, NULL, '1982-10-04 00:25:11', '2015-12-19 13:13:29');
INSERT INTO `media` (`id`, `media_type_id`, `user_id`, `body`, `filename`, `size`, `metadata`, `created_at`, `updated_at`) VALUES ('355', '3', '620', 'Pariatur laborum ex eligendi architecto id delectus earum dolore. Nihil distinctio eius omnis quia minima minima qui. Non consequatur fugiat est error accusamus. Officia aspernatur corporis aut nihil rerum vel.', 'eos', 195, NULL, '2013-01-01 17:34:50', '1999-02-19 23:37:35');
INSERT INTO `media` (`id`, `media_type_id`, `user_id`, `body`, `filename`, `size`, `metadata`, `created_at`, `updated_at`) VALUES ('356', '4', '621', 'Nisi dolor sed fugit non maxime. Et quia qui voluptatem sed. Alias illum non enim ratione. Odio quia repellendus molestiae ullam debitis aut.', 'et', 31, NULL, '2019-05-05 06:27:08', '2001-08-14 07:02:11');
INSERT INTO `media` (`id`, `media_type_id`, `user_id`, `body`, `filename`, `size`, `metadata`, `created_at`, `updated_at`) VALUES ('357', '1', '622', 'In deserunt occaecati soluta dolores voluptatem vitae. Neque vel est commodi tenetur vel est dolorum occaecati. A iste aspernatur animi minima. Voluptate magnam nihil sit quas omnis soluta ab.', 'aut', 829853, NULL, '2019-03-11 19:51:30', '1979-09-26 16:20:12');
INSERT INTO `media` (`id`, `media_type_id`, `user_id`, `body`, `filename`, `size`, `metadata`, `created_at`, `updated_at`) VALUES ('358', '2', '627', 'Cupiditate ut ipsum molestias. Nisi reprehenderit qui aspernatur eveniet. Iste aperiam voluptas doloremque cum enim rerum.', 'optio', 0, NULL, '1992-04-17 15:57:40', '2005-06-29 13:39:40');
INSERT INTO `media` (`id`, `media_type_id`, `user_id`, `body`, `filename`, `size`, `metadata`, `created_at`, `updated_at`) VALUES ('359', '3', '631', 'Aut ut voluptatem quo perspiciatis molestias. Non qui aut deleniti aut quaerat. Expedita ipsum tenetur officiis nemo voluptas. Ipsa quam voluptate et commodi iusto fugit expedita.', 'ipsam', 6111, NULL, '1993-03-28 15:24:25', '2003-10-06 12:18:23');
INSERT INTO `media` (`id`, `media_type_id`, `user_id`, `body`, `filename`, `size`, `metadata`, `created_at`, `updated_at`) VALUES ('360', '4', '633', 'Inventore at qui dicta. Voluptatem adipisci in quia sint. Quo deleniti nemo consectetur sed unde accusantium necessitatibus.', 'optio', 728908, NULL, '1979-04-07 04:49:26', '2007-06-13 01:51:48');
INSERT INTO `media` (`id`, `media_type_id`, `user_id`, `body`, `filename`, `size`, `metadata`, `created_at`, `updated_at`) VALUES ('361', '1', '635', 'Est nulla quia dolorem. Alias dolor minima reprehenderit quis voluptatibus facilis. Ex laboriosam culpa aut voluptatem.', 'et', 409, NULL, '2006-01-27 17:13:55', '2007-01-05 03:14:45');
INSERT INTO `media` (`id`, `media_type_id`, `user_id`, `body`, `filename`, `size`, `metadata`, `created_at`, `updated_at`) VALUES ('362', '2', '638', 'Rerum voluptatum ipsa fuga minus amet commodi possimus. Maiores dolores cumque autem maiores. Eum voluptatibus fuga rem molestiae accusamus accusantium.', 'explicabo', 8707819, NULL, '2007-04-10 14:59:37', '2016-09-14 11:09:42');
INSERT INTO `media` (`id`, `media_type_id`, `user_id`, `body`, `filename`, `size`, `metadata`, `created_at`, `updated_at`) VALUES ('363', '3', '639', 'Omnis reprehenderit qui dolorem impedit cum ut dolor. Quas id ut eos dolores quidem voluptatem eveniet dolores. Voluptatem voluptate sit animi tenetur dolorem.', 'est', 9993, NULL, '1986-05-30 14:46:28', '1990-12-26 16:37:50');
INSERT INTO `media` (`id`, `media_type_id`, `user_id`, `body`, `filename`, `size`, `metadata`, `created_at`, `updated_at`) VALUES ('364', '4', '640', 'Aliquam adipisci explicabo laboriosam ut facere quisquam. Nam maxime dolor reiciendis. Dolor pariatur praesentium dignissimos ex aut quia ut. Rerum ea corrupti tempora tenetur explicabo quod qui. Odit et praesentium et nam adipisci voluptas ab error.', 'esse', 28183, NULL, '1978-12-17 23:10:09', '1976-12-02 04:23:51');
INSERT INTO `media` (`id`, `media_type_id`, `user_id`, `body`, `filename`, `size`, `metadata`, `created_at`, `updated_at`) VALUES ('365', '1', '641', 'Et qui voluptatem et. Libero eum voluptatem necessitatibus aperiam ipsam. Corrupti et ea possimus inventore sint.', 'reiciendis', 4483712, NULL, '1973-09-25 20:36:37', '1974-05-10 10:40:21');
INSERT INTO `media` (`id`, `media_type_id`, `user_id`, `body`, `filename`, `size`, `metadata`, `created_at`, `updated_at`) VALUES ('366', '2', '645', 'Rerum omnis numquam illum debitis ut voluptate. Illum a adipisci sit deserunt quasi. Doloremque cum excepturi non officia velit eaque voluptate.', 'ut', 92310010, NULL, '1991-04-14 14:06:48', '1980-04-30 11:05:08');
INSERT INTO `media` (`id`, `media_type_id`, `user_id`, `body`, `filename`, `size`, `metadata`, `created_at`, `updated_at`) VALUES ('367', '3', '647', 'Voluptatem dolor ut beatae consectetur qui optio quibusdam ea. Magni quaerat saepe harum reprehenderit exercitationem dicta. Id autem ut dolorem. Similique repudiandae omnis provident est.', 'quisquam', 2, NULL, '2014-12-06 06:11:54', '2018-07-22 09:06:02');
INSERT INTO `media` (`id`, `media_type_id`, `user_id`, `body`, `filename`, `size`, `metadata`, `created_at`, `updated_at`) VALUES ('368', '4', '648', 'Aut dolorem sed eum ipsam mollitia occaecati vitae. Rerum amet eveniet veritatis sit et esse in aut. Facilis dolor autem repellat deleniti vel quae.', 'similique', 78, NULL, '2007-05-27 08:05:54', '1976-11-03 12:22:56');
INSERT INTO `media` (`id`, `media_type_id`, `user_id`, `body`, `filename`, `size`, `metadata`, `created_at`, `updated_at`) VALUES ('369', '1', '649', 'Corrupti vitae eveniet et atque esse. Atque tenetur autem eius quaerat. Velit vel laborum sed est.', 'consequatur', 339, NULL, '1991-08-08 10:45:26', '2006-08-15 14:34:30');
INSERT INTO `media` (`id`, `media_type_id`, `user_id`, `body`, `filename`, `size`, `metadata`, `created_at`, `updated_at`) VALUES ('370', '2', '650', 'Consectetur aut dolor magnam aut corporis quasi. Voluptas voluptate rerum enim repellendus iste. Ipsum nulla earum quas consectetur. Aut dolorum eum veritatis ullam.', 'sit', 3305887, NULL, '1990-04-23 00:15:32', '2019-09-05 00:37:47');
INSERT INTO `media` (`id`, `media_type_id`, `user_id`, `body`, `filename`, `size`, `metadata`, `created_at`, `updated_at`) VALUES ('371', '3', '651', 'Consequatur perferendis illum voluptatem necessitatibus facere aut dolore. Deleniti laudantium temporibus consequatur sunt ut facilis blanditiis.', 'cum', 74074488, NULL, '1990-09-11 02:26:16', '2016-07-30 12:23:41');
INSERT INTO `media` (`id`, `media_type_id`, `user_id`, `body`, `filename`, `size`, `metadata`, `created_at`, `updated_at`) VALUES ('372', '4', '652', 'Officiis ut distinctio maiores earum quas. Veniam nihil ullam voluptatem placeat harum velit pariatur.', 'quo', 97603895, NULL, '2007-07-29 10:56:23', '1997-09-21 03:46:49');
INSERT INTO `media` (`id`, `media_type_id`, `user_id`, `body`, `filename`, `size`, `metadata`, `created_at`, `updated_at`) VALUES ('373', '1', '654', 'Deserunt occaecati placeat exercitationem laudantium. Iusto totam vero tempore porro cumque. Aut nihil illum eaque sequi porro magni. Nihil exercitationem pariatur maiores et ut.', 'libero', 69768, NULL, '2005-10-20 07:22:05', '2009-11-29 20:04:08');
INSERT INTO `media` (`id`, `media_type_id`, `user_id`, `body`, `filename`, `size`, `metadata`, `created_at`, `updated_at`) VALUES ('374', '2', '655', 'Blanditiis iusto dignissimos cupiditate fugit vel perspiciatis quo. Unde iure nihil tempore unde expedita animi. Quidem quaerat aperiam odio architecto.', 'blanditiis', 450143, NULL, '1976-11-18 18:41:04', '1985-03-03 17:52:54');
INSERT INTO `media` (`id`, `media_type_id`, `user_id`, `body`, `filename`, `size`, `metadata`, `created_at`, `updated_at`) VALUES ('375', '3', '656', 'Cum consectetur magnam debitis quo voluptatem dolorem qui. Odio sit ut nam qui sit velit.', 'facilis', 49, NULL, '1975-06-20 23:27:45', '1986-05-27 18:49:50');
INSERT INTO `media` (`id`, `media_type_id`, `user_id`, `body`, `filename`, `size`, `metadata`, `created_at`, `updated_at`) VALUES ('376', '4', '657', 'Illo eveniet iusto aut quis. Qui eum vel corrupti accusamus. Ad dolores libero rem in.', 'iure', 20, NULL, '2018-11-28 13:03:04', '2006-12-19 12:04:28');
INSERT INTO `media` (`id`, `media_type_id`, `user_id`, `body`, `filename`, `size`, `metadata`, `created_at`, `updated_at`) VALUES ('377', '1', '659', 'Voluptatem ipsum vel placeat fuga aliquid aut et. Perferendis praesentium qui qui voluptatem quidem molestiae. Distinctio rem sapiente corrupti. At minus recusandae dolor similique.', 'doloribus', 746993, NULL, '2014-03-21 22:46:54', '2004-05-21 10:52:10');
INSERT INTO `media` (`id`, `media_type_id`, `user_id`, `body`, `filename`, `size`, `metadata`, `created_at`, `updated_at`) VALUES ('378', '2', '660', 'Dolor natus non ratione praesentium. Dolor est blanditiis ipsum omnis nostrum in et. Voluptatem ut voluptas in culpa voluptatibus incidunt. Eius consequatur praesentium assumenda qui in consequatur laborum. Omnis expedita laudantium voluptas soluta illum minus.', 'enim', 83, NULL, '1982-06-06 12:53:21', '1972-04-16 11:42:28');
INSERT INTO `media` (`id`, `media_type_id`, `user_id`, `body`, `filename`, `size`, `metadata`, `created_at`, `updated_at`) VALUES ('379', '3', '661', 'Autem veniam quibusdam maxime sit illo aut dolor. Nesciunt voluptatem accusantium autem soluta corrupti ut quasi voluptatum.', 'nesciunt', 4244622, NULL, '1988-02-19 22:52:42', '1987-02-27 20:36:24');
INSERT INTO `media` (`id`, `media_type_id`, `user_id`, `body`, `filename`, `size`, `metadata`, `created_at`, `updated_at`) VALUES ('380', '4', '662', 'Assumenda deleniti molestiae corporis minus occaecati quos iste. Ut quas corrupti ea nostrum a quis libero. Quia nisi praesentium assumenda repellendus tenetur laboriosam sint.', 'similique', 5358710, NULL, '1977-10-29 10:03:35', '1995-01-24 22:22:54');
INSERT INTO `media` (`id`, `media_type_id`, `user_id`, `body`, `filename`, `size`, `metadata`, `created_at`, `updated_at`) VALUES ('381', '1', '664', 'Ut et sapiente dolores est. Nesciunt at eaque dolorem voluptatem. Itaque veritatis consequatur quis sunt et maiores.', 'voluptatum', 87636489, NULL, '1970-09-26 00:47:19', '1994-11-25 04:11:21');
INSERT INTO `media` (`id`, `media_type_id`, `user_id`, `body`, `filename`, `size`, `metadata`, `created_at`, `updated_at`) VALUES ('382', '2', '666', 'Eligendi minima harum ad ab. Ad veniam eveniet voluptatum recusandae at quasi doloribus recusandae. Nisi numquam ea tempora error. Repellendus quia aut culpa.', 'iure', 334117, NULL, '2003-04-10 13:22:02', '2012-06-28 02:13:23');
INSERT INTO `media` (`id`, `media_type_id`, `user_id`, `body`, `filename`, `size`, `metadata`, `created_at`, `updated_at`) VALUES ('383', '3', '669', 'Ullam quia modi ut voluptatem quia fugiat consequatur. Sunt minus harum est nihil maiores sed. Tempore voluptas ea eum est asperiores.', 'est', 3893, NULL, '2021-01-09 20:47:24', '1981-01-09 07:59:18');
INSERT INTO `media` (`id`, `media_type_id`, `user_id`, `body`, `filename`, `size`, `metadata`, `created_at`, `updated_at`) VALUES ('384', '4', '670', 'Odio est et id dignissimos porro repellendus et omnis. Odio rerum ad aliquid soluta temporibus. Qui tempore soluta et ducimus qui pariatur. Maxime magni voluptatem perspiciatis incidunt est libero nisi aperiam.', 'dolorum', 0, NULL, '1980-07-18 00:16:36', '2018-03-18 22:27:13');
INSERT INTO `media` (`id`, `media_type_id`, `user_id`, `body`, `filename`, `size`, `metadata`, `created_at`, `updated_at`) VALUES ('385', '1', '671', 'Quas iste aut voluptatem voluptatibus sunt qui pariatur tenetur. Perferendis debitis qui eveniet repellat rerum. Nulla aut ducimus aut error aliquam magni.', 'temporibus', 9740561, NULL, '2003-11-04 04:35:22', '2011-12-15 05:35:42');
INSERT INTO `media` (`id`, `media_type_id`, `user_id`, `body`, `filename`, `size`, `metadata`, `created_at`, `updated_at`) VALUES ('386', '2', '673', 'Numquam fuga dolorem omnis itaque odit. Magnam dolore aliquam eligendi qui asperiores. Rerum omnis facilis asperiores ab quis beatae sapiente.', 'praesentium', 0, NULL, '2016-08-29 19:09:38', '1980-05-18 01:02:56');
INSERT INTO `media` (`id`, `media_type_id`, `user_id`, `body`, `filename`, `size`, `metadata`, `created_at`, `updated_at`) VALUES ('387', '3', '674', 'Minima repudiandae sapiente dolores autem ut veritatis sed. Rerum iste similique quibusdam vero quisquam dolores. Facilis facilis rerum modi in soluta enim officia.', 'quasi', 7881, NULL, '2015-01-21 06:42:38', '1985-11-28 12:21:57');
INSERT INTO `media` (`id`, `media_type_id`, `user_id`, `body`, `filename`, `size`, `metadata`, `created_at`, `updated_at`) VALUES ('388', '4', '675', 'Excepturi debitis tenetur aperiam doloremque. Quo nihil optio porro repellat ea nisi. Ex dolor adipisci id qui omnis eligendi.', 'et', 9843, NULL, '1999-10-14 04:26:58', '1974-09-17 00:14:57');
INSERT INTO `media` (`id`, `media_type_id`, `user_id`, `body`, `filename`, `size`, `metadata`, `created_at`, `updated_at`) VALUES ('389', '1', '676', 'Quaerat voluptatem eligendi atque aspernatur eligendi est quasi. Itaque ipsum distinctio officiis perferendis minus ut voluptatem. Laborum deleniti ea consectetur distinctio. Fugit laboriosam sed doloribus aut doloremque ut nisi.', 'est', 7650, NULL, '1989-08-19 09:44:02', '2008-07-31 23:22:03');
INSERT INTO `media` (`id`, `media_type_id`, `user_id`, `body`, `filename`, `size`, `metadata`, `created_at`, `updated_at`) VALUES ('390', '2', '678', 'Consequatur ab laborum maxime vitae sed neque. Reprehenderit sit sit nam repellendus odit. Aut modi est rem harum.', 'saepe', 0, NULL, '1986-11-18 08:39:21', '2013-06-05 20:33:52');
INSERT INTO `media` (`id`, `media_type_id`, `user_id`, `body`, `filename`, `size`, `metadata`, `created_at`, `updated_at`) VALUES ('391', '3', '680', 'Eligendi laborum culpa harum error impedit dolor ea. Quia quo ipsum suscipit voluptates eum. Rerum quibusdam vero et nobis. Qui assumenda exercitationem est nostrum aut.', 'sed', 397086, NULL, '1985-04-24 04:51:49', '1977-04-11 10:42:07');
INSERT INTO `media` (`id`, `media_type_id`, `user_id`, `body`, `filename`, `size`, `metadata`, `created_at`, `updated_at`) VALUES ('392', '4', '681', 'Hic ab perferendis non nesciunt quis ipsa. Doloremque necessitatibus voluptate rem sed eius. Maxime nulla qui asperiores unde ex possimus illum.', 'totam', 98848801, NULL, '1971-04-10 01:04:12', '1998-11-09 10:44:10');
INSERT INTO `media` (`id`, `media_type_id`, `user_id`, `body`, `filename`, `size`, `metadata`, `created_at`, `updated_at`) VALUES ('393', '1', '683', 'Aperiam iure voluptatem adipisci ullam officia optio ut dolores. Laboriosam nisi eos sit. Nihil est dolorem ullam possimus molestiae eum. Impedit dolores quas natus voluptatibus unde rerum.', 'velit', 83302, NULL, '2020-06-16 13:09:07', '2019-01-27 03:29:26');
INSERT INTO `media` (`id`, `media_type_id`, `user_id`, `body`, `filename`, `size`, `metadata`, `created_at`, `updated_at`) VALUES ('394', '2', '684', 'Consequatur expedita quia eos. Eligendi provident a fugit odio aliquid iusto. Et autem fuga quis aliquid ipsam. Velit rerum aliquam magnam ea qui.', 'modi', 4168136, NULL, '2006-07-22 04:51:03', '2004-01-03 05:30:51');
INSERT INTO `media` (`id`, `media_type_id`, `user_id`, `body`, `filename`, `size`, `metadata`, `created_at`, `updated_at`) VALUES ('395', '3', '685', 'Asperiores enim maiores quibusdam totam aut et voluptatibus. Similique et et blanditiis et et aliquid. Aperiam non a aut dolor. Velit quis beatae et quisquam fugit.', 'voluptas', 4, NULL, '2011-06-27 10:09:01', '1992-10-07 13:01:17');
INSERT INTO `media` (`id`, `media_type_id`, `user_id`, `body`, `filename`, `size`, `metadata`, `created_at`, `updated_at`) VALUES ('396', '4', '686', 'Earum aliquid dolor architecto et. Voluptatem unde sapiente vel sit vitae eum aut dignissimos. Voluptatem earum incidunt labore beatae.', 'nesciunt', 63070152, NULL, '1987-08-02 12:11:09', '1975-03-17 01:59:13');
INSERT INTO `media` (`id`, `media_type_id`, `user_id`, `body`, `filename`, `size`, `metadata`, `created_at`, `updated_at`) VALUES ('397', '1', '687', 'Et libero et quo. Vel voluptas natus deleniti doloribus adipisci. Molestiae veritatis sapiente numquam a consequatur et.', 'eligendi', 122508312, NULL, '2018-03-10 14:32:05', '2004-10-17 16:54:38');
INSERT INTO `media` (`id`, `media_type_id`, `user_id`, `body`, `filename`, `size`, `metadata`, `created_at`, `updated_at`) VALUES ('398', '2', '688', 'Et culpa velit neque molestiae quasi quibusdam necessitatibus. In laudantium voluptatem facere est impedit ea illum. Nesciunt ipsam totam maiores sed eum sit.', 'vitae', 645, NULL, '2007-06-03 15:19:27', '1990-07-25 09:52:07');
INSERT INTO `media` (`id`, `media_type_id`, `user_id`, `body`, `filename`, `size`, `metadata`, `created_at`, `updated_at`) VALUES ('399', '3', '689', 'Deleniti aut sed voluptas. Molestiae aut omnis aut vel ducimus beatae quo. Facilis mollitia dicta corrupti autem. Dolorem et ad facilis veritatis.', 'nihil', 6, NULL, '2011-04-22 05:10:18', '2012-10-14 21:26:36');
INSERT INTO `media` (`id`, `media_type_id`, `user_id`, `body`, `filename`, `size`, `metadata`, `created_at`, `updated_at`) VALUES ('400', '4', '692', 'Repellendus perferendis exercitationem aut labore quod eaque. Nemo doloremque sequi aperiam ut atque ut. Officia itaque velit ut vel.', 'tempore', 42446, NULL, '1987-10-22 14:49:01', '1995-06-29 01:11:51');
INSERT INTO `media` (`id`, `media_type_id`, `user_id`, `body`, `filename`, `size`, `metadata`, `created_at`, `updated_at`) VALUES ('401', '1', '694', 'Deleniti quia ut voluptates pariatur aut odio. Id eos commodi quisquam hic. Sit cum voluptas impedit illo molestiae eius at ab.', 'quae', 26673, NULL, '1991-07-20 05:06:08', '1973-11-01 23:35:34');
INSERT INTO `media` (`id`, `media_type_id`, `user_id`, `body`, `filename`, `size`, `metadata`, `created_at`, `updated_at`) VALUES ('402', '2', '695', 'Consectetur doloribus incidunt recusandae. Error dolore eum iure facilis eos. Natus animi deserunt voluptas qui quas.', 'cumque', 0, NULL, '2012-11-11 09:02:01', '2002-10-16 10:46:57');
INSERT INTO `media` (`id`, `media_type_id`, `user_id`, `body`, `filename`, `size`, `metadata`, `created_at`, `updated_at`) VALUES ('403', '3', '696', 'Sint atque ad doloremque tempore. Distinctio laborum impedit excepturi qui quia recusandae maxime sit. Sit omnis sed sapiente recusandae.', 'asperiores', 532473966, NULL, '1996-03-01 23:14:34', '2020-06-01 12:49:36');
INSERT INTO `media` (`id`, `media_type_id`, `user_id`, `body`, `filename`, `size`, `metadata`, `created_at`, `updated_at`) VALUES ('404', '4', '698', 'Reprehenderit sit dolores aut velit. Et consectetur consequatur et facilis libero. Nulla et ullam eveniet reiciendis. Rerum fugiat tenetur qui perspiciatis illo atque explicabo itaque.', 'molestiae', 977394838, NULL, '2008-02-10 04:54:14', '1976-07-20 23:47:40');
INSERT INTO `media` (`id`, `media_type_id`, `user_id`, `body`, `filename`, `size`, `metadata`, `created_at`, `updated_at`) VALUES ('405', '1', '699', 'Id quasi deleniti est. Enim est nulla voluptatem dicta non qui voluptatibus. Quos eveniet autem et odit qui et.', 'illum', 950537, NULL, '1991-07-29 14:30:33', '1974-11-17 21:26:29');
INSERT INTO `media` (`id`, `media_type_id`, `user_id`, `body`, `filename`, `size`, `metadata`, `created_at`, `updated_at`) VALUES ('406', '2', '700', 'Doloribus similique omnis impedit corrupti incidunt ut. Ut maxime aut eum saepe dignissimos inventore. Voluptatem architecto ut saepe sit vel assumenda aspernatur.', 'eaque', 91, NULL, '2013-07-09 05:59:55', '2000-04-10 04:54:24');
INSERT INTO `media` (`id`, `media_type_id`, `user_id`, `body`, `filename`, `size`, `metadata`, `created_at`, `updated_at`) VALUES ('407', '3', '702', 'Suscipit maiores omnis error eum qui laudantium molestias. Sit velit id maxime cupiditate ut vero omnis. Ut aut ut amet aspernatur rem placeat. Rerum unde ut odit voluptate dignissimos aut magnam est.', 'et', 3394, NULL, '1989-10-04 20:51:47', '1976-08-07 09:24:50');
INSERT INTO `media` (`id`, `media_type_id`, `user_id`, `body`, `filename`, `size`, `metadata`, `created_at`, `updated_at`) VALUES ('408', '4', '703', 'Quia sit molestiae quam et deserunt qui sequi. Animi consequatur iste quibusdam iste. Quas recusandae fugit quia aspernatur. Sit ut laudantium deleniti repellat vel quasi quo. Ut corporis eaque praesentium magnam omnis.', 'architecto', 7, NULL, '2001-02-11 14:07:26', '1975-05-20 09:22:42');
INSERT INTO `media` (`id`, `media_type_id`, `user_id`, `body`, `filename`, `size`, `metadata`, `created_at`, `updated_at`) VALUES ('409', '1', '704', 'Qui maiores debitis cum aperiam qui a libero non. Modi vel hic aperiam necessitatibus. Aut sunt eum sed laudantium.', 'ut', 34623447, NULL, '2000-08-26 09:18:41', '1989-05-10 03:34:12');
INSERT INTO `media` (`id`, `media_type_id`, `user_id`, `body`, `filename`, `size`, `metadata`, `created_at`, `updated_at`) VALUES ('410', '2', '705', 'Aspernatur enim sunt et facere illum. Et sunt voluptates tempora et. Aut at eligendi deserunt reiciendis.', 'odio', 5053, NULL, '1986-02-03 09:51:54', '1990-05-28 08:29:18');
INSERT INTO `media` (`id`, `media_type_id`, `user_id`, `body`, `filename`, `size`, `metadata`, `created_at`, `updated_at`) VALUES ('411', '3', '707', 'Non eveniet itaque inventore esse optio laboriosam. Mollitia aut est dolores fugiat.', 'ad', 6759152, NULL, '1982-05-21 16:10:50', '1974-03-24 06:39:47');
INSERT INTO `media` (`id`, `media_type_id`, `user_id`, `body`, `filename`, `size`, `metadata`, `created_at`, `updated_at`) VALUES ('412', '4', '710', 'Qui voluptate libero praesentium vel. Qui atque quia illo minima nesciunt officia tempore.', 'veritatis', 448069, NULL, '2011-03-29 04:44:14', '1994-08-04 02:40:06');
INSERT INTO `media` (`id`, `media_type_id`, `user_id`, `body`, `filename`, `size`, `metadata`, `created_at`, `updated_at`) VALUES ('413', '1', '713', 'Est vero error debitis nobis vero. Quidem est rerum dicta voluptas.', 'eaque', 641, NULL, '1995-03-05 17:45:33', '2001-12-02 18:47:39');
INSERT INTO `media` (`id`, `media_type_id`, `user_id`, `body`, `filename`, `size`, `metadata`, `created_at`, `updated_at`) VALUES ('414', '2', '714', 'Minima omnis fuga iste enim temporibus rem voluptates ea. Porro et et mollitia tempore qui qui. Ut accusamus sint aut possimus. Sed voluptas soluta architecto.', 'ullam', 959622, NULL, '2020-04-15 12:15:36', '1998-07-15 19:16:06');
INSERT INTO `media` (`id`, `media_type_id`, `user_id`, `body`, `filename`, `size`, `metadata`, `created_at`, `updated_at`) VALUES ('415', '3', '715', 'Corporis rem et soluta. Eum qui laboriosam fugiat quia eos eveniet aut. Itaque vero quia voluptas sit.', 'sed', 742564229, NULL, '1973-09-08 22:27:49', '1982-09-05 15:16:23');
INSERT INTO `media` (`id`, `media_type_id`, `user_id`, `body`, `filename`, `size`, `metadata`, `created_at`, `updated_at`) VALUES ('416', '4', '716', 'Rerum velit dignissimos a. Rerum enim incidunt enim neque similique corporis. Facilis ipsam nihil ex rem qui enim non. Repellendus vel maiores perferendis deleniti esse rem consequuntur.', 'sunt', 7832907, NULL, '2020-12-17 07:37:50', '2007-07-31 22:04:24');
INSERT INTO `media` (`id`, `media_type_id`, `user_id`, `body`, `filename`, `size`, `metadata`, `created_at`, `updated_at`) VALUES ('417', '1', '717', 'Saepe autem voluptas reiciendis necessitatibus molestias. Et pariatur sed consectetur unde molestiae consequatur.', 'nihil', 39, NULL, '2003-04-30 17:45:13', '2003-05-27 23:43:24');
INSERT INTO `media` (`id`, `media_type_id`, `user_id`, `body`, `filename`, `size`, `metadata`, `created_at`, `updated_at`) VALUES ('418', '2', '718', 'In vel nihil pariatur qui quia nulla iste. Magni hic quidem vitae omnis consequatur. Perferendis dolor in velit ut aliquid quasi iusto. Corporis laborum nam beatae autem qui tempore.', 'vel', 61219, NULL, '2010-01-30 08:01:07', '1988-11-01 23:47:46');
INSERT INTO `media` (`id`, `media_type_id`, `user_id`, `body`, `filename`, `size`, `metadata`, `created_at`, `updated_at`) VALUES ('419', '3', '719', 'Expedita voluptatibus a sint rerum asperiores optio excepturi aut. Adipisci voluptatem dolorum blanditiis rerum vel. Quaerat molestias animi qui dignissimos aspernatur molestiae ab voluptatem.', 'consectetur', 561873, NULL, '1983-01-06 14:54:56', '1992-12-19 19:31:23');
INSERT INTO `media` (`id`, `media_type_id`, `user_id`, `body`, `filename`, `size`, `metadata`, `created_at`, `updated_at`) VALUES ('420', '4', '722', 'Asperiores ex nihil blanditiis labore impedit. Et praesentium autem molestias non a laudantium. Libero dolor consequatur esse ea provident dolores corrupti in. Et possimus occaecati fugit provident dignissimos sit. Excepturi debitis ab expedita soluta voluptatum.', 'quaerat', 0, NULL, '1976-05-18 07:01:55', '1972-02-03 13:39:46');
INSERT INTO `media` (`id`, `media_type_id`, `user_id`, `body`, `filename`, `size`, `metadata`, `created_at`, `updated_at`) VALUES ('421', '1', '723', 'Et ipsam impedit repellendus non. Et dolorem in omnis asperiores laudantium ut et. Repellendus sed corporis tenetur laboriosam.', 'officiis', 6, NULL, '2009-10-26 12:38:26', '1973-09-13 05:12:54');
INSERT INTO `media` (`id`, `media_type_id`, `user_id`, `body`, `filename`, `size`, `metadata`, `created_at`, `updated_at`) VALUES ('422', '2', '725', 'Ipsam voluptatum vel exercitationem ducimus pariatur qui. Laborum autem similique soluta. Doloribus et temporibus assumenda sed odio dolore. Ut enim omnis nihil aliquid veniam temporibus. Ea sed architecto aut omnis sint.', 'qui', 8657455, NULL, '2008-10-02 15:12:23', '1984-06-21 16:34:20');
INSERT INTO `media` (`id`, `media_type_id`, `user_id`, `body`, `filename`, `size`, `metadata`, `created_at`, `updated_at`) VALUES ('423', '3', '727', 'Ut placeat aut quisquam consequatur enim. Dolore repellat libero error architecto et dignissimos veniam. In qui labore laboriosam excepturi sint voluptas debitis.', 'autem', 2697, NULL, '1985-01-01 14:11:05', '1998-07-13 22:13:03');
INSERT INTO `media` (`id`, `media_type_id`, `user_id`, `body`, `filename`, `size`, `metadata`, `created_at`, `updated_at`) VALUES ('424', '4', '728', 'Aut et debitis dolore aut officia quia. Non nobis magni officiis aut possimus. Sit adipisci nesciunt voluptatum similique rem doloribus est in.', 'qui', 875704, NULL, '1981-09-02 05:31:11', '2004-11-17 20:39:24');
INSERT INTO `media` (`id`, `media_type_id`, `user_id`, `body`, `filename`, `size`, `metadata`, `created_at`, `updated_at`) VALUES ('425', '1', '729', 'Eum rerum debitis dolor consectetur dolores deleniti. Consequatur in et quas perferendis dolores. Veritatis et molestiae sapiente explicabo. Et voluptatum possimus maiores dolorem magnam.', 'praesentium', 68735, NULL, '2002-12-27 11:44:18', '1986-07-31 04:50:50');
INSERT INTO `media` (`id`, `media_type_id`, `user_id`, `body`, `filename`, `size`, `metadata`, `created_at`, `updated_at`) VALUES ('426', '2', '730', 'Est velit quia praesentium dolorem tenetur. Expedita voluptatem ratione velit sint rerum. Ullam rem ex quibusdam incidunt voluptatem nisi.', 'et', 6, NULL, '1985-05-04 12:28:19', '1993-10-28 12:50:50');
INSERT INTO `media` (`id`, `media_type_id`, `user_id`, `body`, `filename`, `size`, `metadata`, `created_at`, `updated_at`) VALUES ('427', '3', '732', 'Enim quisquam consequatur perspiciatis. Est quo velit voluptas aspernatur necessitatibus maiores dolores. Quasi aspernatur dolores voluptatem autem ut. Tenetur eligendi vel dolorem voluptas. Suscipit amet molestiae asperiores.', 'enim', 932, NULL, '2017-11-06 15:45:17', '2003-09-23 23:24:13');
INSERT INTO `media` (`id`, `media_type_id`, `user_id`, `body`, `filename`, `size`, `metadata`, `created_at`, `updated_at`) VALUES ('428', '4', '733', 'A labore ad et quo porro labore laborum est. Blanditiis architecto tempore animi nostrum architecto corporis ut. Dolores autem nostrum modi rem.', 'ducimus', 632, NULL, '1995-08-04 15:18:15', '1975-09-12 13:47:29');
INSERT INTO `media` (`id`, `media_type_id`, `user_id`, `body`, `filename`, `size`, `metadata`, `created_at`, `updated_at`) VALUES ('429', '1', '735', 'Itaque voluptatum dolorum rerum est alias aliquam. Sit sint quas aut neque consequatur. At occaecati assumenda repellendus. Sapiente quas sit sit ipsa possimus.', 'amet', 707367, NULL, '1992-06-19 05:12:11', '2000-10-26 20:06:31');
INSERT INTO `media` (`id`, `media_type_id`, `user_id`, `body`, `filename`, `size`, `metadata`, `created_at`, `updated_at`) VALUES ('430', '2', '737', 'Soluta ipsa quia qui quis sed. Dolores nam et deleniti sed. Repellendus pariatur assumenda magni ad ipsum. Sunt et enim repellendus molestias. Illo quis vel saepe porro est.', 'sit', 852934558, NULL, '2010-08-01 01:59:44', '1973-05-24 06:28:06');
INSERT INTO `media` (`id`, `media_type_id`, `user_id`, `body`, `filename`, `size`, `metadata`, `created_at`, `updated_at`) VALUES ('431', '3', '738', 'Quisquam excepturi provident iure rerum. Omnis repellendus omnis assumenda et perferendis. Officiis et ut reprehenderit odio.', 'placeat', 9750173, NULL, '1979-01-04 06:19:19', '1971-12-07 19:54:21');
INSERT INTO `media` (`id`, `media_type_id`, `user_id`, `body`, `filename`, `size`, `metadata`, `created_at`, `updated_at`) VALUES ('432', '4', '740', 'Aut rem ullam eligendi fuga omnis minus alias quas. Quia aut similique quia nisi soluta quia. Cupiditate dicta consequuntur fugit ipsam.', 'sunt', 10704975, NULL, '1976-03-09 07:57:06', '1973-12-05 21:38:11');
INSERT INTO `media` (`id`, `media_type_id`, `user_id`, `body`, `filename`, `size`, `metadata`, `created_at`, `updated_at`) VALUES ('433', '1', '743', 'Animi earum earum earum rerum atque quo. Quia non qui blanditiis hic voluptatem. Quidem tempore doloremque vel est sint. Itaque in rerum architecto nemo eaque sunt occaecati. Expedita dignissimos id error hic officia saepe.', 'omnis', 2884, NULL, '2014-11-08 22:01:45', '2007-04-21 03:02:21');
INSERT INTO `media` (`id`, `media_type_id`, `user_id`, `body`, `filename`, `size`, `metadata`, `created_at`, `updated_at`) VALUES ('434', '2', '745', 'Voluptatem doloremque repellendus unde quo et. Possimus dicta numquam quasi non. Adipisci inventore dolorem recusandae corporis voluptatem consequuntur. Ipsam in reiciendis eveniet ut facilis architecto. Voluptas sit quas molestiae.', 'qui', 7, NULL, '2015-09-06 03:14:29', '2012-10-09 03:39:54');
INSERT INTO `media` (`id`, `media_type_id`, `user_id`, `body`, `filename`, `size`, `metadata`, `created_at`, `updated_at`) VALUES ('435', '3', '746', 'Quisquam eum doloribus dicta rerum numquam aut odio aliquam. Id asperiores eum debitis accusantium delectus quibusdam. Illum eaque itaque nisi ad aspernatur.', 'sint', 307208033, NULL, '2014-02-04 15:05:53', '1995-07-05 13:02:35');
INSERT INTO `media` (`id`, `media_type_id`, `user_id`, `body`, `filename`, `size`, `metadata`, `created_at`, `updated_at`) VALUES ('436', '4', '747', 'Exercitationem vitae ratione dolores nihil reiciendis earum. Ducimus et libero quia reiciendis ipsa enim voluptatem sapiente. Vel sint dolore facere quibusdam et. Corporis autem vel explicabo magni et quis ullam.', 'exercitationem', 7, NULL, '2020-06-16 02:41:14', '2013-11-10 23:58:08');
INSERT INTO `media` (`id`, `media_type_id`, `user_id`, `body`, `filename`, `size`, `metadata`, `created_at`, `updated_at`) VALUES ('437', '1', '748', 'Deserunt labore sed ea assumenda ipsam explicabo. Voluptatem magnam aut molestias culpa. Exercitationem aut quos dignissimos nam qui.', 'est', 271871214, NULL, '1989-09-06 20:20:47', '1987-01-19 10:30:00');
INSERT INTO `media` (`id`, `media_type_id`, `user_id`, `body`, `filename`, `size`, `metadata`, `created_at`, `updated_at`) VALUES ('438', '2', '749', 'Est molestiae praesentium explicabo reprehenderit similique. Nobis dolorum sed pariatur. Aut incidunt deserunt minima aut. Accusantium voluptatem sunt rem sit.', 'deleniti', 4982339, NULL, '2017-11-22 14:33:05', '2016-02-15 14:23:29');
INSERT INTO `media` (`id`, `media_type_id`, `user_id`, `body`, `filename`, `size`, `metadata`, `created_at`, `updated_at`) VALUES ('439', '3', '750', 'Illum qui occaecati et et maiores veritatis repellendus. Officia fugit eos temporibus rerum quaerat voluptatem. Est sequi sit repellat enim sed pariatur.', 'quibusdam', 270, NULL, '1991-10-04 14:57:50', '2001-10-26 21:53:21');
INSERT INTO `media` (`id`, `media_type_id`, `user_id`, `body`, `filename`, `size`, `metadata`, `created_at`, `updated_at`) VALUES ('440', '4', '751', 'Quis sapiente sunt odit et asperiores. Commodi iste aut totam et autem veniam. Quam ut veniam omnis distinctio magni eius et ut. Dolorum sequi ipsa autem.', 'possimus', 893382189, NULL, '1996-06-09 15:57:52', '2010-08-11 14:00:01');
INSERT INTO `media` (`id`, `media_type_id`, `user_id`, `body`, `filename`, `size`, `metadata`, `created_at`, `updated_at`) VALUES ('441', '1', '752', 'Dolorem culpa ipsam voluptates deserunt dolorem sapiente. Vero qui ea dolorem asperiores. Occaecati exercitationem sit quam veritatis.', 'et', 7403, NULL, '1996-03-11 01:22:16', '2006-07-24 18:28:34');
INSERT INTO `media` (`id`, `media_type_id`, `user_id`, `body`, `filename`, `size`, `metadata`, `created_at`, `updated_at`) VALUES ('442', '2', '754', 'Cupiditate laudantium non culpa nulla deserunt. Sint aut quisquam beatae omnis aut et et illo. Sit et aliquam ipsam quasi voluptatibus labore doloremque. Provident odio repellendus est veritatis porro quo officiis.', 'aut', 4235667, NULL, '2005-04-22 20:37:58', '1987-04-17 05:20:09');
INSERT INTO `media` (`id`, `media_type_id`, `user_id`, `body`, `filename`, `size`, `metadata`, `created_at`, `updated_at`) VALUES ('443', '3', '758', 'Eius fugit rerum modi. Tenetur in sed voluptatem vero quaerat eligendi ut. Voluptas repudiandae consequatur laboriosam atque architecto porro dolor non. Consequuntur cupiditate suscipit nesciunt animi ut eos.', 'sint', 47, NULL, '1986-01-27 11:54:14', '2004-01-11 11:05:20');
INSERT INTO `media` (`id`, `media_type_id`, `user_id`, `body`, `filename`, `size`, `metadata`, `created_at`, `updated_at`) VALUES ('444', '4', '760', 'Quos voluptas id praesentium. Ad at sapiente iusto. Voluptate id alias a numquam illo quasi.', 'et', 66, NULL, '1974-10-24 02:16:03', '1986-05-09 06:18:54');
INSERT INTO `media` (`id`, `media_type_id`, `user_id`, `body`, `filename`, `size`, `metadata`, `created_at`, `updated_at`) VALUES ('445', '1', '761', 'Maxime vero veritatis neque nulla quo dolorem odit qui. Natus fuga omnis consequatur consequatur magni. Nobis quo numquam aut aut.', 'vitae', 392833, NULL, '1978-11-09 15:38:44', '1976-04-05 19:24:26');
INSERT INTO `media` (`id`, `media_type_id`, `user_id`, `body`, `filename`, `size`, `metadata`, `created_at`, `updated_at`) VALUES ('446', '2', '763', 'Commodi corrupti id magnam alias est aliquam. Facere harum ratione aut aut. Vel est et porro nobis aut.', 'qui', 319914, NULL, '2013-06-22 18:08:31', '1977-03-11 10:19:39');
INSERT INTO `media` (`id`, `media_type_id`, `user_id`, `body`, `filename`, `size`, `metadata`, `created_at`, `updated_at`) VALUES ('447', '3', '765', 'Quidem repudiandae nesciunt iste voluptas voluptatum qui eos. Officiis possimus totam eum dolorem eius. Non qui rerum dicta qui quia voluptas ipsum.', 'dicta', 8, NULL, '1983-10-05 09:36:45', '1986-12-18 13:29:05');
INSERT INTO `media` (`id`, `media_type_id`, `user_id`, `body`, `filename`, `size`, `metadata`, `created_at`, `updated_at`) VALUES ('448', '4', '767', 'Itaque nostrum qui sit eveniet quis vitae. Est qui similique veritatis consequatur dicta dolorum qui. Odio odio amet ratione eveniet tenetur et ratione.', 'assumenda', 835, NULL, '1999-01-21 10:07:08', '2008-04-28 08:09:44');
INSERT INTO `media` (`id`, `media_type_id`, `user_id`, `body`, `filename`, `size`, `metadata`, `created_at`, `updated_at`) VALUES ('449', '1', '768', 'Ut quo ea debitis itaque neque. Odit repellat quasi laborum explicabo sit sapiente. Eos harum dignissimos quia nulla rem iusto et.', 'soluta', 806880311, NULL, '1979-10-27 01:06:55', '2000-01-26 07:02:46');
INSERT INTO `media` (`id`, `media_type_id`, `user_id`, `body`, `filename`, `size`, `metadata`, `created_at`, `updated_at`) VALUES ('450', '2', '773', 'Deserunt incidunt exercitationem quibusdam nesciunt. Consequatur dolor aliquid rerum expedita recusandae eum. Qui quia pariatur et laborum magnam incidunt.', 'et', 948, NULL, '1987-10-21 22:19:49', '1993-11-01 16:30:08');
INSERT INTO `media` (`id`, `media_type_id`, `user_id`, `body`, `filename`, `size`, `metadata`, `created_at`, `updated_at`) VALUES ('451', '3', '776', 'Voluptatem labore nisi qui consequatur qui iure. Vel fuga dolore repellat laboriosam ipsam est exercitationem recusandae. Magnam quas repellat laudantium. Est quibusdam molestiae tempore nihil fuga qui et itaque.', 'minus', 53, NULL, '2012-12-07 03:32:15', '1984-12-30 01:06:34');
INSERT INTO `media` (`id`, `media_type_id`, `user_id`, `body`, `filename`, `size`, `metadata`, `created_at`, `updated_at`) VALUES ('452', '4', '777', 'Modi fuga vero quasi in ut labore voluptates. Sit fugit nobis dolorem. Sit consequatur eaque iure sit accusantium perferendis provident.', 'ut', 3, NULL, '1992-12-25 12:28:31', '2004-01-11 07:24:58');
INSERT INTO `media` (`id`, `media_type_id`, `user_id`, `body`, `filename`, `size`, `metadata`, `created_at`, `updated_at`) VALUES ('453', '1', '778', 'Odio quod aut et dicta eligendi reprehenderit quia. Blanditiis qui nihil veniam distinctio doloremque ut iure.', 'qui', 898, NULL, '1987-12-28 17:20:18', '2015-05-31 07:47:57');
INSERT INTO `media` (`id`, `media_type_id`, `user_id`, `body`, `filename`, `size`, `metadata`, `created_at`, `updated_at`) VALUES ('454', '2', '779', 'Ut quo cum veritatis dolor maxime repellendus. Rerum qui quas dolorem reiciendis deserunt. Labore esse minus enim impedit consectetur accusamus aut.', 'qui', 6, NULL, '1996-09-05 08:24:33', '2003-04-04 21:02:18');
INSERT INTO `media` (`id`, `media_type_id`, `user_id`, `body`, `filename`, `size`, `metadata`, `created_at`, `updated_at`) VALUES ('455', '3', '783', 'Corrupti sit laboriosam aut iste aut. Sapiente autem officiis sapiente non voluptas eveniet doloribus sunt. Asperiores sed est omnis nam sit eos omnis et. Magnam aut repellendus fugiat similique et ut. Eligendi quia ducimus consectetur veniam facere dolorum blanditiis.', 'minima', 27475929, NULL, '1999-12-23 11:01:59', '2014-09-08 23:38:14');
INSERT INTO `media` (`id`, `media_type_id`, `user_id`, `body`, `filename`, `size`, `metadata`, `created_at`, `updated_at`) VALUES ('456', '4', '784', 'Ut placeat delectus error. Voluptatem rerum sint quia voluptas aut minus nihil. Dicta voluptatem quo est est consequatur laudantium eius. Officia consequuntur qui aut dignissimos harum nesciunt sint at.', 'est', 826996, NULL, '1991-08-28 06:36:38', '1972-12-11 17:05:06');
INSERT INTO `media` (`id`, `media_type_id`, `user_id`, `body`, `filename`, `size`, `metadata`, `created_at`, `updated_at`) VALUES ('457', '1', '787', 'Qui dolores aperiam officia quos voluptas quisquam quam. Et porro quis quo sed rem. Perferendis aperiam praesentium quaerat voluptatum nobis amet corrupti. Blanditiis voluptatem non dicta vero. Quis ut et voluptates.', 'dolor', 37857038, NULL, '2019-06-26 00:48:45', '1979-04-24 01:12:08');
INSERT INTO `media` (`id`, `media_type_id`, `user_id`, `body`, `filename`, `size`, `metadata`, `created_at`, `updated_at`) VALUES ('458', '2', '793', 'Neque fugiat minus culpa. Corrupti est eaque aut aspernatur id in ut consectetur. Veniam placeat vel vero accusantium nulla qui. Laudantium eum beatae ad voluptas.', 'veniam', 116, NULL, '1992-07-20 01:47:55', '1994-06-25 17:39:54');
INSERT INTO `media` (`id`, `media_type_id`, `user_id`, `body`, `filename`, `size`, `metadata`, `created_at`, `updated_at`) VALUES ('459', '3', '795', 'Ipsa quisquam dignissimos quisquam dolor adipisci odio similique. Non itaque eius totam rem optio modi labore vitae. Quidem quod fuga tempora deserunt.', 'non', 329, NULL, '2017-01-02 21:10:26', '2007-06-04 14:40:40');
INSERT INTO `media` (`id`, `media_type_id`, `user_id`, `body`, `filename`, `size`, `metadata`, `created_at`, `updated_at`) VALUES ('460', '4', '797', 'Odit explicabo minima fugiat alias repudiandae quos voluptas. Qui hic dicta est sapiente consequatur inventore et voluptatem. Culpa nihil eos aliquid excepturi qui sed. Accusantium et voluptate in beatae delectus dolor.', 'illum', 4, NULL, '1983-02-17 17:01:09', '1984-10-27 00:14:49');
INSERT INTO `media` (`id`, `media_type_id`, `user_id`, `body`, `filename`, `size`, `metadata`, `created_at`, `updated_at`) VALUES ('461', '1', '803', 'Consequatur quibusdam totam temporibus tempore sit id ratione. Temporibus excepturi dicta porro. Et dolor dolorem voluptatem deleniti animi quia. Perferendis quae fuga possimus laudantium adipisci.', 'ex', 3, NULL, '2012-03-18 00:24:09', '2003-03-29 10:09:37');
INSERT INTO `media` (`id`, `media_type_id`, `user_id`, `body`, `filename`, `size`, `metadata`, `created_at`, `updated_at`) VALUES ('462', '2', '804', 'Delectus ab qui consequatur doloremque perspiciatis. Repellat eaque vel sit et ea explicabo corrupti nostrum. Temporibus veniam voluptate quas distinctio. Rerum fugit aspernatur nesciunt ullam.', 'exercitationem', 4876, NULL, '1975-11-04 06:34:13', '1975-03-12 14:28:41');
INSERT INTO `media` (`id`, `media_type_id`, `user_id`, `body`, `filename`, `size`, `metadata`, `created_at`, `updated_at`) VALUES ('463', '3', '805', 'Consectetur vero eos quia. Earum et aperiam nisi qui dolor rem atque optio. Asperiores repellendus quaerat perferendis et facere voluptatum quidem.', 'aliquid', 0, NULL, '1986-08-07 17:11:32', '2012-07-26 05:22:00');
INSERT INTO `media` (`id`, `media_type_id`, `user_id`, `body`, `filename`, `size`, `metadata`, `created_at`, `updated_at`) VALUES ('464', '4', '807', 'Aut sed ut dolores rerum laborum voluptate. Facilis facilis dolorum sit. Maxime qui atque maiores ab voluptatibus nesciunt ut. Ad omnis ea cumque perspiciatis.', 'sed', 0, NULL, '2019-03-11 09:33:00', '1996-11-16 16:22:30');
INSERT INTO `media` (`id`, `media_type_id`, `user_id`, `body`, `filename`, `size`, `metadata`, `created_at`, `updated_at`) VALUES ('465', '1', '808', 'Soluta et nobis reiciendis qui officia. Ipsam dolor eligendi pariatur qui voluptatem. Error quos eligendi est neque commodi. Vel cupiditate neque dolore nam non. Quod rerum enim et nam quae tenetur iste incidunt.', 'numquam', 0, NULL, '2000-12-19 07:37:54', '2000-03-24 12:41:29');
INSERT INTO `media` (`id`, `media_type_id`, `user_id`, `body`, `filename`, `size`, `metadata`, `created_at`, `updated_at`) VALUES ('466', '2', '809', 'Perferendis sed aliquam odio nesciunt. Veritatis perferendis quis necessitatibus dolores. Dolorem est corrupti vitae non unde. Voluptatem incidunt earum iure fugit consequatur sunt dolor beatae.', 'voluptatem', 9458, NULL, '2019-04-19 21:07:46', '1990-01-23 09:30:48');
INSERT INTO `media` (`id`, `media_type_id`, `user_id`, `body`, `filename`, `size`, `metadata`, `created_at`, `updated_at`) VALUES ('467', '3', '810', 'Esse eos enim ut minima omnis. Laborum nam beatae laborum quia aspernatur exercitationem omnis molestiae. Nostrum dolores et sed enim nemo nostrum ea amet.', 'fugit', 4828, NULL, '2014-06-02 16:48:27', '2007-05-28 16:13:32');
INSERT INTO `media` (`id`, `media_type_id`, `user_id`, `body`, `filename`, `size`, `metadata`, `created_at`, `updated_at`) VALUES ('468', '4', '812', 'Sit deserunt officiis dolorem dolores labore nihil exercitationem. Quod sint quod porro veritatis. At non delectus similique laboriosam rerum.', 'fugit', 8513495, NULL, '1977-06-14 21:46:47', '1977-01-05 15:00:15');
INSERT INTO `media` (`id`, `media_type_id`, `user_id`, `body`, `filename`, `size`, `metadata`, `created_at`, `updated_at`) VALUES ('469', '1', '814', 'Numquam voluptates alias nihil odio. Qui sunt aut eos nemo sint ea nam laudantium. Quisquam harum fugit et quo corporis.', 'iste', 0, NULL, '2005-12-25 22:43:48', '1990-08-04 20:25:47');
INSERT INTO `media` (`id`, `media_type_id`, `user_id`, `body`, `filename`, `size`, `metadata`, `created_at`, `updated_at`) VALUES ('470', '2', '819', 'Labore consequatur dolores sed magnam quis asperiores voluptatem accusamus. Pariatur facere rem nobis mollitia ipsam. Molestiae quo voluptas eos earum porro nihil odio aut.', 'atque', 15128, NULL, '1993-11-26 16:27:18', '2007-08-04 17:42:59');
INSERT INTO `media` (`id`, `media_type_id`, `user_id`, `body`, `filename`, `size`, `metadata`, `created_at`, `updated_at`) VALUES ('471', '3', '820', 'Molestiae temporibus maiores laborum sit sed quisquam architecto. In odio sequi cum rerum. Officia quasi hic quod tempore odit.', 'ut', 1, NULL, '1996-08-27 00:52:02', '1970-03-27 17:44:56');
INSERT INTO `media` (`id`, `media_type_id`, `user_id`, `body`, `filename`, `size`, `metadata`, `created_at`, `updated_at`) VALUES ('472', '4', '821', 'Ut quo totam id voluptatem nisi eos vel. Quia ut tenetur repellat quia. Ut fuga quibusdam excepturi ut.', 'blanditiis', 5, NULL, '1999-09-05 17:14:29', '2018-06-05 08:15:50');
INSERT INTO `media` (`id`, `media_type_id`, `user_id`, `body`, `filename`, `size`, `metadata`, `created_at`, `updated_at`) VALUES ('473', '1', '822', 'Dolorum et nemo magnam. Velit natus quibusdam earum omnis reprehenderit voluptatem quaerat. Est est porro delectus. Dolor nobis explicabo sint magnam voluptatem repudiandae.', 'voluptas', 28776, NULL, '1975-12-21 02:56:24', '1993-06-03 11:07:14');
INSERT INTO `media` (`id`, `media_type_id`, `user_id`, `body`, `filename`, `size`, `metadata`, `created_at`, `updated_at`) VALUES ('474', '2', '824', 'Non sit optio cumque qui illum qui. Autem sed culpa consequuntur nihil accusamus eius itaque ex. Possimus quis vel ut fugit eos ut est. Dignissimos vero necessitatibus ducimus autem occaecati qui.', 'vel', 794, NULL, '2012-02-27 05:38:44', '2011-10-19 17:18:03');
INSERT INTO `media` (`id`, `media_type_id`, `user_id`, `body`, `filename`, `size`, `metadata`, `created_at`, `updated_at`) VALUES ('475', '3', '828', 'Quis odio sit eos dolore omnis occaecati officia. Doloribus iure voluptatem ullam hic optio qui sed. Enim eius tenetur ad aliquid libero rerum atque autem.', 'quaerat', 0, NULL, '1979-05-28 21:30:06', '2021-05-29 10:01:38');
INSERT INTO `media` (`id`, `media_type_id`, `user_id`, `body`, `filename`, `size`, `metadata`, `created_at`, `updated_at`) VALUES ('476', '4', '830', 'Temporibus vitae et ut et magni. In mollitia ut magni minima soluta.', 'debitis', 4, NULL, '1986-09-20 16:50:23', '1982-02-21 02:40:21');
INSERT INTO `media` (`id`, `media_type_id`, `user_id`, `body`, `filename`, `size`, `metadata`, `created_at`, `updated_at`) VALUES ('477', '1', '832', 'Molestiae voluptatem laborum beatae ea illo. Est officia eos facere officiis sunt dolorum.', 'est', 8, NULL, '1981-08-19 02:43:24', '1993-02-12 08:11:59');
INSERT INTO `media` (`id`, `media_type_id`, `user_id`, `body`, `filename`, `size`, `metadata`, `created_at`, `updated_at`) VALUES ('478', '2', '834', 'Reiciendis earum sed animi illum laborum et. Velit culpa assumenda reprehenderit qui iste. In totam quia repellat dolores iste velit. Molestiae quaerat aliquam facilis voluptas quia.', 'pariatur', 24607704, NULL, '1997-05-28 04:40:13', '1972-02-11 06:59:24');
INSERT INTO `media` (`id`, `media_type_id`, `user_id`, `body`, `filename`, `size`, `metadata`, `created_at`, `updated_at`) VALUES ('479', '3', '835', 'Sapiente aut quod repellendus. Enim fugit magni pariatur recusandae at quae. Sit similique vel temporibus officia corporis.', 'sed', 6569, NULL, '1985-06-14 17:40:20', '2005-11-29 06:08:43');
INSERT INTO `media` (`id`, `media_type_id`, `user_id`, `body`, `filename`, `size`, `metadata`, `created_at`, `updated_at`) VALUES ('480', '4', '838', 'Error illo est commodi quidem. Necessitatibus possimus repellat ipsa nam dicta blanditiis.', 'et', 0, NULL, '1985-11-24 21:06:03', '1974-08-14 17:56:31');
INSERT INTO `media` (`id`, `media_type_id`, `user_id`, `body`, `filename`, `size`, `metadata`, `created_at`, `updated_at`) VALUES ('481', '1', '839', 'Et dolore maiores quo est dolor. Sapiente vel eaque ex facere.', 'nemo', 7840, NULL, '1994-09-02 04:27:40', '1972-02-08 13:03:07');
INSERT INTO `media` (`id`, `media_type_id`, `user_id`, `body`, `filename`, `size`, `metadata`, `created_at`, `updated_at`) VALUES ('482', '2', '840', 'Architecto fugit eius voluptatum. Quia ut hic cupiditate impedit. Asperiores expedita et eaque dicta qui excepturi voluptas. Dolores possimus maiores non consequuntur dolorem aperiam nihil minima.', 'est', 390, NULL, '2012-03-07 16:34:35', '1997-01-30 16:57:57');
INSERT INTO `media` (`id`, `media_type_id`, `user_id`, `body`, `filename`, `size`, `metadata`, `created_at`, `updated_at`) VALUES ('483', '3', '841', 'Sapiente et qui laboriosam exercitationem asperiores. Incidunt sequi error tempora aut voluptatem. Qui rerum voluptates ex delectus. Vel et earum et vel ducimus voluptatibus.', 'est', 24, NULL, '2012-04-09 18:51:34', '1983-01-07 19:56:55');
INSERT INTO `media` (`id`, `media_type_id`, `user_id`, `body`, `filename`, `size`, `metadata`, `created_at`, `updated_at`) VALUES ('484', '4', '845', 'Quos fugiat voluptatibus nobis tenetur sit exercitationem iusto. Rerum reprehenderit nam quod vitae et est. Quibusdam laborum minus sapiente minima ea dolorem et.', 'sed', 808317715, NULL, '2001-03-14 18:51:43', '1983-01-30 04:18:43');
INSERT INTO `media` (`id`, `media_type_id`, `user_id`, `body`, `filename`, `size`, `metadata`, `created_at`, `updated_at`) VALUES ('485', '1', '846', 'Ipsum et consequuntur velit incidunt et. Autem totam aut in rerum et veritatis.', 'vel', 2854, NULL, '1985-05-28 12:55:13', '1973-06-17 00:46:15');
INSERT INTO `media` (`id`, `media_type_id`, `user_id`, `body`, `filename`, `size`, `metadata`, `created_at`, `updated_at`) VALUES ('486', '2', '848', 'Quia laboriosam blanditiis quia saepe sed. Ex exercitationem fuga blanditiis tempora nihil facilis corporis neque. Dolorem minus non ut laboriosam sed eveniet et.', 'ea', 48670589, NULL, '2020-02-09 18:25:53', '2003-07-10 06:37:16');
INSERT INTO `media` (`id`, `media_type_id`, `user_id`, `body`, `filename`, `size`, `metadata`, `created_at`, `updated_at`) VALUES ('487', '3', '850', 'Voluptatem doloremque velit ut. Similique dolorem facilis et veniam. Asperiores cumque aut beatae ipsum totam porro voluptates. Aut rem occaecati est vero ipsum explicabo numquam.', 'ad', 4, NULL, '1990-10-07 10:10:10', '2012-04-06 15:01:34');
INSERT INTO `media` (`id`, `media_type_id`, `user_id`, `body`, `filename`, `size`, `metadata`, `created_at`, `updated_at`) VALUES ('488', '4', '851', 'Voluptas perferendis ducimus velit consequuntur sint est delectus culpa. Sint quis nihil non doloremque et. Dolorum et consequatur iusto molestiae a ut.', 'at', 436319200, NULL, '2008-05-25 17:03:21', '2015-11-28 09:45:37');
INSERT INTO `media` (`id`, `media_type_id`, `user_id`, `body`, `filename`, `size`, `metadata`, `created_at`, `updated_at`) VALUES ('489', '1', '852', 'Sunt velit aspernatur non voluptates ipsum. Voluptatibus natus fugiat saepe enim voluptas. Facere iste molestiae placeat architecto. Numquam corporis quod cumque suscipit minima consectetur et.', 'libero', 486, NULL, '2011-07-10 02:46:28', '1990-01-31 06:42:03');
INSERT INTO `media` (`id`, `media_type_id`, `user_id`, `body`, `filename`, `size`, `metadata`, `created_at`, `updated_at`) VALUES ('490', '2', '853', 'Enim rerum illum repudiandae asperiores. Unde quis ipsum aspernatur saepe facere non. Et doloribus ut rerum debitis. Hic praesentium ex necessitatibus facere nobis cumque. Non at iste provident.', 'unde', 9301378, NULL, '1992-06-07 13:24:10', '2001-01-13 08:14:38');
INSERT INTO `media` (`id`, `media_type_id`, `user_id`, `body`, `filename`, `size`, `metadata`, `created_at`, `updated_at`) VALUES ('491', '3', '854', 'Quae voluptatibus velit quo. Ex in quasi explicabo et voluptas dolorem. Sequi cum nobis vitae placeat beatae ut. Qui veniam pariatur qui voluptatem aut.', 'assumenda', 7773, NULL, '1994-06-27 11:22:19', '1972-06-08 08:22:58');
INSERT INTO `media` (`id`, `media_type_id`, `user_id`, `body`, `filename`, `size`, `metadata`, `created_at`, `updated_at`) VALUES ('492', '4', '858', 'Dolorem qui suscipit et. Magnam ut ex perspiciatis vero.', 'dolores', 495109, NULL, '1983-09-15 07:45:04', '1981-04-17 21:59:19');
INSERT INTO `media` (`id`, `media_type_id`, `user_id`, `body`, `filename`, `size`, `metadata`, `created_at`, `updated_at`) VALUES ('493', '1', '859', 'Possimus quia officiis suscipit in odio. Aut ut perspiciatis aliquid facilis expedita et. Officia maxime consequatur laborum rerum eos. Voluptatem velit et voluptas tempora corrupti.', 'et', 5669, NULL, '2012-01-05 21:23:39', '2017-04-14 19:26:23');
INSERT INTO `media` (`id`, `media_type_id`, `user_id`, `body`, `filename`, `size`, `metadata`, `created_at`, `updated_at`) VALUES ('494', '2', '860', 'Perferendis consequatur omnis mollitia temporibus quam tempora laborum. Aliquam voluptatem repellat repellendus ut eum optio. Nesciunt fugiat necessitatibus nam.', 'natus', 0, NULL, '2019-01-11 01:55:15', '2013-03-21 14:39:48');
INSERT INTO `media` (`id`, `media_type_id`, `user_id`, `body`, `filename`, `size`, `metadata`, `created_at`, `updated_at`) VALUES ('495', '3', '861', 'Quibusdam vitae eos consequuntur. Modi sunt incidunt error est libero consequatur. Accusamus et architecto consequuntur rem mollitia.', 'sed', 0, NULL, '2004-03-20 19:53:06', '1994-12-31 08:15:03');
INSERT INTO `media` (`id`, `media_type_id`, `user_id`, `body`, `filename`, `size`, `metadata`, `created_at`, `updated_at`) VALUES ('496', '4', '863', 'Qui sunt consequatur sint nam est et eaque. Laudantium fugiat placeat tempora cum. Eligendi et aut accusantium sed voluptatum quo.', 'illo', 661775833, NULL, '2013-10-20 22:03:58', '1986-01-27 08:39:52');
INSERT INTO `media` (`id`, `media_type_id`, `user_id`, `body`, `filename`, `size`, `metadata`, `created_at`, `updated_at`) VALUES ('497', '1', '866', 'Excepturi est sed eaque aut. Voluptatem earum ipsam vel eos qui ut. Provident praesentium qui officia qui illo.', 'est', 241, NULL, '1999-08-25 07:41:24', '2020-12-04 11:44:52');
INSERT INTO `media` (`id`, `media_type_id`, `user_id`, `body`, `filename`, `size`, `metadata`, `created_at`, `updated_at`) VALUES ('498', '2', '872', 'Omnis consequatur veniam sed ut quod nemo aliquam. Tempora vitae qui blanditiis. Provident voluptas voluptatem autem eos. Neque laborum dolorem saepe ipsum qui.', 'consequatur', 2, NULL, '1975-12-27 06:16:56', '1990-09-29 06:51:52');
INSERT INTO `media` (`id`, `media_type_id`, `user_id`, `body`, `filename`, `size`, `metadata`, `created_at`, `updated_at`) VALUES ('499', '3', '873', 'Sapiente iste corrupti nemo velit a veniam eum. Dolores illo qui eveniet laborum et omnis.', 'esse', 608, NULL, '1999-10-22 19:24:09', '2008-06-10 10:38:54');
INSERT INTO `media` (`id`, `media_type_id`, `user_id`, `body`, `filename`, `size`, `metadata`, `created_at`, `updated_at`) VALUES ('500', '4', '876', 'Quos omnis qui non aut nulla quod. Earum in vero quia quisquam labore rerum et commodi. Nostrum placeat minus magnam. Adipisci sit provident atque enim cumque nihil sit. Vel sint dolores nesciunt facilis.', 'unde', 486, NULL, '1976-01-24 18:25:08', '1975-04-11 08:21:21');


#
# TABLE STRUCTURE FOR: media_types
#

DROP TABLE IF EXISTS `media_types`;

CREATE TABLE `media_types` (
  `id` bigint(20) unsigned NOT NULL AUTO_INCREMENT,
  `name` varchar(255) COLLATE utf8mb4_unicode_ci DEFAULT NULL,
  `created_at` datetime DEFAULT current_timestamp(),
  `updated_at` datetime DEFAULT NULL ON UPDATE current_timestamp(),
  UNIQUE KEY `id` (`id`)
) ENGINE=InnoDB AUTO_INCREMENT=5 DEFAULT CHARSET=utf8mb4 COLLATE=utf8mb4_unicode_ci;

INSERT INTO `media_types` (`id`, `name`, `created_at`, `updated_at`) VALUES ('1', 'ratione', '1986-05-05 03:53:39', '1985-11-30 04:29:58');
INSERT INTO `media_types` (`id`, `name`, `created_at`, `updated_at`) VALUES ('2', 'pariatur', '1976-09-14 02:25:32', '1992-04-27 05:39:50');
INSERT INTO `media_types` (`id`, `name`, `created_at`, `updated_at`) VALUES ('3', 'est', '1998-11-11 01:44:42', '2019-06-25 02:59:39');
INSERT INTO `media_types` (`id`, `name`, `created_at`, `updated_at`) VALUES ('4', 'temporibus', '1994-09-20 13:08:46', '1984-05-25 15:42:24');


#
# TABLE STRUCTURE FOR: messages
#

DROP TABLE IF EXISTS `messages`;

CREATE TABLE `messages` (
  `id` bigint(20) unsigned NOT NULL AUTO_INCREMENT,
  `from_user_id` bigint(20) unsigned NOT NULL,
  `to_user_id` bigint(20) unsigned NOT NULL,
  `body` text COLLATE utf8mb4_unicode_ci DEFAULT NULL,
  `created_at` datetime DEFAULT current_timestamp(),
  UNIQUE KEY `id` (`id`),
  KEY `from_user_id` (`from_user_id`),
  KEY `to_user_id` (`to_user_id`),
  CONSTRAINT `messages_ibfk_1` FOREIGN KEY (`from_user_id`) REFERENCES `users` (`id`),
  CONSTRAINT `messages_ibfk_2` FOREIGN KEY (`to_user_id`) REFERENCES `users` (`id`)
) ENGINE=InnoDB AUTO_INCREMENT=101 DEFAULT CHARSET=utf8mb4 COLLATE=utf8mb4_unicode_ci;

INSERT INTO `messages` (`id`, `from_user_id`, `to_user_id`, `body`, `created_at`) VALUES ('1', '501', '501', 'Suscipit modi odio sunt explicabo delectus. Aut pariatur placeat odit voluptas et quae. Ratione corrupti nihil voluptatibus ut necessitatibus beatae. Omnis eum nemo sint ex esse voluptate.', '1994-04-09 21:34:32');
INSERT INTO `messages` (`id`, `from_user_id`, `to_user_id`, `body`, `created_at`) VALUES ('2', '502', '502', 'Reiciendis eveniet ut consequuntur. Voluptas eligendi et non sed rerum ducimus ipsam molestias. Assumenda est magnam recusandae qui.', '2015-06-29 15:54:47');
INSERT INTO `messages` (`id`, `from_user_id`, `to_user_id`, `body`, `created_at`) VALUES ('3', '503', '503', 'Ratione culpa et dolor ratione et ut. Pariatur cum consequatur odit maxime consectetur voluptatem excepturi. Voluptas voluptas ex corrupti ut velit voluptatem.', '1994-07-18 19:13:53');
INSERT INTO `messages` (`id`, `from_user_id`, `to_user_id`, `body`, `created_at`) VALUES ('4', '504', '504', 'Facere maiores pariatur exercitationem quia quis quas quis. Corporis quis velit vero enim sint porro quis error. Corrupti laboriosam ab debitis minus corporis excepturi consequuntur.', '1992-08-23 08:57:57');
INSERT INTO `messages` (`id`, `from_user_id`, `to_user_id`, `body`, `created_at`) VALUES ('5', '505', '505', 'Quas et accusamus dolor. Fugit molestiae esse cumque. Omnis magni et repudiandae quae. Debitis a et autem ratione eligendi fugit.', '2018-05-10 22:45:03');
INSERT INTO `messages` (`id`, `from_user_id`, `to_user_id`, `body`, `created_at`) VALUES ('6', '507', '507', 'Praesentium voluptatem eos et blanditiis neque quia facilis hic. Mollitia inventore asperiores magni excepturi aut quis aliquid. Nam delectus ipsa cupiditate qui quia libero voluptas.', '1986-10-30 14:37:56');
INSERT INTO `messages` (`id`, `from_user_id`, `to_user_id`, `body`, `created_at`) VALUES ('7', '509', '509', 'Sint voluptate laudantium aut autem. Ipsa beatae mollitia est velit laboriosam harum quia.', '1977-01-02 02:37:47');
INSERT INTO `messages` (`id`, `from_user_id`, `to_user_id`, `body`, `created_at`) VALUES ('8', '510', '510', 'Impedit facere pariatur dolor cum et dolor consequuntur. Labore magnam id quae qui. Eos voluptatum quia aut ipsum quibusdam magni quibusdam. Qui dignissimos veniam aut aliquid officia.', '1983-09-13 19:24:57');
INSERT INTO `messages` (`id`, `from_user_id`, `to_user_id`, `body`, `created_at`) VALUES ('9', '511', '511', 'Facilis rerum in sed consequuntur iste nisi. Ad amet consequuntur aliquam possimus vitae laborum. Quibusdam quas nulla non corrupti consequatur accusantium.', '2016-07-03 01:27:51');
INSERT INTO `messages` (`id`, `from_user_id`, `to_user_id`, `body`, `created_at`) VALUES ('10', '512', '512', 'Nihil odio pariatur error repellat dolore. Sapiente dolorem qui minima cupiditate ipsum quo. Dolor aliquam voluptatibus modi. Nulla consequatur natus qui tempora explicabo totam.', '1996-01-29 05:28:41');
INSERT INTO `messages` (`id`, `from_user_id`, `to_user_id`, `body`, `created_at`) VALUES ('11', '513', '513', 'Maxime explicabo facere mollitia. Voluptas maiores cum id. Ea vel est vel ratione iste facilis. Architecto quisquam id necessitatibus ut dolorum.', '1999-04-02 19:30:50');
INSERT INTO `messages` (`id`, `from_user_id`, `to_user_id`, `body`, `created_at`) VALUES ('12', '515', '515', 'Numquam quia error animi optio laborum dolor. Consequatur dolorum est deleniti eius et quos aut quo. Et dolore consequatur quasi fuga.', '1982-01-04 16:08:29');
INSERT INTO `messages` (`id`, `from_user_id`, `to_user_id`, `body`, `created_at`) VALUES ('13', '516', '516', 'Tenetur distinctio accusamus a ducimus id quidem. Soluta et delectus sunt eveniet. Nobis ad laboriosam aliquid et molestiae.', '1974-09-02 23:08:44');
INSERT INTO `messages` (`id`, `from_user_id`, `to_user_id`, `body`, `created_at`) VALUES ('14', '518', '518', 'Necessitatibus voluptatibus quo vel et quia. Quo omnis sit quisquam laudantium. Pariatur consequatur accusamus id.', '1972-03-23 14:36:18');
INSERT INTO `messages` (`id`, `from_user_id`, `to_user_id`, `body`, `created_at`) VALUES ('15', '519', '519', 'Tenetur ut est consequatur ab. Autem ducimus nam aut ea quia. Cumque aut quaerat consequatur sed sapiente consequatur iusto.', '1983-04-26 09:02:22');
INSERT INTO `messages` (`id`, `from_user_id`, `to_user_id`, `body`, `created_at`) VALUES ('16', '520', '520', 'Dolorem dolor voluptatibus rem sapiente optio laudantium. Minus omnis error quae qui sit similique.', '1998-10-08 14:02:03');
INSERT INTO `messages` (`id`, `from_user_id`, `to_user_id`, `body`, `created_at`) VALUES ('17', '522', '522', 'Quisquam et expedita voluptate et laborum delectus laudantium. Voluptatibus adipisci dolorem recusandae itaque consequatur quas. Velit sapiente aut animi aut.', '1987-06-27 14:17:20');
INSERT INTO `messages` (`id`, `from_user_id`, `to_user_id`, `body`, `created_at`) VALUES ('18', '523', '523', 'Optio fugit facere hic sunt aut aut est eos. Qui nam tenetur et accusamus. Nulla recusandae dolor deleniti placeat ex quidem facere atque. Voluptate beatae explicabo impedit laboriosam fuga voluptatum aspernatur.', '2010-12-20 12:17:32');
INSERT INTO `messages` (`id`, `from_user_id`, `to_user_id`, `body`, `created_at`) VALUES ('19', '530', '530', 'Soluta aperiam iste voluptates. Quia vero optio sit maxime quam enim accusamus reiciendis. Autem qui earum est doloremque ab consequatur veritatis repudiandae. Quo eius vero consequuntur officia qui minima. Vitae architecto consequatur cumque eum.', '2009-05-25 21:33:05');
INSERT INTO `messages` (`id`, `from_user_id`, `to_user_id`, `body`, `created_at`) VALUES ('20', '532', '532', 'Aliquid voluptates illo aut. Excepturi pariatur optio vero quia et et rerum sint. Consequuntur minus ut illum rem velit.', '1994-06-18 15:48:08');
INSERT INTO `messages` (`id`, `from_user_id`, `to_user_id`, `body`, `created_at`) VALUES ('21', '533', '533', 'Dolore rem odio autem aliquid. Natus velit quae officiis. Provident est rerum et ipsam voluptas ut. Sed rerum et autem quae.', '2008-11-16 05:50:49');
INSERT INTO `messages` (`id`, `from_user_id`, `to_user_id`, `body`, `created_at`) VALUES ('22', '534', '534', 'Non voluptate voluptatibus nesciunt laudantium architecto ipsam incidunt. Id molestiae quia fugiat consectetur in autem laborum. In aut nihil aut ipsum minus sint. Earum quae itaque ut omnis sunt. Quis eveniet est non et velit incidunt quia.', '1977-06-30 20:49:37');
INSERT INTO `messages` (`id`, `from_user_id`, `to_user_id`, `body`, `created_at`) VALUES ('23', '537', '537', 'Nam nesciunt illo qui a est atque incidunt. Et maiores exercitationem atque dolorem et itaque voluptatibus qui.', '1972-03-25 04:20:07');
INSERT INTO `messages` (`id`, `from_user_id`, `to_user_id`, `body`, `created_at`) VALUES ('24', '538', '538', 'Fugiat illum autem pariatur veritatis qui tempore totam. A eligendi deleniti ad nesciunt quia. Nostrum aut libero itaque ut eos.', '2017-09-15 14:11:10');
INSERT INTO `messages` (`id`, `from_user_id`, `to_user_id`, `body`, `created_at`) VALUES ('25', '539', '539', 'Vel nihil rerum fuga nesciunt. Ipsa vel atque expedita unde voluptas. Vitae voluptas a et. Et explicabo porro vitae culpa et qui natus.', '1977-08-19 11:55:32');
INSERT INTO `messages` (`id`, `from_user_id`, `to_user_id`, `body`, `created_at`) VALUES ('26', '542', '542', 'Consequatur sunt eius fugiat et. Vel numquam ea ipsam sit soluta et. Possimus exercitationem et fuga sit voluptatem ea dolorem illo.', '1985-04-15 15:38:24');
INSERT INTO `messages` (`id`, `from_user_id`, `to_user_id`, `body`, `created_at`) VALUES ('27', '543', '543', 'Similique at dicta odit assumenda eaque. Corrupti impedit natus quos. Consequatur explicabo dolorem alias quia sint distinctio. Molestiae voluptates occaecati delectus eos.', '1996-03-07 17:53:45');
INSERT INTO `messages` (`id`, `from_user_id`, `to_user_id`, `body`, `created_at`) VALUES ('28', '546', '546', 'Enim labore neque nam corrupti facilis expedita ducimus. Aut ut minima qui autem aliquam aperiam consequatur. Architecto at necessitatibus harum officia. Ad quia qui vel molestiae magnam vel.', '1994-09-05 18:38:45');
INSERT INTO `messages` (`id`, `from_user_id`, `to_user_id`, `body`, `created_at`) VALUES ('29', '547', '547', 'Quos hic enim voluptas omnis ut. Doloremque nisi maiores architecto ut. Quidem quidem molestias aperiam nemo iste amet. Odit quia quia vel odio.', '2019-12-24 09:47:00');
INSERT INTO `messages` (`id`, `from_user_id`, `to_user_id`, `body`, `created_at`) VALUES ('30', '548', '548', 'Deleniti vel tenetur voluptas ipsum. Eligendi velit saepe quidem labore optio sequi non. Animi molestias atque eveniet illum dolor error occaecati. Sunt ea laborum similique porro.', '2002-04-13 12:45:46');
INSERT INTO `messages` (`id`, `from_user_id`, `to_user_id`, `body`, `created_at`) VALUES ('31', '549', '549', 'Officiis cum et ut esse itaque molestias id ea. Quisquam quis repudiandae alias qui sunt mollitia esse vel. Voluptas ex sed pariatur atque. In qui qui quo et magni et distinctio.', '1986-12-21 17:41:00');
INSERT INTO `messages` (`id`, `from_user_id`, `to_user_id`, `body`, `created_at`) VALUES ('32', '550', '550', 'Ut officia aut vitae voluptatibus omnis quod accusamus. Doloremque rerum laudantium magni earum reprehenderit quia. Quisquam adipisci vitae voluptatem fuga repellat.', '1983-02-23 13:51:34');
INSERT INTO `messages` (`id`, `from_user_id`, `to_user_id`, `body`, `created_at`) VALUES ('33', '552', '552', 'Quae aut aliquid ut quia quos doloremque iure. Doloribus earum alias ipsum voluptatem consequatur laudantium. Quod illo doloribus exercitationem eum et doloribus molestias. Excepturi omnis consequatur non.', '1993-05-07 10:18:15');
INSERT INTO `messages` (`id`, `from_user_id`, `to_user_id`, `body`, `created_at`) VALUES ('34', '554', '554', 'Et nesciunt assumenda reiciendis sed cumque deleniti quis. Quia quia dolores eum rem atque neque voluptas. Labore omnis maxime qui dolorem et laboriosam. Possimus quia ex distinctio enim ullam sit.', '1979-12-11 21:31:17');
INSERT INTO `messages` (`id`, `from_user_id`, `to_user_id`, `body`, `created_at`) VALUES ('35', '555', '555', 'Possimus dolorum enim ipsum fugiat omnis et. Et omnis ea voluptatum cum. Cum unde id dolores quibusdam. Ipsa eos reiciendis quam sapiente aspernatur ex. Sed laboriosam sint modi.', '1998-10-02 22:59:41');
INSERT INTO `messages` (`id`, `from_user_id`, `to_user_id`, `body`, `created_at`) VALUES ('36', '559', '559', 'Atque ea dolorum saepe fugit quibusdam. Laboriosam illo voluptatem eos qui labore aut. Ut laudantium quisquam sint.', '2003-03-20 05:08:55');
INSERT INTO `messages` (`id`, `from_user_id`, `to_user_id`, `body`, `created_at`) VALUES ('37', '561', '561', 'Quam illo est non dignissimos. Magnam quis non aut distinctio qui tenetur. Perspiciatis sed quos consequatur sed perferendis velit minus.', '1999-12-30 13:29:46');
INSERT INTO `messages` (`id`, `from_user_id`, `to_user_id`, `body`, `created_at`) VALUES ('38', '564', '564', 'Accusamus minus qui molestiae quas laborum. Et omnis sint consectetur facilis. Et exercitationem hic libero enim aut est aspernatur.', '2006-05-03 19:19:05');
INSERT INTO `messages` (`id`, `from_user_id`, `to_user_id`, `body`, `created_at`) VALUES ('39', '565', '565', 'Ipsum modi assumenda cum. Quae aut inventore non. Voluptatem adipisci in veniam laborum dolorem est. Totam voluptas rerum qui aut nihil eligendi voluptatem.', '1993-01-07 11:59:40');
INSERT INTO `messages` (`id`, `from_user_id`, `to_user_id`, `body`, `created_at`) VALUES ('40', '566', '566', 'Dolor omnis eveniet reiciendis animi culpa. Et voluptatem quibusdam autem est ut. Eligendi ipsa qui rerum non voluptate. Vero qui sed aut fuga sit accusamus.', '1994-02-14 11:13:49');
INSERT INTO `messages` (`id`, `from_user_id`, `to_user_id`, `body`, `created_at`) VALUES ('41', '568', '568', 'Quia ut officia provident enim. Excepturi ullam sequi quas nihil reiciendis saepe modi. Consequatur voluptas quos et nihil iusto ratione aperiam debitis.', '2004-02-03 05:39:05');
INSERT INTO `messages` (`id`, `from_user_id`, `to_user_id`, `body`, `created_at`) VALUES ('42', '569', '569', 'Ea veritatis ut officia sunt. Debitis molestiae non iusto sint. Vel aspernatur quia consequatur minima dignissimos. Error et aperiam culpa id.', '1983-10-18 15:47:11');
INSERT INTO `messages` (`id`, `from_user_id`, `to_user_id`, `body`, `created_at`) VALUES ('43', '570', '570', 'Dolore culpa iusto consequatur omnis architecto fugiat dolore. Illo nihil quas velit omnis non aut ut asperiores. Assumenda impedit ipsum eius qui quidem laboriosam dolores. Illum voluptatum sit ab nostrum.', '2005-05-21 02:25:23');
INSERT INTO `messages` (`id`, `from_user_id`, `to_user_id`, `body`, `created_at`) VALUES ('44', '571', '571', 'Vel omnis similique non pariatur veritatis ex debitis. Non qui quo consequuntur ea. Neque vitae eum praesentium. Voluptates sed mollitia consequatur quia nisi velit dolores.', '2003-02-06 20:11:07');
INSERT INTO `messages` (`id`, `from_user_id`, `to_user_id`, `body`, `created_at`) VALUES ('45', '572', '572', 'Non illo qui autem qui eveniet. Dolorem ut voluptates earum velit est.', '1985-02-17 00:12:23');
INSERT INTO `messages` (`id`, `from_user_id`, `to_user_id`, `body`, `created_at`) VALUES ('46', '574', '574', 'Culpa error vitae ut exercitationem et velit. Et omnis quia sit explicabo non repellendus. Sint rerum aspernatur dignissimos. Deserunt quaerat in ab reprehenderit. Et hic voluptatum in maiores adipisci.', '1982-01-06 05:39:53');
INSERT INTO `messages` (`id`, `from_user_id`, `to_user_id`, `body`, `created_at`) VALUES ('47', '575', '575', 'Sit magnam alias laboriosam velit dolores ut cum. Sit hic porro facilis sit. Aut velit aut omnis quisquam assumenda nemo quia. Nihil nihil ducimus quia mollitia maxime sit.', '1972-11-05 16:31:23');
INSERT INTO `messages` (`id`, `from_user_id`, `to_user_id`, `body`, `created_at`) VALUES ('48', '578', '578', 'Ducimus ut qui quis ipsa quisquam sequi. Delectus ut voluptatem totam fuga voluptatem minima. Sed reiciendis rerum voluptates quae. Dolore reiciendis aliquam et temporibus delectus soluta blanditiis voluptate. Consequuntur occaecati voluptatibus suscipit dignissimos unde sed et.', '2009-07-19 04:45:41');
INSERT INTO `messages` (`id`, `from_user_id`, `to_user_id`, `body`, `created_at`) VALUES ('49', '580', '580', 'Modi accusantium adipisci aut id doloremque id. Corrupti ducimus pariatur saepe velit nihil consequuntur repellendus. Voluptates deserunt incidunt praesentium.', '1988-02-18 12:15:13');
INSERT INTO `messages` (`id`, `from_user_id`, `to_user_id`, `body`, `created_at`) VALUES ('50', '582', '582', 'Deleniti laudantium non deleniti molestiae. Velit et sint consectetur modi. Eum beatae totam consectetur dolores.', '2018-02-19 07:44:58');
INSERT INTO `messages` (`id`, `from_user_id`, `to_user_id`, `body`, `created_at`) VALUES ('51', '583', '583', 'Delectus ipsa excepturi in accusamus magni. Aut voluptates a ducimus commodi. Perspiciatis aut provident atque eum enim deleniti velit.', '1987-11-16 16:32:46');
INSERT INTO `messages` (`id`, `from_user_id`, `to_user_id`, `body`, `created_at`) VALUES ('52', '584', '584', 'Sit eos et possimus eaque. Non voluptatem et hic ipsa aliquid quod molestiae. Magni cumque rerum eligendi quam tempore sint quidem. Voluptas adipisci et expedita. Qui sed dicta tempora.', '2009-09-18 14:42:11');
INSERT INTO `messages` (`id`, `from_user_id`, `to_user_id`, `body`, `created_at`) VALUES ('53', '585', '585', 'Eligendi quam aut iusto. Distinctio est ut quibusdam architecto consequatur. Ducimus maxime quis facere quia perferendis tempore. Sed et rerum et tempore molestiae tempora unde quis.', '2013-01-08 11:32:40');
INSERT INTO `messages` (`id`, `from_user_id`, `to_user_id`, `body`, `created_at`) VALUES ('54', '586', '586', 'Dolorem optio reprehenderit nulla et nam fugit. Quia dicta est doloribus quae odio minus nostrum quibusdam.', '2009-03-10 03:26:09');
INSERT INTO `messages` (`id`, `from_user_id`, `to_user_id`, `body`, `created_at`) VALUES ('55', '587', '587', 'Consequatur quis beatae nisi similique et. Vero dolorem ut quidem iure aliquid. Sit libero sint aperiam. Ut quibusdam sunt provident amet voluptates.', '2003-11-21 17:52:07');
INSERT INTO `messages` (`id`, `from_user_id`, `to_user_id`, `body`, `created_at`) VALUES ('56', '588', '588', 'Veritatis qui provident quia atque dolor. Modi at assumenda vel. Debitis earum laboriosam quam velit sit. Ut et possimus labore.', '2010-05-25 03:00:41');
INSERT INTO `messages` (`id`, `from_user_id`, `to_user_id`, `body`, `created_at`) VALUES ('57', '590', '590', 'Labore et reiciendis impedit magnam iusto quisquam. Velit et eligendi ut deserunt voluptatem ea rem. Quia voluptate qui aperiam tempore aliquam.', '1981-02-03 01:39:38');
INSERT INTO `messages` (`id`, `from_user_id`, `to_user_id`, `body`, `created_at`) VALUES ('58', '591', '591', 'Consequuntur velit esse et laborum. Nostrum laborum dolores non. Voluptas quia vel minus sint natus quia. Dolores non consectetur ut consectetur sit numquam alias.', '1972-03-15 07:49:21');
INSERT INTO `messages` (`id`, `from_user_id`, `to_user_id`, `body`, `created_at`) VALUES ('59', '595', '595', 'Quos asperiores consectetur dolor voluptas in. Rerum possimus et dolor rerum fugiat quia. Consequatur aspernatur laborum et minus fugit consequatur. Aut eveniet eum facere id.', '2015-03-19 07:01:23');
INSERT INTO `messages` (`id`, `from_user_id`, `to_user_id`, `body`, `created_at`) VALUES ('60', '596', '596', 'Omnis occaecati reprehenderit neque eos rerum. Quas harum qui soluta in porro architecto sed. Accusamus laboriosam beatae nihil quisquam harum et cum. Doloribus molestiae provident quis quasi voluptatum.', '1987-10-20 15:06:19');
INSERT INTO `messages` (`id`, `from_user_id`, `to_user_id`, `body`, `created_at`) VALUES ('61', '597', '597', 'Et animi et neque qui corporis quibusdam omnis. Pariatur optio ut in asperiores eius voluptatum. Rerum alias totam aut officiis repellendus. Aliquid voluptatem exercitationem ea et.', '1981-05-07 13:24:09');
INSERT INTO `messages` (`id`, `from_user_id`, `to_user_id`, `body`, `created_at`) VALUES ('62', '598', '598', 'Omnis natus voluptatem aperiam incidunt ipsa odio. Eaque consequatur iusto sed quisquam neque non blanditiis.', '1980-03-23 20:32:32');
INSERT INTO `messages` (`id`, `from_user_id`, `to_user_id`, `body`, `created_at`) VALUES ('63', '601', '601', 'Omnis qui dolorem animi sint. Possimus saepe architecto nihil. Nihil ut laborum omnis vel consequatur odio. Nisi rerum quia ut dicta sit maxime iure aut.', '1970-11-05 00:04:27');
INSERT INTO `messages` (`id`, `from_user_id`, `to_user_id`, `body`, `created_at`) VALUES ('64', '603', '603', 'Veniam consequatur ex modi maxime. Veniam est eos quia. Et impedit ipsum nihil omnis quo sed.', '1974-07-06 20:49:38');
INSERT INTO `messages` (`id`, `from_user_id`, `to_user_id`, `body`, `created_at`) VALUES ('65', '605', '605', 'Et non commodi et consequatur magni impedit dolorem voluptate. Rerum tenetur necessitatibus sunt expedita. Et asperiores voluptatem rem sequi tenetur.', '1980-03-19 21:37:40');
INSERT INTO `messages` (`id`, `from_user_id`, `to_user_id`, `body`, `created_at`) VALUES ('66', '607', '607', 'Sapiente quia beatae laborum similique a. Voluptas nobis iure qui voluptate consequatur voluptatem culpa. Quis voluptatem autem sunt et enim laudantium dolor ipsum. Voluptate omnis ut consequuntur nihil deleniti.', '1994-06-08 17:27:24');
INSERT INTO `messages` (`id`, `from_user_id`, `to_user_id`, `body`, `created_at`) VALUES ('67', '610', '610', 'Amet optio quam repellendus repudiandae sed placeat. Est mollitia quod velit et laboriosam. Possimus est necessitatibus ut reiciendis iste mollitia.', '1980-03-14 17:20:20');
INSERT INTO `messages` (`id`, `from_user_id`, `to_user_id`, `body`, `created_at`) VALUES ('68', '611', '611', 'Aliquam omnis quos et maiores placeat soluta dicta. Explicabo laudantium incidunt consequatur unde aut ad corrupti. Qui voluptatem adipisci nam ea facere.', '1978-03-31 18:28:43');
INSERT INTO `messages` (`id`, `from_user_id`, `to_user_id`, `body`, `created_at`) VALUES ('69', '612', '612', 'Ut qui iusto eum dicta eum et temporibus. At nobis qui ipsa odio ratione assumenda. Impedit facilis ea aut. Expedita quae minus enim vel aspernatur.', '2014-08-26 09:00:52');
INSERT INTO `messages` (`id`, `from_user_id`, `to_user_id`, `body`, `created_at`) VALUES ('70', '614', '614', 'Fugit earum dicta laudantium. Blanditiis aliquid itaque sed mollitia distinctio architecto sed.', '2012-05-13 16:31:20');
INSERT INTO `messages` (`id`, `from_user_id`, `to_user_id`, `body`, `created_at`) VALUES ('71', '616', '616', 'Soluta quibusdam cum numquam accusantium. Reprehenderit earum magnam numquam at iure. Rerum vitae dolor dolor consequuntur cumque.', '1983-10-15 09:03:49');
INSERT INTO `messages` (`id`, `from_user_id`, `to_user_id`, `body`, `created_at`) VALUES ('72', '617', '617', 'Repellendus qui voluptatem sequi dolores. Sed esse cupiditate fuga rerum dolores omnis itaque. Corporis qui dolorem ut. Illum sint alias officiis quis error voluptas aliquam.', '2012-12-08 01:50:48');
INSERT INTO `messages` (`id`, `from_user_id`, `to_user_id`, `body`, `created_at`) VALUES ('73', '618', '618', 'Est itaque enim possimus aperiam perspiciatis aliquid quia libero. Recusandae eum blanditiis deleniti excepturi cumque. Alias ut vitae impedit dolore veniam adipisci ut.', '1987-11-04 10:16:29');
INSERT INTO `messages` (`id`, `from_user_id`, `to_user_id`, `body`, `created_at`) VALUES ('74', '620', '620', 'Aut hic perspiciatis rerum quasi architecto facilis. Minima tempora fugiat reprehenderit ipsam sit id suscipit est. Explicabo voluptatibus modi ut quae. Deserunt tenetur odio qui. Incidunt soluta architecto et repudiandae sed iste rerum.', '1979-08-07 06:14:51');
INSERT INTO `messages` (`id`, `from_user_id`, `to_user_id`, `body`, `created_at`) VALUES ('75', '621', '621', 'Odit ex corporis est iusto dolores laboriosam labore. Omnis et aut beatae eum officiis aut. Dolor culpa praesentium officiis sapiente cumque ullam eius.', '1982-10-28 07:05:18');
INSERT INTO `messages` (`id`, `from_user_id`, `to_user_id`, `body`, `created_at`) VALUES ('76', '622', '622', 'Quisquam nemo consectetur ipsa. Veritatis sequi nobis labore veritatis. Maxime quia saepe est et pariatur praesentium saepe.', '1987-04-20 13:37:36');
INSERT INTO `messages` (`id`, `from_user_id`, `to_user_id`, `body`, `created_at`) VALUES ('77', '627', '627', 'Nihil corporis voluptatum quasi possimus esse. Eaque odio at sit possimus amet dolorum accusamus. Deserunt quisquam molestiae nihil impedit perferendis magnam.', '2013-01-13 23:25:04');
INSERT INTO `messages` (`id`, `from_user_id`, `to_user_id`, `body`, `created_at`) VALUES ('78', '631', '631', 'Quis quia quod veniam qui et sapiente. Expedita nemo in consequuntur quia. Quo vel est error iusto.', '1998-07-24 08:24:05');
INSERT INTO `messages` (`id`, `from_user_id`, `to_user_id`, `body`, `created_at`) VALUES ('79', '633', '633', 'Ut ut dicta velit omnis maxime minima voluptatem rerum. Porro tempora omnis dolores libero minus sunt. Repellat aut in natus vero rerum consequatur. Esse blanditiis dolorum qui consequatur rem et ab.', '1997-12-26 14:33:57');
INSERT INTO `messages` (`id`, `from_user_id`, `to_user_id`, `body`, `created_at`) VALUES ('80', '635', '635', 'Adipisci unde neque sunt deleniti. Commodi harum eos et est fugit amet. Aut necessitatibus iste iste eos architecto quia nemo iste. Non voluptatem ipsa voluptatem a vel dolor et.', '2007-01-21 13:15:41');
INSERT INTO `messages` (`id`, `from_user_id`, `to_user_id`, `body`, `created_at`) VALUES ('81', '638', '638', 'Ducimus repellat molestias aperiam aspernatur doloremque sequi ipsa. Ratione aspernatur libero maiores. Esse ut repudiandae dolorem maxime rerum error ut.', '2007-08-10 00:18:37');
INSERT INTO `messages` (`id`, `from_user_id`, `to_user_id`, `body`, `created_at`) VALUES ('82', '639', '639', 'Laborum laudantium neque aut sit sed doloribus. Mollitia rerum doloribus doloribus expedita recusandae voluptatem iste. Consectetur dolorem asperiores quasi enim sit in.', '2010-07-14 23:49:56');
INSERT INTO `messages` (`id`, `from_user_id`, `to_user_id`, `body`, `created_at`) VALUES ('83', '640', '640', 'Sit ad vel quis placeat omnis veniam id. Beatae sed iusto molestiae cumque velit. Aut et est fugiat rerum sed ratione. Sint iste voluptatibus totam facilis iure commodi neque.', '1992-04-21 23:00:16');
INSERT INTO `messages` (`id`, `from_user_id`, `to_user_id`, `body`, `created_at`) VALUES ('84', '641', '641', 'Est quae quis non cumque impedit voluptatem deleniti eaque. Non et quasi blanditiis nesciunt eveniet aut. In qui iure dignissimos ex quia illo.', '1993-02-16 16:42:07');
INSERT INTO `messages` (`id`, `from_user_id`, `to_user_id`, `body`, `created_at`) VALUES ('85', '645', '645', 'Placeat veniam dolorem esse odit saepe sit quam. Porro quam beatae dolores. Vitae ea molestiae est quis voluptatem sed. Quod et quo suscipit assumenda officiis non eos tenetur.', '1996-12-16 16:50:34');
INSERT INTO `messages` (`id`, `from_user_id`, `to_user_id`, `body`, `created_at`) VALUES ('86', '647', '647', 'Iste laboriosam sunt omnis et eveniet delectus. Deleniti quas optio velit et officiis. Porro earum optio ut dignissimos consequatur voluptatum voluptate nihil. Et tempore nisi quod dolores quam.', '2018-10-22 17:19:41');
INSERT INTO `messages` (`id`, `from_user_id`, `to_user_id`, `body`, `created_at`) VALUES ('87', '648', '648', 'Asperiores dolorem eum quia beatae. Est odio aliquid vel ea. Dolor totam quae occaecati rerum perspiciatis voluptatum doloribus possimus. Iste expedita nihil voluptatem consequuntur hic vel asperiores.', '2001-06-04 06:16:43');
INSERT INTO `messages` (`id`, `from_user_id`, `to_user_id`, `body`, `created_at`) VALUES ('88', '649', '649', 'Aut aut aspernatur et laborum expedita praesentium et. Consequatur velit numquam natus expedita qui facilis et. Ut ea rerum facilis voluptates.', '1975-11-30 17:20:25');
INSERT INTO `messages` (`id`, `from_user_id`, `to_user_id`, `body`, `created_at`) VALUES ('89', '650', '650', 'Dolor cupiditate error dolorem omnis fugit eos expedita. Sed id facilis eos adipisci pariatur. Et voluptatem eligendi dolore rerum. Et illo et magni vero.', '1976-11-25 05:14:40');
INSERT INTO `messages` (`id`, `from_user_id`, `to_user_id`, `body`, `created_at`) VALUES ('90', '651', '651', 'Qui nisi tempore molestias tempora. Omnis fugiat debitis pariatur earum beatae sequi eaque. Est aliquid recusandae eveniet nulla nihil dolores et rem.', '1994-06-26 22:36:00');
INSERT INTO `messages` (`id`, `from_user_id`, `to_user_id`, `body`, `created_at`) VALUES ('91', '652', '652', 'Vero placeat enim et. Ut ut molestiae fuga reiciendis. Voluptatibus sit debitis et et molestias optio et. Est et amet repellat voluptas saepe in aliquam.', '1979-10-27 10:35:28');
INSERT INTO `messages` (`id`, `from_user_id`, `to_user_id`, `body`, `created_at`) VALUES ('92', '654', '654', 'Nostrum itaque fugiat veritatis consequuntur. Est ullam nemo debitis in qui magni. Sed rerum voluptatum tempore rerum vel. Et eos id totam facilis illo quod nobis.', '2017-03-25 23:42:08');
INSERT INTO `messages` (`id`, `from_user_id`, `to_user_id`, `body`, `created_at`) VALUES ('93', '655', '655', 'Atque tenetur magni aliquid eum. Eos tempora eum reiciendis sit quas explicabo possimus. Est consequuntur dolore blanditiis voluptatum asperiores perspiciatis.', '1975-12-05 13:27:26');
INSERT INTO `messages` (`id`, `from_user_id`, `to_user_id`, `body`, `created_at`) VALUES ('94', '656', '656', 'Esse enim pariatur officiis sunt. Error enim eaque necessitatibus sint necessitatibus amet. Illo eligendi veniam ut. Voluptate laudantium accusantium officiis omnis odit. Qui dolores maxime delectus sapiente et asperiores vel omnis.', '2007-05-22 19:03:25');
INSERT INTO `messages` (`id`, `from_user_id`, `to_user_id`, `body`, `created_at`) VALUES ('95', '657', '657', 'Aut laboriosam assumenda ea atque pariatur. Ipsam quos rem sit omnis. Quos doloremque molestias sapiente nihil. Et dicta est sint corrupti eligendi laudantium.', '1992-04-16 04:32:00');
INSERT INTO `messages` (`id`, `from_user_id`, `to_user_id`, `body`, `created_at`) VALUES ('96', '659', '659', 'Eum sit unde ipsa quia. Ab voluptatem dignissimos quis consequatur.', '1970-04-02 21:12:59');
INSERT INTO `messages` (`id`, `from_user_id`, `to_user_id`, `body`, `created_at`) VALUES ('97', '660', '660', 'Doloremque harum eos non ea impedit illum. Ea fuga vel amet assumenda quos vel. Ut non nemo sit eos exercitationem. Accusantium voluptatem quae nihil maiores ut.', '1970-07-13 09:31:02');
INSERT INTO `messages` (`id`, `from_user_id`, `to_user_id`, `body`, `created_at`) VALUES ('98', '661', '661', 'Quia est debitis aut perspiciatis. Ullam laboriosam quas vel quod. Dolorum commodi consequatur nostrum et.', '1973-05-13 01:39:13');
INSERT INTO `messages` (`id`, `from_user_id`, `to_user_id`, `body`, `created_at`) VALUES ('99', '662', '662', 'Tempore et asperiores dolor quasi. Dolor ut ea cupiditate est distinctio voluptatem. Sed et itaque aliquam aut. Ut dignissimos dignissimos et voluptatem sed.', '2011-03-16 07:15:22');
INSERT INTO `messages` (`id`, `from_user_id`, `to_user_id`, `body`, `created_at`) VALUES ('100', '664', '664', 'Eum ut voluptatibus voluptatem ut. Magnam aliquid earum laboriosam aut. Deleniti amet iste accusamus fugit. Placeat dolor sunt non dicta fugiat optio dicta.', '1987-09-22 06:09:27');


#
# TABLE STRUCTURE FOR: photo_albums
#

DROP TABLE IF EXISTS `photo_albums`;

CREATE TABLE `photo_albums` (
  `id` bigint(20) unsigned NOT NULL AUTO_INCREMENT,
  `name` varchar(255) COLLATE utf8mb4_unicode_ci DEFAULT NULL,
  `user_id` bigint(20) unsigned DEFAULT NULL,
  PRIMARY KEY (`id`),
  UNIQUE KEY `id` (`id`),
  KEY `user_id` (`user_id`),
  CONSTRAINT `photo_albums_ibfk_1` FOREIGN KEY (`user_id`) REFERENCES `users` (`id`)
) ENGINE=InnoDB AUTO_INCREMENT=101 DEFAULT CHARSET=utf8mb4 COLLATE=utf8mb4_unicode_ci;

INSERT INTO `photo_albums` (`id`, `name`, `user_id`) VALUES ('1', 'nulla', '501');
INSERT INTO `photo_albums` (`id`, `name`, `user_id`) VALUES ('2', 'aspernatur', '502');
INSERT INTO `photo_albums` (`id`, `name`, `user_id`) VALUES ('3', 'cupiditate', '503');
INSERT INTO `photo_albums` (`id`, `name`, `user_id`) VALUES ('4', 'et', '504');
INSERT INTO `photo_albums` (`id`, `name`, `user_id`) VALUES ('5', 'atque', '505');
INSERT INTO `photo_albums` (`id`, `name`, `user_id`) VALUES ('6', 'rerum', '507');
INSERT INTO `photo_albums` (`id`, `name`, `user_id`) VALUES ('7', 'et', '509');
INSERT INTO `photo_albums` (`id`, `name`, `user_id`) VALUES ('8', 'sed', '510');
INSERT INTO `photo_albums` (`id`, `name`, `user_id`) VALUES ('9', 'voluptatem', '511');
INSERT INTO `photo_albums` (`id`, `name`, `user_id`) VALUES ('10', 'sunt', '512');
INSERT INTO `photo_albums` (`id`, `name`, `user_id`) VALUES ('11', 'deleniti', '513');
INSERT INTO `photo_albums` (`id`, `name`, `user_id`) VALUES ('12', 'molestiae', '515');
INSERT INTO `photo_albums` (`id`, `name`, `user_id`) VALUES ('13', 'est', '516');
INSERT INTO `photo_albums` (`id`, `name`, `user_id`) VALUES ('14', 'qui', '518');
INSERT INTO `photo_albums` (`id`, `name`, `user_id`) VALUES ('15', 'ut', '519');
INSERT INTO `photo_albums` (`id`, `name`, `user_id`) VALUES ('16', 'fugit', '520');
INSERT INTO `photo_albums` (`id`, `name`, `user_id`) VALUES ('17', 'nam', '522');
INSERT INTO `photo_albums` (`id`, `name`, `user_id`) VALUES ('18', 'sunt', '523');
INSERT INTO `photo_albums` (`id`, `name`, `user_id`) VALUES ('19', 'quisquam', '530');
INSERT INTO `photo_albums` (`id`, `name`, `user_id`) VALUES ('20', 'sed', '532');
INSERT INTO `photo_albums` (`id`, `name`, `user_id`) VALUES ('21', 'id', '533');
INSERT INTO `photo_albums` (`id`, `name`, `user_id`) VALUES ('22', 'expedita', '534');
INSERT INTO `photo_albums` (`id`, `name`, `user_id`) VALUES ('23', 'ipsam', '537');
INSERT INTO `photo_albums` (`id`, `name`, `user_id`) VALUES ('24', 'nihil', '538');
INSERT INTO `photo_albums` (`id`, `name`, `user_id`) VALUES ('25', 'natus', '539');
INSERT INTO `photo_albums` (`id`, `name`, `user_id`) VALUES ('26', 'pariatur', '542');
INSERT INTO `photo_albums` (`id`, `name`, `user_id`) VALUES ('27', 'omnis', '543');
INSERT INTO `photo_albums` (`id`, `name`, `user_id`) VALUES ('28', 'repellat', '546');
INSERT INTO `photo_albums` (`id`, `name`, `user_id`) VALUES ('29', 'atque', '547');
INSERT INTO `photo_albums` (`id`, `name`, `user_id`) VALUES ('30', 'quae', '548');
INSERT INTO `photo_albums` (`id`, `name`, `user_id`) VALUES ('31', 'qui', '549');
INSERT INTO `photo_albums` (`id`, `name`, `user_id`) VALUES ('32', 'voluptatum', '550');
INSERT INTO `photo_albums` (`id`, `name`, `user_id`) VALUES ('33', 'dignissimos', '552');
INSERT INTO `photo_albums` (`id`, `name`, `user_id`) VALUES ('34', 'sit', '554');
INSERT INTO `photo_albums` (`id`, `name`, `user_id`) VALUES ('35', 'sed', '555');
INSERT INTO `photo_albums` (`id`, `name`, `user_id`) VALUES ('36', 'praesentium', '559');
INSERT INTO `photo_albums` (`id`, `name`, `user_id`) VALUES ('37', 'veritatis', '561');
INSERT INTO `photo_albums` (`id`, `name`, `user_id`) VALUES ('38', 'harum', '564');
INSERT INTO `photo_albums` (`id`, `name`, `user_id`) VALUES ('39', 'aliquam', '565');
INSERT INTO `photo_albums` (`id`, `name`, `user_id`) VALUES ('40', 'quis', '566');
INSERT INTO `photo_albums` (`id`, `name`, `user_id`) VALUES ('41', 'eos', '568');
INSERT INTO `photo_albums` (`id`, `name`, `user_id`) VALUES ('42', 'earum', '569');
INSERT INTO `photo_albums` (`id`, `name`, `user_id`) VALUES ('43', 'voluptatem', '570');
INSERT INTO `photo_albums` (`id`, `name`, `user_id`) VALUES ('44', 'possimus', '571');
INSERT INTO `photo_albums` (`id`, `name`, `user_id`) VALUES ('45', 'eaque', '572');
INSERT INTO `photo_albums` (`id`, `name`, `user_id`) VALUES ('46', 'impedit', '574');
INSERT INTO `photo_albums` (`id`, `name`, `user_id`) VALUES ('47', 'sit', '575');
INSERT INTO `photo_albums` (`id`, `name`, `user_id`) VALUES ('48', 'adipisci', '578');
INSERT INTO `photo_albums` (`id`, `name`, `user_id`) VALUES ('49', 'adipisci', '580');
INSERT INTO `photo_albums` (`id`, `name`, `user_id`) VALUES ('50', 'quod', '582');
INSERT INTO `photo_albums` (`id`, `name`, `user_id`) VALUES ('51', 'enim', '583');
INSERT INTO `photo_albums` (`id`, `name`, `user_id`) VALUES ('52', 'natus', '584');
INSERT INTO `photo_albums` (`id`, `name`, `user_id`) VALUES ('53', 'deserunt', '585');
INSERT INTO `photo_albums` (`id`, `name`, `user_id`) VALUES ('54', 'saepe', '586');
INSERT INTO `photo_albums` (`id`, `name`, `user_id`) VALUES ('55', 'suscipit', '587');
INSERT INTO `photo_albums` (`id`, `name`, `user_id`) VALUES ('56', 'nam', '588');
INSERT INTO `photo_albums` (`id`, `name`, `user_id`) VALUES ('57', 'et', '590');
INSERT INTO `photo_albums` (`id`, `name`, `user_id`) VALUES ('58', 'quo', '591');
INSERT INTO `photo_albums` (`id`, `name`, `user_id`) VALUES ('59', 'excepturi', '595');
INSERT INTO `photo_albums` (`id`, `name`, `user_id`) VALUES ('60', 'doloremque', '596');
INSERT INTO `photo_albums` (`id`, `name`, `user_id`) VALUES ('61', 'exercitationem', '597');
INSERT INTO `photo_albums` (`id`, `name`, `user_id`) VALUES ('62', 'molestiae', '598');
INSERT INTO `photo_albums` (`id`, `name`, `user_id`) VALUES ('63', 'quae', '601');
INSERT INTO `photo_albums` (`id`, `name`, `user_id`) VALUES ('64', 'nulla', '603');
INSERT INTO `photo_albums` (`id`, `name`, `user_id`) VALUES ('65', 'rerum', '605');
INSERT INTO `photo_albums` (`id`, `name`, `user_id`) VALUES ('66', 'porro', '607');
INSERT INTO `photo_albums` (`id`, `name`, `user_id`) VALUES ('67', 'accusantium', '610');
INSERT INTO `photo_albums` (`id`, `name`, `user_id`) VALUES ('68', 'perspiciatis', '611');
INSERT INTO `photo_albums` (`id`, `name`, `user_id`) VALUES ('69', 'itaque', '612');
INSERT INTO `photo_albums` (`id`, `name`, `user_id`) VALUES ('70', 'perferendis', '614');
INSERT INTO `photo_albums` (`id`, `name`, `user_id`) VALUES ('71', 'voluptatem', '616');
INSERT INTO `photo_albums` (`id`, `name`, `user_id`) VALUES ('72', 'quas', '617');
INSERT INTO `photo_albums` (`id`, `name`, `user_id`) VALUES ('73', 'amet', '618');
INSERT INTO `photo_albums` (`id`, `name`, `user_id`) VALUES ('74', 'ad', '620');
INSERT INTO `photo_albums` (`id`, `name`, `user_id`) VALUES ('75', 'doloremque', '621');
INSERT INTO `photo_albums` (`id`, `name`, `user_id`) VALUES ('76', 'quo', '622');
INSERT INTO `photo_albums` (`id`, `name`, `user_id`) VALUES ('77', 'soluta', '627');
INSERT INTO `photo_albums` (`id`, `name`, `user_id`) VALUES ('78', 'et', '631');
INSERT INTO `photo_albums` (`id`, `name`, `user_id`) VALUES ('79', 'doloribus', '633');
INSERT INTO `photo_albums` (`id`, `name`, `user_id`) VALUES ('80', 'labore', '635');
INSERT INTO `photo_albums` (`id`, `name`, `user_id`) VALUES ('81', 'vel', '638');
INSERT INTO `photo_albums` (`id`, `name`, `user_id`) VALUES ('82', 'nostrum', '639');
INSERT INTO `photo_albums` (`id`, `name`, `user_id`) VALUES ('83', 'illo', '640');
INSERT INTO `photo_albums` (`id`, `name`, `user_id`) VALUES ('84', 'dolorem', '641');
INSERT INTO `photo_albums` (`id`, `name`, `user_id`) VALUES ('85', 'dolorem', '645');
INSERT INTO `photo_albums` (`id`, `name`, `user_id`) VALUES ('86', 'voluptate', '647');
INSERT INTO `photo_albums` (`id`, `name`, `user_id`) VALUES ('87', 'dolor', '648');
INSERT INTO `photo_albums` (`id`, `name`, `user_id`) VALUES ('88', 'omnis', '649');
INSERT INTO `photo_albums` (`id`, `name`, `user_id`) VALUES ('89', 'nobis', '650');
INSERT INTO `photo_albums` (`id`, `name`, `user_id`) VALUES ('90', 'eius', '651');
INSERT INTO `photo_albums` (`id`, `name`, `user_id`) VALUES ('91', 'voluptas', '652');
INSERT INTO `photo_albums` (`id`, `name`, `user_id`) VALUES ('92', 'non', '654');
INSERT INTO `photo_albums` (`id`, `name`, `user_id`) VALUES ('93', 'autem', '655');
INSERT INTO `photo_albums` (`id`, `name`, `user_id`) VALUES ('94', 'fuga', '656');
INSERT INTO `photo_albums` (`id`, `name`, `user_id`) VALUES ('95', 'quos', '657');
INSERT INTO `photo_albums` (`id`, `name`, `user_id`) VALUES ('96', 'molestiae', '659');
INSERT INTO `photo_albums` (`id`, `name`, `user_id`) VALUES ('97', 'neque', '660');
INSERT INTO `photo_albums` (`id`, `name`, `user_id`) VALUES ('98', 'sit', '661');
INSERT INTO `photo_albums` (`id`, `name`, `user_id`) VALUES ('99', 'ut', '662');
INSERT INTO `photo_albums` (`id`, `name`, `user_id`) VALUES ('100', 'voluptas', '664');


#
# TABLE STRUCTURE FOR: photos
#

DROP TABLE IF EXISTS `photos`;

CREATE TABLE `photos` (
  `id` bigint(20) unsigned NOT NULL AUTO_INCREMENT,
  `album_id` bigint(20) unsigned DEFAULT NULL,
  `media_id` bigint(20) unsigned NOT NULL,
  UNIQUE KEY `id` (`id`),
  KEY `album_id` (`album_id`),
  KEY `media_id` (`media_id`),
  CONSTRAINT `photos_ibfk_1` FOREIGN KEY (`album_id`) REFERENCES `photo_albums` (`id`),
  CONSTRAINT `photos_ibfk_2` FOREIGN KEY (`media_id`) REFERENCES `media` (`id`)
) ENGINE=InnoDB AUTO_INCREMENT=101 DEFAULT CHARSET=utf8mb4 COLLATE=utf8mb4_unicode_ci;

INSERT INTO `photos` (`id`, `album_id`, `media_id`) VALUES ('1', '1', '1');
INSERT INTO `photos` (`id`, `album_id`, `media_id`) VALUES ('2', '2', '2');
INSERT INTO `photos` (`id`, `album_id`, `media_id`) VALUES ('3', '3', '3');
INSERT INTO `photos` (`id`, `album_id`, `media_id`) VALUES ('4', '4', '4');
INSERT INTO `photos` (`id`, `album_id`, `media_id`) VALUES ('5', '5', '5');
INSERT INTO `photos` (`id`, `album_id`, `media_id`) VALUES ('6', '6', '6');
INSERT INTO `photos` (`id`, `album_id`, `media_id`) VALUES ('7', '7', '7');
INSERT INTO `photos` (`id`, `album_id`, `media_id`) VALUES ('8', '8', '8');
INSERT INTO `photos` (`id`, `album_id`, `media_id`) VALUES ('9', '9', '9');
INSERT INTO `photos` (`id`, `album_id`, `media_id`) VALUES ('10', '10', '10');
INSERT INTO `photos` (`id`, `album_id`, `media_id`) VALUES ('11', '11', '11');
INSERT INTO `photos` (`id`, `album_id`, `media_id`) VALUES ('12', '12', '12');
INSERT INTO `photos` (`id`, `album_id`, `media_id`) VALUES ('13', '13', '13');
INSERT INTO `photos` (`id`, `album_id`, `media_id`) VALUES ('14', '14', '14');
INSERT INTO `photos` (`id`, `album_id`, `media_id`) VALUES ('15', '15', '15');
INSERT INTO `photos` (`id`, `album_id`, `media_id`) VALUES ('16', '16', '16');
INSERT INTO `photos` (`id`, `album_id`, `media_id`) VALUES ('17', '17', '17');
INSERT INTO `photos` (`id`, `album_id`, `media_id`) VALUES ('18', '18', '18');
INSERT INTO `photos` (`id`, `album_id`, `media_id`) VALUES ('19', '19', '19');
INSERT INTO `photos` (`id`, `album_id`, `media_id`) VALUES ('20', '20', '20');
INSERT INTO `photos` (`id`, `album_id`, `media_id`) VALUES ('21', '21', '21');
INSERT INTO `photos` (`id`, `album_id`, `media_id`) VALUES ('22', '22', '22');
INSERT INTO `photos` (`id`, `album_id`, `media_id`) VALUES ('23', '23', '23');
INSERT INTO `photos` (`id`, `album_id`, `media_id`) VALUES ('24', '24', '24');
INSERT INTO `photos` (`id`, `album_id`, `media_id`) VALUES ('25', '25', '25');
INSERT INTO `photos` (`id`, `album_id`, `media_id`) VALUES ('26', '26', '26');
INSERT INTO `photos` (`id`, `album_id`, `media_id`) VALUES ('27', '27', '27');
INSERT INTO `photos` (`id`, `album_id`, `media_id`) VALUES ('28', '28', '28');
INSERT INTO `photos` (`id`, `album_id`, `media_id`) VALUES ('29', '29', '29');
INSERT INTO `photos` (`id`, `album_id`, `media_id`) VALUES ('30', '30', '30');
INSERT INTO `photos` (`id`, `album_id`, `media_id`) VALUES ('31', '31', '31');
INSERT INTO `photos` (`id`, `album_id`, `media_id`) VALUES ('32', '32', '32');
INSERT INTO `photos` (`id`, `album_id`, `media_id`) VALUES ('33', '33', '33');
INSERT INTO `photos` (`id`, `album_id`, `media_id`) VALUES ('34', '34', '34');
INSERT INTO `photos` (`id`, `album_id`, `media_id`) VALUES ('35', '35', '35');
INSERT INTO `photos` (`id`, `album_id`, `media_id`) VALUES ('36', '36', '36');
INSERT INTO `photos` (`id`, `album_id`, `media_id`) VALUES ('37', '37', '37');
INSERT INTO `photos` (`id`, `album_id`, `media_id`) VALUES ('38', '38', '38');
INSERT INTO `photos` (`id`, `album_id`, `media_id`) VALUES ('39', '39', '39');
INSERT INTO `photos` (`id`, `album_id`, `media_id`) VALUES ('40', '40', '40');
INSERT INTO `photos` (`id`, `album_id`, `media_id`) VALUES ('41', '41', '41');
INSERT INTO `photos` (`id`, `album_id`, `media_id`) VALUES ('42', '42', '42');
INSERT INTO `photos` (`id`, `album_id`, `media_id`) VALUES ('43', '43', '43');
INSERT INTO `photos` (`id`, `album_id`, `media_id`) VALUES ('44', '44', '44');
INSERT INTO `photos` (`id`, `album_id`, `media_id`) VALUES ('45', '45', '45');
INSERT INTO `photos` (`id`, `album_id`, `media_id`) VALUES ('46', '46', '46');
INSERT INTO `photos` (`id`, `album_id`, `media_id`) VALUES ('47', '47', '47');
INSERT INTO `photos` (`id`, `album_id`, `media_id`) VALUES ('48', '48', '48');
INSERT INTO `photos` (`id`, `album_id`, `media_id`) VALUES ('49', '49', '49');
INSERT INTO `photos` (`id`, `album_id`, `media_id`) VALUES ('50', '50', '50');
INSERT INTO `photos` (`id`, `album_id`, `media_id`) VALUES ('51', '51', '51');
INSERT INTO `photos` (`id`, `album_id`, `media_id`) VALUES ('52', '52', '52');
INSERT INTO `photos` (`id`, `album_id`, `media_id`) VALUES ('53', '53', '53');
INSERT INTO `photos` (`id`, `album_id`, `media_id`) VALUES ('54', '54', '54');
INSERT INTO `photos` (`id`, `album_id`, `media_id`) VALUES ('55', '55', '55');
INSERT INTO `photos` (`id`, `album_id`, `media_id`) VALUES ('56', '56', '56');
INSERT INTO `photos` (`id`, `album_id`, `media_id`) VALUES ('57', '57', '57');
INSERT INTO `photos` (`id`, `album_id`, `media_id`) VALUES ('58', '58', '58');
INSERT INTO `photos` (`id`, `album_id`, `media_id`) VALUES ('59', '59', '59');
INSERT INTO `photos` (`id`, `album_id`, `media_id`) VALUES ('60', '60', '60');
INSERT INTO `photos` (`id`, `album_id`, `media_id`) VALUES ('61', '61', '61');
INSERT INTO `photos` (`id`, `album_id`, `media_id`) VALUES ('62', '62', '62');
INSERT INTO `photos` (`id`, `album_id`, `media_id`) VALUES ('63', '63', '63');
INSERT INTO `photos` (`id`, `album_id`, `media_id`) VALUES ('64', '64', '64');
INSERT INTO `photos` (`id`, `album_id`, `media_id`) VALUES ('65', '65', '65');
INSERT INTO `photos` (`id`, `album_id`, `media_id`) VALUES ('66', '66', '66');
INSERT INTO `photos` (`id`, `album_id`, `media_id`) VALUES ('67', '67', '67');
INSERT INTO `photos` (`id`, `album_id`, `media_id`) VALUES ('68', '68', '68');
INSERT INTO `photos` (`id`, `album_id`, `media_id`) VALUES ('69', '69', '69');
INSERT INTO `photos` (`id`, `album_id`, `media_id`) VALUES ('70', '70', '70');
INSERT INTO `photos` (`id`, `album_id`, `media_id`) VALUES ('71', '71', '71');
INSERT INTO `photos` (`id`, `album_id`, `media_id`) VALUES ('72', '72', '72');
INSERT INTO `photos` (`id`, `album_id`, `media_id`) VALUES ('73', '73', '73');
INSERT INTO `photos` (`id`, `album_id`, `media_id`) VALUES ('74', '74', '74');
INSERT INTO `photos` (`id`, `album_id`, `media_id`) VALUES ('75', '75', '75');
INSERT INTO `photos` (`id`, `album_id`, `media_id`) VALUES ('76', '76', '76');
INSERT INTO `photos` (`id`, `album_id`, `media_id`) VALUES ('77', '77', '77');
INSERT INTO `photos` (`id`, `album_id`, `media_id`) VALUES ('78', '78', '78');
INSERT INTO `photos` (`id`, `album_id`, `media_id`) VALUES ('79', '79', '79');
INSERT INTO `photos` (`id`, `album_id`, `media_id`) VALUES ('80', '80', '80');
INSERT INTO `photos` (`id`, `album_id`, `media_id`) VALUES ('81', '81', '81');
INSERT INTO `photos` (`id`, `album_id`, `media_id`) VALUES ('82', '82', '82');
INSERT INTO `photos` (`id`, `album_id`, `media_id`) VALUES ('83', '83', '83');
INSERT INTO `photos` (`id`, `album_id`, `media_id`) VALUES ('84', '84', '84');
INSERT INTO `photos` (`id`, `album_id`, `media_id`) VALUES ('85', '85', '85');
INSERT INTO `photos` (`id`, `album_id`, `media_id`) VALUES ('86', '86', '86');
INSERT INTO `photos` (`id`, `album_id`, `media_id`) VALUES ('87', '87', '87');
INSERT INTO `photos` (`id`, `album_id`, `media_id`) VALUES ('88', '88', '88');
INSERT INTO `photos` (`id`, `album_id`, `media_id`) VALUES ('89', '89', '89');
INSERT INTO `photos` (`id`, `album_id`, `media_id`) VALUES ('90', '90', '90');
INSERT INTO `photos` (`id`, `album_id`, `media_id`) VALUES ('91', '91', '91');
INSERT INTO `photos` (`id`, `album_id`, `media_id`) VALUES ('92', '92', '92');
INSERT INTO `photos` (`id`, `album_id`, `media_id`) VALUES ('93', '93', '93');
INSERT INTO `photos` (`id`, `album_id`, `media_id`) VALUES ('94', '94', '94');
INSERT INTO `photos` (`id`, `album_id`, `media_id`) VALUES ('95', '95', '95');
INSERT INTO `photos` (`id`, `album_id`, `media_id`) VALUES ('96', '96', '96');
INSERT INTO `photos` (`id`, `album_id`, `media_id`) VALUES ('97', '97', '97');
INSERT INTO `photos` (`id`, `album_id`, `media_id`) VALUES ('98', '98', '98');
INSERT INTO `photos` (`id`, `album_id`, `media_id`) VALUES ('99', '99', '99');
INSERT INTO `photos` (`id`, `album_id`, `media_id`) VALUES ('100', '100', '100');


#
# TABLE STRUCTURE FOR: profiles
#

DROP TABLE IF EXISTS `profiles`;

CREATE TABLE `profiles` (
  `user_id` bigint(20) unsigned NOT NULL,
  `gender` char(1) COLLATE utf8mb4_unicode_ci DEFAULT NULL,
  `birthday` date DEFAULT NULL,
  `photo_id` bigint(20) unsigned DEFAULT NULL,
  `created_at` datetime DEFAULT current_timestamp(),
  `hometown` varchar(100) COLLATE utf8mb4_unicode_ci DEFAULT NULL,
  UNIQUE KEY `user_id` (`user_id`),
  CONSTRAINT `fk_user_id` FOREIGN KEY (`user_id`) REFERENCES `users` (`id`) ON DELETE NO ACTION ON UPDATE CASCADE
) ENGINE=InnoDB DEFAULT CHARSET=utf8mb4 COLLATE=utf8mb4_unicode_ci;

INSERT INTO `profiles` (`user_id`, `gender`, `birthday`, `photo_id`, `created_at`, `hometown`) VALUES ('501', 'm', '2019-01-06', '1', '1986-03-21 09:42:46', NULL);
INSERT INTO `profiles` (`user_id`, `gender`, `birthday`, `photo_id`, `created_at`, `hometown`) VALUES ('502', 'm', '1983-09-25', '2', '2003-06-27 21:52:09', NULL);
INSERT INTO `profiles` (`user_id`, `gender`, `birthday`, `photo_id`, `created_at`, `hometown`) VALUES ('503', 'f', '1993-09-19', '3', '2001-03-23 01:52:26', NULL);
INSERT INTO `profiles` (`user_id`, `gender`, `birthday`, `photo_id`, `created_at`, `hometown`) VALUES ('504', 'm', '1997-01-18', '4', '1996-11-08 16:12:22', NULL);
INSERT INTO `profiles` (`user_id`, `gender`, `birthday`, `photo_id`, `created_at`, `hometown`) VALUES ('505', 'f', '1986-07-07', '5', '1978-01-21 23:44:19', NULL);
INSERT INTO `profiles` (`user_id`, `gender`, `birthday`, `photo_id`, `created_at`, `hometown`) VALUES ('507', 'm', '2015-02-08', '6', '2013-01-09 00:01:16', NULL);
INSERT INTO `profiles` (`user_id`, `gender`, `birthday`, `photo_id`, `created_at`, `hometown`) VALUES ('509', 'f', '1970-07-10', '7', '1985-05-17 13:46:27', NULL);
INSERT INTO `profiles` (`user_id`, `gender`, `birthday`, `photo_id`, `created_at`, `hometown`) VALUES ('510', 'f', '1981-03-20', '8', '2020-06-09 02:54:25', NULL);
INSERT INTO `profiles` (`user_id`, `gender`, `birthday`, `photo_id`, `created_at`, `hometown`) VALUES ('511', 'f', '2018-05-22', '9', '2000-07-24 10:21:38', NULL);
INSERT INTO `profiles` (`user_id`, `gender`, `birthday`, `photo_id`, `created_at`, `hometown`) VALUES ('512', 'f', '2003-05-18', '10', '1984-10-20 20:44:36', NULL);
INSERT INTO `profiles` (`user_id`, `gender`, `birthday`, `photo_id`, `created_at`, `hometown`) VALUES ('513', 'f', '1976-03-23', '11', '1998-08-21 08:02:32', NULL);
INSERT INTO `profiles` (`user_id`, `gender`, `birthday`, `photo_id`, `created_at`, `hometown`) VALUES ('515', 'f', '1991-04-21', '12', '2011-03-29 12:12:55', NULL);
INSERT INTO `profiles` (`user_id`, `gender`, `birthday`, `photo_id`, `created_at`, `hometown`) VALUES ('516', 'f', '1989-09-07', '13', '1994-11-08 08:28:09', NULL);
INSERT INTO `profiles` (`user_id`, `gender`, `birthday`, `photo_id`, `created_at`, `hometown`) VALUES ('518', 'm', '2006-06-05', '14', '2017-09-01 15:03:19', NULL);
INSERT INTO `profiles` (`user_id`, `gender`, `birthday`, `photo_id`, `created_at`, `hometown`) VALUES ('519', 'm', '2011-01-13', '15', '1994-09-22 14:00:20', NULL);
INSERT INTO `profiles` (`user_id`, `gender`, `birthday`, `photo_id`, `created_at`, `hometown`) VALUES ('520', 'm', '1978-09-03', '16', '1972-01-15 00:11:56', NULL);
INSERT INTO `profiles` (`user_id`, `gender`, `birthday`, `photo_id`, `created_at`, `hometown`) VALUES ('522', 'f', '2005-12-28', '17', '1989-07-25 08:18:51', NULL);
INSERT INTO `profiles` (`user_id`, `gender`, `birthday`, `photo_id`, `created_at`, `hometown`) VALUES ('523', 'f', '2020-02-12', '18', '1994-11-29 02:18:18', NULL);
INSERT INTO `profiles` (`user_id`, `gender`, `birthday`, `photo_id`, `created_at`, `hometown`) VALUES ('530', 'm', '1988-07-01', '19', '1976-10-01 08:34:47', NULL);
INSERT INTO `profiles` (`user_id`, `gender`, `birthday`, `photo_id`, `created_at`, `hometown`) VALUES ('532', 'm', '2003-06-29', '20', '2018-10-09 13:36:21', NULL);
INSERT INTO `profiles` (`user_id`, `gender`, `birthday`, `photo_id`, `created_at`, `hometown`) VALUES ('533', 'f', '1990-12-03', '21', '2010-06-27 17:36:40', NULL);
INSERT INTO `profiles` (`user_id`, `gender`, `birthday`, `photo_id`, `created_at`, `hometown`) VALUES ('534', 'f', '2011-04-03', '22', '2002-08-23 10:54:59', NULL);
INSERT INTO `profiles` (`user_id`, `gender`, `birthday`, `photo_id`, `created_at`, `hometown`) VALUES ('537', 'm', '1984-01-19', '23', '2019-06-10 11:08:14', NULL);
INSERT INTO `profiles` (`user_id`, `gender`, `birthday`, `photo_id`, `created_at`, `hometown`) VALUES ('538', 'f', '1976-07-31', '24', '1984-06-07 12:04:21', NULL);
INSERT INTO `profiles` (`user_id`, `gender`, `birthday`, `photo_id`, `created_at`, `hometown`) VALUES ('539', 'm', '1979-04-13', '25', '2010-02-07 10:15:45', NULL);
INSERT INTO `profiles` (`user_id`, `gender`, `birthday`, `photo_id`, `created_at`, `hometown`) VALUES ('542', 'm', '1984-01-01', '26', '1970-03-16 00:42:56', NULL);
INSERT INTO `profiles` (`user_id`, `gender`, `birthday`, `photo_id`, `created_at`, `hometown`) VALUES ('543', 'm', '2004-02-27', '27', '1970-01-15 12:03:37', NULL);
INSERT INTO `profiles` (`user_id`, `gender`, `birthday`, `photo_id`, `created_at`, `hometown`) VALUES ('546', 'f', '1987-11-04', '28', '1976-08-04 05:05:17', NULL);
INSERT INTO `profiles` (`user_id`, `gender`, `birthday`, `photo_id`, `created_at`, `hometown`) VALUES ('547', 'm', '2021-02-11', '29', '1974-11-17 09:17:45', NULL);
INSERT INTO `profiles` (`user_id`, `gender`, `birthday`, `photo_id`, `created_at`, `hometown`) VALUES ('548', 'f', '2009-02-13', '30', '1980-06-22 12:21:57', NULL);
INSERT INTO `profiles` (`user_id`, `gender`, `birthday`, `photo_id`, `created_at`, `hometown`) VALUES ('549', 'm', '1978-10-14', '31', '1970-10-12 01:33:37', NULL);
INSERT INTO `profiles` (`user_id`, `gender`, `birthday`, `photo_id`, `created_at`, `hometown`) VALUES ('550', 'm', '2013-09-12', '32', '2019-03-28 18:56:16', NULL);
INSERT INTO `profiles` (`user_id`, `gender`, `birthday`, `photo_id`, `created_at`, `hometown`) VALUES ('552', 'f', '1970-12-28', '33', '2020-08-09 20:38:24', NULL);
INSERT INTO `profiles` (`user_id`, `gender`, `birthday`, `photo_id`, `created_at`, `hometown`) VALUES ('554', 'm', '2005-03-15', '34', '2013-12-13 20:06:03', NULL);
INSERT INTO `profiles` (`user_id`, `gender`, `birthday`, `photo_id`, `created_at`, `hometown`) VALUES ('555', 'f', '1976-03-20', '35', '2001-06-10 08:31:07', NULL);
INSERT INTO `profiles` (`user_id`, `gender`, `birthday`, `photo_id`, `created_at`, `hometown`) VALUES ('559', 'f', '1981-11-25', '36', '1989-10-14 10:15:51', NULL);
INSERT INTO `profiles` (`user_id`, `gender`, `birthday`, `photo_id`, `created_at`, `hometown`) VALUES ('561', 'f', '2017-03-13', '37', '1975-03-23 12:00:07', NULL);
INSERT INTO `profiles` (`user_id`, `gender`, `birthday`, `photo_id`, `created_at`, `hometown`) VALUES ('564', 'm', '2015-11-17', '38', '2018-07-16 16:02:01', NULL);
INSERT INTO `profiles` (`user_id`, `gender`, `birthday`, `photo_id`, `created_at`, `hometown`) VALUES ('565', 'm', '2014-11-11', '39', '1977-10-23 00:25:12', NULL);
INSERT INTO `profiles` (`user_id`, `gender`, `birthday`, `photo_id`, `created_at`, `hometown`) VALUES ('566', 'f', '2003-08-02', '40', '1978-09-27 17:15:03', NULL);
INSERT INTO `profiles` (`user_id`, `gender`, `birthday`, `photo_id`, `created_at`, `hometown`) VALUES ('568', 'm', '1982-08-27', '41', '2011-11-08 01:57:35', NULL);
INSERT INTO `profiles` (`user_id`, `gender`, `birthday`, `photo_id`, `created_at`, `hometown`) VALUES ('569', 'f', '1994-07-21', '42', '1977-02-25 01:28:19', NULL);
INSERT INTO `profiles` (`user_id`, `gender`, `birthday`, `photo_id`, `created_at`, `hometown`) VALUES ('570', 'f', '1990-04-14', '43', '1991-02-21 22:00:36', NULL);
INSERT INTO `profiles` (`user_id`, `gender`, `birthday`, `photo_id`, `created_at`, `hometown`) VALUES ('571', 'f', '2015-01-28', '44', '1974-03-08 17:53:32', NULL);
INSERT INTO `profiles` (`user_id`, `gender`, `birthday`, `photo_id`, `created_at`, `hometown`) VALUES ('572', 'f', '1999-10-31', '45', '2008-02-14 17:20:36', NULL);
INSERT INTO `profiles` (`user_id`, `gender`, `birthday`, `photo_id`, `created_at`, `hometown`) VALUES ('574', 'm', '1989-01-26', '46', '1985-10-01 07:13:46', NULL);
INSERT INTO `profiles` (`user_id`, `gender`, `birthday`, `photo_id`, `created_at`, `hometown`) VALUES ('575', 'm', '1994-09-26', '47', '2002-08-07 10:50:36', NULL);
INSERT INTO `profiles` (`user_id`, `gender`, `birthday`, `photo_id`, `created_at`, `hometown`) VALUES ('578', 'f', '2011-02-02', '48', '1982-09-12 01:28:05', NULL);
INSERT INTO `profiles` (`user_id`, `gender`, `birthday`, `photo_id`, `created_at`, `hometown`) VALUES ('580', 'f', '1972-08-14', '49', '2000-06-30 17:12:31', NULL);
INSERT INTO `profiles` (`user_id`, `gender`, `birthday`, `photo_id`, `created_at`, `hometown`) VALUES ('582', 'f', '1993-02-18', '50', '2004-02-23 05:42:43', NULL);
INSERT INTO `profiles` (`user_id`, `gender`, `birthday`, `photo_id`, `created_at`, `hometown`) VALUES ('583', 'm', '1972-06-08', '51', '1972-12-11 15:47:43', NULL);
INSERT INTO `profiles` (`user_id`, `gender`, `birthday`, `photo_id`, `created_at`, `hometown`) VALUES ('584', 'm', '2004-07-05', '52', '1991-04-01 19:33:38', NULL);
INSERT INTO `profiles` (`user_id`, `gender`, `birthday`, `photo_id`, `created_at`, `hometown`) VALUES ('585', 'm', '2000-04-10', '53', '2011-08-21 18:55:42', NULL);
INSERT INTO `profiles` (`user_id`, `gender`, `birthday`, `photo_id`, `created_at`, `hometown`) VALUES ('586', 'f', '2000-08-01', '54', '2010-10-11 18:21:29', NULL);
INSERT INTO `profiles` (`user_id`, `gender`, `birthday`, `photo_id`, `created_at`, `hometown`) VALUES ('587', 'f', '2004-12-10', '55', '1997-08-07 21:02:18', NULL);
INSERT INTO `profiles` (`user_id`, `gender`, `birthday`, `photo_id`, `created_at`, `hometown`) VALUES ('588', 'm', '1977-07-23', '56', '2005-08-23 23:50:24', NULL);
INSERT INTO `profiles` (`user_id`, `gender`, `birthday`, `photo_id`, `created_at`, `hometown`) VALUES ('590', 'm', '1988-03-24', '57', '2006-02-07 22:59:46', NULL);
INSERT INTO `profiles` (`user_id`, `gender`, `birthday`, `photo_id`, `created_at`, `hometown`) VALUES ('591', 'f', '1976-10-16', '58', '1999-10-27 22:40:09', NULL);
INSERT INTO `profiles` (`user_id`, `gender`, `birthday`, `photo_id`, `created_at`, `hometown`) VALUES ('595', 'm', '1974-07-30', '59', '1973-05-31 10:50:52', NULL);
INSERT INTO `profiles` (`user_id`, `gender`, `birthday`, `photo_id`, `created_at`, `hometown`) VALUES ('596', 'm', '2000-07-22', '60', '2013-11-23 04:50:53', NULL);
INSERT INTO `profiles` (`user_id`, `gender`, `birthday`, `photo_id`, `created_at`, `hometown`) VALUES ('597', 'f', '1983-04-08', '61', '1980-06-16 14:31:59', NULL);
INSERT INTO `profiles` (`user_id`, `gender`, `birthday`, `photo_id`, `created_at`, `hometown`) VALUES ('598', 'm', '1988-10-27', '62', '1998-03-20 08:28:56', NULL);
INSERT INTO `profiles` (`user_id`, `gender`, `birthday`, `photo_id`, `created_at`, `hometown`) VALUES ('601', 'f', '1981-10-11', '63', '2009-06-05 17:38:47', NULL);
INSERT INTO `profiles` (`user_id`, `gender`, `birthday`, `photo_id`, `created_at`, `hometown`) VALUES ('603', 'f', '1978-12-10', '64', '2000-04-05 19:48:38', NULL);
INSERT INTO `profiles` (`user_id`, `gender`, `birthday`, `photo_id`, `created_at`, `hometown`) VALUES ('605', 'f', '2007-10-17', '65', '1972-01-25 08:21:36', NULL);
INSERT INTO `profiles` (`user_id`, `gender`, `birthday`, `photo_id`, `created_at`, `hometown`) VALUES ('607', 'm', '1988-09-16', '66', '1981-09-10 02:20:44', NULL);
INSERT INTO `profiles` (`user_id`, `gender`, `birthday`, `photo_id`, `created_at`, `hometown`) VALUES ('610', 'm', '1972-02-02', '67', '1976-05-05 16:34:14', NULL);
INSERT INTO `profiles` (`user_id`, `gender`, `birthday`, `photo_id`, `created_at`, `hometown`) VALUES ('611', 'm', '2009-07-10', '68', '2001-09-01 17:13:06', NULL);
INSERT INTO `profiles` (`user_id`, `gender`, `birthday`, `photo_id`, `created_at`, `hometown`) VALUES ('612', 'm', '1989-04-28', '69', '2004-04-10 13:22:57', NULL);
INSERT INTO `profiles` (`user_id`, `gender`, `birthday`, `photo_id`, `created_at`, `hometown`) VALUES ('614', 'f', '1985-01-24', '70', '2006-05-03 03:01:58', NULL);
INSERT INTO `profiles` (`user_id`, `gender`, `birthday`, `photo_id`, `created_at`, `hometown`) VALUES ('616', 'f', '2011-10-26', '71', '1979-03-31 23:13:48', NULL);
INSERT INTO `profiles` (`user_id`, `gender`, `birthday`, `photo_id`, `created_at`, `hometown`) VALUES ('617', 'm', '2019-07-06', '72', '1973-04-13 03:34:31', NULL);
INSERT INTO `profiles` (`user_id`, `gender`, `birthday`, `photo_id`, `created_at`, `hometown`) VALUES ('618', 'm', '1990-09-21', '73', '1981-12-22 02:38:49', NULL);
INSERT INTO `profiles` (`user_id`, `gender`, `birthday`, `photo_id`, `created_at`, `hometown`) VALUES ('620', 'f', '1997-01-18', '74', '2002-01-17 05:30:48', NULL);
INSERT INTO `profiles` (`user_id`, `gender`, `birthday`, `photo_id`, `created_at`, `hometown`) VALUES ('621', 'f', '1981-04-04', '75', '2000-12-25 13:19:30', NULL);
INSERT INTO `profiles` (`user_id`, `gender`, `birthday`, `photo_id`, `created_at`, `hometown`) VALUES ('622', 'm', '1993-08-24', '76', '2000-01-08 23:03:01', NULL);
INSERT INTO `profiles` (`user_id`, `gender`, `birthday`, `photo_id`, `created_at`, `hometown`) VALUES ('627', 'f', '2006-08-14', '77', '2002-02-14 21:46:18', NULL);
INSERT INTO `profiles` (`user_id`, `gender`, `birthday`, `photo_id`, `created_at`, `hometown`) VALUES ('631', 'f', '1970-07-04', '78', '1988-08-10 18:02:53', NULL);
INSERT INTO `profiles` (`user_id`, `gender`, `birthday`, `photo_id`, `created_at`, `hometown`) VALUES ('633', 'm', '2019-04-18', '79', '2017-11-26 23:43:40', NULL);
INSERT INTO `profiles` (`user_id`, `gender`, `birthday`, `photo_id`, `created_at`, `hometown`) VALUES ('635', 'm', '1994-11-09', '80', '1995-03-17 00:05:49', NULL);
INSERT INTO `profiles` (`user_id`, `gender`, `birthday`, `photo_id`, `created_at`, `hometown`) VALUES ('638', 'f', '1991-07-27', '81', '2016-01-31 10:31:57', NULL);
INSERT INTO `profiles` (`user_id`, `gender`, `birthday`, `photo_id`, `created_at`, `hometown`) VALUES ('639', 'f', '1991-12-16', '82', '1981-02-24 00:09:33', NULL);
INSERT INTO `profiles` (`user_id`, `gender`, `birthday`, `photo_id`, `created_at`, `hometown`) VALUES ('640', 'm', '1971-09-10', '83', '1994-06-15 04:03:18', NULL);
INSERT INTO `profiles` (`user_id`, `gender`, `birthday`, `photo_id`, `created_at`, `hometown`) VALUES ('641', 'm', '1972-05-14', '84', '2006-03-20 04:55:26', NULL);
INSERT INTO `profiles` (`user_id`, `gender`, `birthday`, `photo_id`, `created_at`, `hometown`) VALUES ('645', 'f', '2000-05-26', '85', '2003-11-04 04:33:18', NULL);
INSERT INTO `profiles` (`user_id`, `gender`, `birthday`, `photo_id`, `created_at`, `hometown`) VALUES ('647', 'm', '1997-02-25', '86', '1972-08-23 23:26:56', NULL);
INSERT INTO `profiles` (`user_id`, `gender`, `birthday`, `photo_id`, `created_at`, `hometown`) VALUES ('648', 'f', '2005-01-18', '87', '2008-08-22 08:29:26', NULL);
INSERT INTO `profiles` (`user_id`, `gender`, `birthday`, `photo_id`, `created_at`, `hometown`) VALUES ('649', 'm', '1972-12-19', '88', '2002-11-11 18:20:25', NULL);
INSERT INTO `profiles` (`user_id`, `gender`, `birthday`, `photo_id`, `created_at`, `hometown`) VALUES ('650', 'f', '1995-06-26', '89', '1990-03-26 00:49:54', NULL);
INSERT INTO `profiles` (`user_id`, `gender`, `birthday`, `photo_id`, `created_at`, `hometown`) VALUES ('651', 'm', '2000-08-18', '90', '1995-06-01 07:45:58', NULL);
INSERT INTO `profiles` (`user_id`, `gender`, `birthday`, `photo_id`, `created_at`, `hometown`) VALUES ('652', 'm', '1997-01-26', '91', '1976-09-02 12:19:57', NULL);
INSERT INTO `profiles` (`user_id`, `gender`, `birthday`, `photo_id`, `created_at`, `hometown`) VALUES ('654', 'f', '2006-01-17', '92', '2008-11-13 12:42:35', NULL);
INSERT INTO `profiles` (`user_id`, `gender`, `birthday`, `photo_id`, `created_at`, `hometown`) VALUES ('655', 'm', '1981-02-04', '93', '2005-09-19 21:54:02', NULL);
INSERT INTO `profiles` (`user_id`, `gender`, `birthday`, `photo_id`, `created_at`, `hometown`) VALUES ('656', 'm', '1988-04-10', '94', '1971-07-17 03:59:39', NULL);
INSERT INTO `profiles` (`user_id`, `gender`, `birthday`, `photo_id`, `created_at`, `hometown`) VALUES ('657', 'f', '2006-08-02', '95', '2011-04-02 15:29:30', NULL);
INSERT INTO `profiles` (`user_id`, `gender`, `birthday`, `photo_id`, `created_at`, `hometown`) VALUES ('659', 'm', '2012-07-05', '96', '2011-11-28 02:43:48', NULL);
INSERT INTO `profiles` (`user_id`, `gender`, `birthday`, `photo_id`, `created_at`, `hometown`) VALUES ('660', 'm', '2009-03-16', '97', '1971-06-05 03:22:02', NULL);
INSERT INTO `profiles` (`user_id`, `gender`, `birthday`, `photo_id`, `created_at`, `hometown`) VALUES ('661', 'm', '1972-03-30', '98', '1997-06-17 04:18:31', NULL);
INSERT INTO `profiles` (`user_id`, `gender`, `birthday`, `photo_id`, `created_at`, `hometown`) VALUES ('662', 'f', '1994-09-14', '99', '2010-01-20 05:46:28', NULL);
INSERT INTO `profiles` (`user_id`, `gender`, `birthday`, `photo_id`, `created_at`, `hometown`) VALUES ('664', 'm', '1974-03-04', '100', '1975-10-21 06:02:07', NULL);
INSERT INTO `profiles` (`user_id`, `gender`, `birthday`, `photo_id`, `created_at`, `hometown`) VALUES ('666', 'm', '2004-02-15', '1', '1979-04-03 16:40:11', NULL);
INSERT INTO `profiles` (`user_id`, `gender`, `birthday`, `photo_id`, `created_at`, `hometown`) VALUES ('669', 'f', '1997-04-13', '2', '1985-02-27 19:19:16', NULL);
INSERT INTO `profiles` (`user_id`, `gender`, `birthday`, `photo_id`, `created_at`, `hometown`) VALUES ('670', 'f', '2001-06-22', '3', '1992-09-16 02:35:25', NULL);
INSERT INTO `profiles` (`user_id`, `gender`, `birthday`, `photo_id`, `created_at`, `hometown`) VALUES ('671', 'f', '1982-12-20', '4', '1970-03-29 12:40:06', NULL);
INSERT INTO `profiles` (`user_id`, `gender`, `birthday`, `photo_id`, `created_at`, `hometown`) VALUES ('673', 'f', '2005-11-01', '5', '1980-03-06 18:15:54', NULL);
INSERT INTO `profiles` (`user_id`, `gender`, `birthday`, `photo_id`, `created_at`, `hometown`) VALUES ('674', 'm', '2004-12-30', '6', '1979-11-28 11:46:57', NULL);
INSERT INTO `profiles` (`user_id`, `gender`, `birthday`, `photo_id`, `created_at`, `hometown`) VALUES ('675', 'f', '1978-05-21', '7', '1992-09-05 03:22:54', NULL);
INSERT INTO `profiles` (`user_id`, `gender`, `birthday`, `photo_id`, `created_at`, `hometown`) VALUES ('676', 'm', '1980-02-05', '8', '2003-03-06 02:44:40', NULL);
INSERT INTO `profiles` (`user_id`, `gender`, `birthday`, `photo_id`, `created_at`, `hometown`) VALUES ('678', 'm', '2008-05-16', '9', '2014-08-05 06:09:24', NULL);
INSERT INTO `profiles` (`user_id`, `gender`, `birthday`, `photo_id`, `created_at`, `hometown`) VALUES ('680', 'f', '1989-05-16', '10', '2012-09-21 22:08:30', NULL);
INSERT INTO `profiles` (`user_id`, `gender`, `birthday`, `photo_id`, `created_at`, `hometown`) VALUES ('681', 'm', '1983-07-25', '11', '1970-05-27 01:08:14', NULL);
INSERT INTO `profiles` (`user_id`, `gender`, `birthday`, `photo_id`, `created_at`, `hometown`) VALUES ('683', 'f', '2018-08-17', '12', '2004-04-20 13:29:34', NULL);
INSERT INTO `profiles` (`user_id`, `gender`, `birthday`, `photo_id`, `created_at`, `hometown`) VALUES ('684', 'f', '1974-03-09', '13', '1998-02-06 06:05:28', NULL);
INSERT INTO `profiles` (`user_id`, `gender`, `birthday`, `photo_id`, `created_at`, `hometown`) VALUES ('685', 'f', '2004-08-11', '14', '2013-09-25 17:35:06', NULL);
INSERT INTO `profiles` (`user_id`, `gender`, `birthday`, `photo_id`, `created_at`, `hometown`) VALUES ('686', 'f', '1983-10-11', '15', '1990-07-10 03:04:30', NULL);
INSERT INTO `profiles` (`user_id`, `gender`, `birthday`, `photo_id`, `created_at`, `hometown`) VALUES ('687', 'f', '2015-04-17', '16', '1979-08-26 16:21:46', NULL);
INSERT INTO `profiles` (`user_id`, `gender`, `birthday`, `photo_id`, `created_at`, `hometown`) VALUES ('688', 'm', '2005-12-08', '17', '1997-02-15 05:17:30', NULL);
INSERT INTO `profiles` (`user_id`, `gender`, `birthday`, `photo_id`, `created_at`, `hometown`) VALUES ('689', 'f', '2020-11-23', '18', '2005-02-02 23:09:59', NULL);
INSERT INTO `profiles` (`user_id`, `gender`, `birthday`, `photo_id`, `created_at`, `hometown`) VALUES ('692', 'm', '2003-08-31', '19', '1994-10-11 19:02:07', NULL);
INSERT INTO `profiles` (`user_id`, `gender`, `birthday`, `photo_id`, `created_at`, `hometown`) VALUES ('694', 'm', '2017-02-28', '20', '1985-02-06 03:08:22', NULL);
INSERT INTO `profiles` (`user_id`, `gender`, `birthday`, `photo_id`, `created_at`, `hometown`) VALUES ('695', 'm', '2021-02-09', '21', '2015-11-23 19:33:26', NULL);
INSERT INTO `profiles` (`user_id`, `gender`, `birthday`, `photo_id`, `created_at`, `hometown`) VALUES ('696', 'f', '1994-07-29', '22', '2015-08-10 01:32:16', NULL);
INSERT INTO `profiles` (`user_id`, `gender`, `birthday`, `photo_id`, `created_at`, `hometown`) VALUES ('698', 'f', '2001-08-21', '23', '2007-10-28 03:52:37', NULL);
INSERT INTO `profiles` (`user_id`, `gender`, `birthday`, `photo_id`, `created_at`, `hometown`) VALUES ('699', 'm', '1992-01-10', '24', '2006-09-28 23:52:44', NULL);
INSERT INTO `profiles` (`user_id`, `gender`, `birthday`, `photo_id`, `created_at`, `hometown`) VALUES ('700', 'f', '1991-04-27', '25', '1994-11-08 19:52:50', NULL);
INSERT INTO `profiles` (`user_id`, `gender`, `birthday`, `photo_id`, `created_at`, `hometown`) VALUES ('702', 'f', '1978-02-10', '26', '2009-10-12 09:55:02', NULL);
INSERT INTO `profiles` (`user_id`, `gender`, `birthday`, `photo_id`, `created_at`, `hometown`) VALUES ('703', 'm', '2017-07-30', '27', '1974-05-28 10:13:31', NULL);
INSERT INTO `profiles` (`user_id`, `gender`, `birthday`, `photo_id`, `created_at`, `hometown`) VALUES ('704', 'm', '2017-01-07', '28', '1971-02-13 20:15:05', NULL);
INSERT INTO `profiles` (`user_id`, `gender`, `birthday`, `photo_id`, `created_at`, `hometown`) VALUES ('705', 'm', '2021-01-13', '29', '1983-10-19 03:09:16', NULL);
INSERT INTO `profiles` (`user_id`, `gender`, `birthday`, `photo_id`, `created_at`, `hometown`) VALUES ('707', 'm', '2002-04-24', '30', '2018-03-12 11:45:06', NULL);
INSERT INTO `profiles` (`user_id`, `gender`, `birthday`, `photo_id`, `created_at`, `hometown`) VALUES ('710', 'm', '1992-12-19', '31', '1991-11-04 00:01:35', NULL);
INSERT INTO `profiles` (`user_id`, `gender`, `birthday`, `photo_id`, `created_at`, `hometown`) VALUES ('713', 'f', '1991-01-25', '32', '1994-12-06 22:12:08', NULL);
INSERT INTO `profiles` (`user_id`, `gender`, `birthday`, `photo_id`, `created_at`, `hometown`) VALUES ('714', 'm', '1970-12-12', '33', '1993-08-09 23:17:11', NULL);
INSERT INTO `profiles` (`user_id`, `gender`, `birthday`, `photo_id`, `created_at`, `hometown`) VALUES ('715', 'm', '2006-10-24', '34', '1978-08-13 05:15:45', NULL);
INSERT INTO `profiles` (`user_id`, `gender`, `birthday`, `photo_id`, `created_at`, `hometown`) VALUES ('716', 'f', '2013-05-14', '35', '2008-11-27 17:57:11', NULL);
INSERT INTO `profiles` (`user_id`, `gender`, `birthday`, `photo_id`, `created_at`, `hometown`) VALUES ('717', 'm', '1987-08-08', '36', '2019-08-20 22:11:00', NULL);
INSERT INTO `profiles` (`user_id`, `gender`, `birthday`, `photo_id`, `created_at`, `hometown`) VALUES ('718', 'f', '2002-06-19', '37', '2018-11-07 03:53:26', NULL);
INSERT INTO `profiles` (`user_id`, `gender`, `birthday`, `photo_id`, `created_at`, `hometown`) VALUES ('719', 'f', '1990-08-11', '38', '1984-05-02 10:24:25', NULL);
INSERT INTO `profiles` (`user_id`, `gender`, `birthday`, `photo_id`, `created_at`, `hometown`) VALUES ('722', 'f', '1974-06-09', '39', '1989-12-16 10:19:49', NULL);
INSERT INTO `profiles` (`user_id`, `gender`, `birthday`, `photo_id`, `created_at`, `hometown`) VALUES ('723', 'm', '1996-09-10', '40', '1993-12-17 10:17:21', NULL);
INSERT INTO `profiles` (`user_id`, `gender`, `birthday`, `photo_id`, `created_at`, `hometown`) VALUES ('725', 'f', '1981-11-24', '41', '1996-09-21 01:38:24', NULL);
INSERT INTO `profiles` (`user_id`, `gender`, `birthday`, `photo_id`, `created_at`, `hometown`) VALUES ('727', 'm', '1980-07-10', '42', '1979-07-26 17:13:39', NULL);
INSERT INTO `profiles` (`user_id`, `gender`, `birthday`, `photo_id`, `created_at`, `hometown`) VALUES ('728', 'm', '1979-06-24', '43', '1991-06-30 07:26:14', NULL);
INSERT INTO `profiles` (`user_id`, `gender`, `birthday`, `photo_id`, `created_at`, `hometown`) VALUES ('729', 'f', '1978-06-23', '44', '1989-03-15 09:39:57', NULL);
INSERT INTO `profiles` (`user_id`, `gender`, `birthday`, `photo_id`, `created_at`, `hometown`) VALUES ('730', 'f', '1979-03-10', '45', '1985-01-06 09:14:36', NULL);
INSERT INTO `profiles` (`user_id`, `gender`, `birthday`, `photo_id`, `created_at`, `hometown`) VALUES ('732', 'm', '1970-01-26', '46', '2011-02-17 17:36:47', NULL);
INSERT INTO `profiles` (`user_id`, `gender`, `birthday`, `photo_id`, `created_at`, `hometown`) VALUES ('733', 'm', '2010-02-02', '47', '1977-10-31 14:31:38', NULL);
INSERT INTO `profiles` (`user_id`, `gender`, `birthday`, `photo_id`, `created_at`, `hometown`) VALUES ('735', 'm', '2020-05-23', '48', '1990-01-12 23:26:10', NULL);
INSERT INTO `profiles` (`user_id`, `gender`, `birthday`, `photo_id`, `created_at`, `hometown`) VALUES ('737', 'f', '2013-12-20', '49', '1972-02-15 13:37:57', NULL);
INSERT INTO `profiles` (`user_id`, `gender`, `birthday`, `photo_id`, `created_at`, `hometown`) VALUES ('738', 'f', '2014-02-18', '50', '1998-12-15 21:26:17', NULL);
INSERT INTO `profiles` (`user_id`, `gender`, `birthday`, `photo_id`, `created_at`, `hometown`) VALUES ('740', 'm', '2000-12-12', '51', '1976-02-06 06:25:53', NULL);
INSERT INTO `profiles` (`user_id`, `gender`, `birthday`, `photo_id`, `created_at`, `hometown`) VALUES ('743', 'm', '1981-02-19', '52', '1976-07-16 15:38:49', NULL);
INSERT INTO `profiles` (`user_id`, `gender`, `birthday`, `photo_id`, `created_at`, `hometown`) VALUES ('745', 'f', '1993-11-03', '53', '1989-07-22 06:45:49', NULL);
INSERT INTO `profiles` (`user_id`, `gender`, `birthday`, `photo_id`, `created_at`, `hometown`) VALUES ('746', 'f', '2004-10-17', '54', '1988-12-26 08:59:25', NULL);
INSERT INTO `profiles` (`user_id`, `gender`, `birthday`, `photo_id`, `created_at`, `hometown`) VALUES ('747', 'm', '2018-09-29', '55', '1992-03-04 15:59:48', NULL);
INSERT INTO `profiles` (`user_id`, `gender`, `birthday`, `photo_id`, `created_at`, `hometown`) VALUES ('748', 'm', '2001-07-11', '56', '1978-01-29 19:17:49', NULL);
INSERT INTO `profiles` (`user_id`, `gender`, `birthday`, `photo_id`, `created_at`, `hometown`) VALUES ('749', 'f', '2016-10-10', '57', '2005-05-16 13:48:34', NULL);
INSERT INTO `profiles` (`user_id`, `gender`, `birthday`, `photo_id`, `created_at`, `hometown`) VALUES ('750', 'm', '1979-09-29', '58', '1979-02-24 05:01:19', NULL);
INSERT INTO `profiles` (`user_id`, `gender`, `birthday`, `photo_id`, `created_at`, `hometown`) VALUES ('751', 'm', '2000-09-10', '59', '2016-01-30 23:21:28', NULL);
INSERT INTO `profiles` (`user_id`, `gender`, `birthday`, `photo_id`, `created_at`, `hometown`) VALUES ('752', 'f', '1988-01-25', '60', '2008-10-04 19:56:58', NULL);
INSERT INTO `profiles` (`user_id`, `gender`, `birthday`, `photo_id`, `created_at`, `hometown`) VALUES ('754', 'f', '1983-11-13', '61', '1971-07-05 20:55:51', NULL);
INSERT INTO `profiles` (`user_id`, `gender`, `birthday`, `photo_id`, `created_at`, `hometown`) VALUES ('758', 'm', '1980-07-10', '62', '1971-10-06 15:36:12', NULL);
INSERT INTO `profiles` (`user_id`, `gender`, `birthday`, `photo_id`, `created_at`, `hometown`) VALUES ('760', 'm', '1994-03-11', '63', '2019-12-19 05:12:20', NULL);
INSERT INTO `profiles` (`user_id`, `gender`, `birthday`, `photo_id`, `created_at`, `hometown`) VALUES ('761', 'f', '2020-01-02', '64', '1982-02-26 08:52:24', NULL);
INSERT INTO `profiles` (`user_id`, `gender`, `birthday`, `photo_id`, `created_at`, `hometown`) VALUES ('763', 'f', '2004-01-08', '65', '2004-09-11 02:27:06', NULL);
INSERT INTO `profiles` (`user_id`, `gender`, `birthday`, `photo_id`, `created_at`, `hometown`) VALUES ('765', 'f', '1981-03-28', '66', '2001-07-07 13:10:04', NULL);
INSERT INTO `profiles` (`user_id`, `gender`, `birthday`, `photo_id`, `created_at`, `hometown`) VALUES ('767', 'm', '1971-10-05', '67', '1994-06-28 01:17:18', NULL);
INSERT INTO `profiles` (`user_id`, `gender`, `birthday`, `photo_id`, `created_at`, `hometown`) VALUES ('768', 'm', '2000-10-13', '68', '1994-04-23 09:37:30', NULL);
INSERT INTO `profiles` (`user_id`, `gender`, `birthday`, `photo_id`, `created_at`, `hometown`) VALUES ('773', 'm', '2010-02-05', '69', '1975-11-22 14:11:10', NULL);
INSERT INTO `profiles` (`user_id`, `gender`, `birthday`, `photo_id`, `created_at`, `hometown`) VALUES ('776', 'f', '1994-01-03', '70', '1987-02-18 10:38:35', NULL);
INSERT INTO `profiles` (`user_id`, `gender`, `birthday`, `photo_id`, `created_at`, `hometown`) VALUES ('777', 'f', '1972-02-14', '71', '1994-04-08 15:42:51', NULL);
INSERT INTO `profiles` (`user_id`, `gender`, `birthday`, `photo_id`, `created_at`, `hometown`) VALUES ('778', 'm', '1985-01-09', '72', '1998-09-21 12:01:19', NULL);
INSERT INTO `profiles` (`user_id`, `gender`, `birthday`, `photo_id`, `created_at`, `hometown`) VALUES ('779', 'f', '2017-06-25', '73', '1970-04-17 02:14:46', NULL);
INSERT INTO `profiles` (`user_id`, `gender`, `birthday`, `photo_id`, `created_at`, `hometown`) VALUES ('783', 'm', '2002-03-29', '74', '1987-08-31 00:21:20', NULL);
INSERT INTO `profiles` (`user_id`, `gender`, `birthday`, `photo_id`, `created_at`, `hometown`) VALUES ('784', 'm', '1974-05-30', '75', '1975-11-02 06:16:45', NULL);
INSERT INTO `profiles` (`user_id`, `gender`, `birthday`, `photo_id`, `created_at`, `hometown`) VALUES ('787', 'f', '2001-07-20', '76', '1981-11-16 22:34:40', NULL);
INSERT INTO `profiles` (`user_id`, `gender`, `birthday`, `photo_id`, `created_at`, `hometown`) VALUES ('793', 'f', '1975-05-16', '77', '2018-09-08 09:55:51', NULL);
INSERT INTO `profiles` (`user_id`, `gender`, `birthday`, `photo_id`, `created_at`, `hometown`) VALUES ('795', 'f', '1994-12-28', '78', '2015-05-02 12:28:13', NULL);
INSERT INTO `profiles` (`user_id`, `gender`, `birthday`, `photo_id`, `created_at`, `hometown`) VALUES ('797', 'f', '1989-09-26', '79', '1987-08-17 03:14:29', NULL);
INSERT INTO `profiles` (`user_id`, `gender`, `birthday`, `photo_id`, `created_at`, `hometown`) VALUES ('803', 'm', '2014-12-31', '80', '1993-08-19 18:32:37', NULL);
INSERT INTO `profiles` (`user_id`, `gender`, `birthday`, `photo_id`, `created_at`, `hometown`) VALUES ('804', 'f', '1975-03-11', '81', '1971-04-28 20:59:11', NULL);
INSERT INTO `profiles` (`user_id`, `gender`, `birthday`, `photo_id`, `created_at`, `hometown`) VALUES ('805', 'f', '1981-03-13', '82', '1986-11-24 21:40:47', NULL);
INSERT INTO `profiles` (`user_id`, `gender`, `birthday`, `photo_id`, `created_at`, `hometown`) VALUES ('807', 'f', '2012-06-12', '83', '1989-11-24 11:52:26', NULL);
INSERT INTO `profiles` (`user_id`, `gender`, `birthday`, `photo_id`, `created_at`, `hometown`) VALUES ('808', 'f', '1975-09-23', '84', '1970-05-05 13:04:57', NULL);
INSERT INTO `profiles` (`user_id`, `gender`, `birthday`, `photo_id`, `created_at`, `hometown`) VALUES ('809', 'f', '1981-10-02', '85', '1976-05-07 07:16:31', NULL);
INSERT INTO `profiles` (`user_id`, `gender`, `birthday`, `photo_id`, `created_at`, `hometown`) VALUES ('810', 'm', '1984-01-28', '86', '2008-07-01 10:51:48', NULL);
INSERT INTO `profiles` (`user_id`, `gender`, `birthday`, `photo_id`, `created_at`, `hometown`) VALUES ('812', 'm', '1992-03-10', '87', '1972-02-27 06:59:53', NULL);
INSERT INTO `profiles` (`user_id`, `gender`, `birthday`, `photo_id`, `created_at`, `hometown`) VALUES ('814', 'f', '2010-12-27', '88', '2003-05-16 03:22:54', NULL);
INSERT INTO `profiles` (`user_id`, `gender`, `birthday`, `photo_id`, `created_at`, `hometown`) VALUES ('819', 'f', '1988-08-10', '89', '1991-11-10 20:05:28', NULL);
INSERT INTO `profiles` (`user_id`, `gender`, `birthday`, `photo_id`, `created_at`, `hometown`) VALUES ('820', 'm', '2017-04-24', '90', '1989-10-05 19:29:03', NULL);
INSERT INTO `profiles` (`user_id`, `gender`, `birthday`, `photo_id`, `created_at`, `hometown`) VALUES ('821', 'm', '2009-04-01', '91', '2015-01-18 16:02:35', NULL);
INSERT INTO `profiles` (`user_id`, `gender`, `birthday`, `photo_id`, `created_at`, `hometown`) VALUES ('822', 'm', '1975-12-07', '92', '1996-10-15 01:01:59', NULL);
INSERT INTO `profiles` (`user_id`, `gender`, `birthday`, `photo_id`, `created_at`, `hometown`) VALUES ('824', 'f', '2010-03-02', '93', '1982-11-19 05:24:04', NULL);
INSERT INTO `profiles` (`user_id`, `gender`, `birthday`, `photo_id`, `created_at`, `hometown`) VALUES ('828', 'm', '1983-03-22', '94', '1997-01-11 11:34:55', NULL);
INSERT INTO `profiles` (`user_id`, `gender`, `birthday`, `photo_id`, `created_at`, `hometown`) VALUES ('830', 'f', '2009-12-25', '95', '1971-02-17 16:55:01', NULL);
INSERT INTO `profiles` (`user_id`, `gender`, `birthday`, `photo_id`, `created_at`, `hometown`) VALUES ('832', 'f', '1973-05-09', '96', '1983-09-26 15:31:48', NULL);
INSERT INTO `profiles` (`user_id`, `gender`, `birthday`, `photo_id`, `created_at`, `hometown`) VALUES ('834', 'm', '2004-02-24', '97', '2016-06-08 05:41:37', NULL);
INSERT INTO `profiles` (`user_id`, `gender`, `birthday`, `photo_id`, `created_at`, `hometown`) VALUES ('835', 'f', '2020-11-25', '98', '2001-09-08 22:47:38', NULL);
INSERT INTO `profiles` (`user_id`, `gender`, `birthday`, `photo_id`, `created_at`, `hometown`) VALUES ('838', 'm', '2015-03-22', '99', '2010-10-08 09:13:30', NULL);
INSERT INTO `profiles` (`user_id`, `gender`, `birthday`, `photo_id`, `created_at`, `hometown`) VALUES ('839', 'm', '1979-07-19', '100', '2002-02-07 09:36:09', NULL);


#
# TABLE STRUCTURE FOR: users
#

DROP TABLE IF EXISTS `users`;

CREATE TABLE `users` (
  `id` bigint(20) unsigned NOT NULL AUTO_INCREMENT,
  `firstname` varchar(50) COLLATE utf8mb4_unicode_ci DEFAULT NULL,
  `lastname` varchar(50) COLLATE utf8mb4_unicode_ci DEFAULT NULL COMMENT '',
  `email` varchar(120) COLLATE utf8mb4_unicode_ci DEFAULT NULL,
  `password_hash` varchar(100) COLLATE utf8mb4_unicode_ci DEFAULT NULL,
  `phone` bigint(20) unsigned DEFAULT NULL,
  PRIMARY KEY (`id`),
  UNIQUE KEY `email` (`email`),
  UNIQUE KEY `phone` (`phone`),
  KEY `users_firstname_lastname_idx` (`firstname`,`lastname`)
) ENGINE=InnoDB AUTO_INCREMENT=1001 DEFAULT CHARSET=utf8mb4 COLLATE=utf8mb4_unicode_ci COMMENT='';

INSERT INTO `users` (`id`, `firstname`, `lastname`, `email`, `password_hash`, `phone`) VALUES ('501', 'Hertha', 'Gulgowski', 'eleanore53@example.org', 'a06c775b047dc6c01abb6ee098c8da91c79beaad', '811793');
INSERT INTO `users` (`id`, `firstname`, `lastname`, `email`, `password_hash`, `phone`) VALUES ('502', 'Evie', 'Senger', 'shaniya67@example.org', '2bd7a0eb1e40b888e505a9d1c30204cb6e6441da', '1');
INSERT INTO `users` (`id`, `firstname`, `lastname`, `email`, `password_hash`, `phone`) VALUES ('503', 'Aletha', 'Kiehn', 'connelly.brendan@example.net', '4e1c9eb680dbca2ce4a7f185a9745afd7aff57a2', '0');
INSERT INTO `users` (`id`, `firstname`, `lastname`, `email`, `password_hash`, `phone`) VALUES ('504', 'Boyd', 'Hansen', 'aswift@example.net', '07beb99f72ccde9541a81a77404b4f7e96ec8bcf', '1368');
INSERT INTO `users` (`id`, `firstname`, `lastname`, `email`, `password_hash`, `phone`) VALUES ('505', 'Joshua', 'Hane', 'kiarra69@example.com', 'a7eefcc9fb90def936bd971288a91210e39fad79', '927256');
INSERT INTO `users` (`id`, `firstname`, `lastname`, `email`, `password_hash`, `phone`) VALUES ('507', 'Garrick', 'Waters', 'marjorie04@example.org', '5a389a02475a386c936ad3dcfa50072cd2051980', '95');
INSERT INTO `users` (`id`, `firstname`, `lastname`, `email`, `password_hash`, `phone`) VALUES ('509', 'Sonya', 'Cummerata', 'mshields@example.com', '1759f989b4cee871ab8525f34719dbb5d05e13a3', '543282');
INSERT INTO `users` (`id`, `firstname`, `lastname`, `email`, `password_hash`, `phone`) VALUES ('510', 'Pattie', 'Rogahn', 'wcartwright@example.org', '669957d3762a56d94cc1c534c76b1adb4f229614', '31');
INSERT INTO `users` (`id`, `firstname`, `lastname`, `email`, `password_hash`, `phone`) VALUES ('511', 'Rolando', 'Anderson', 'miles51@example.com', '60e983f83d7cb4c2e317b485bb8e7f38ad33d6c5', '892');
INSERT INTO `users` (`id`, `firstname`, `lastname`, `email`, `password_hash`, `phone`) VALUES ('512', 'Kaylee', 'Koch', 'mo\'connell@example.org', '06fc430b24664bce7d0058abc4144c137bf2faeb', '579');
INSERT INTO `users` (`id`, `firstname`, `lastname`, `email`, `password_hash`, `phone`) VALUES ('513', 'Hillary', 'Connelly', 'erussel@example.org', 'd8247940d39b354daf44dac33701f907cb94bcbd', '60376');
INSERT INTO `users` (`id`, `firstname`, `lastname`, `email`, `password_hash`, `phone`) VALUES ('515', 'Kayli', 'Cole', 'breitenberg.elisha@example.org', 'c7c280a56a4fe0081709beab0a94b1c10520b5e0', '619');
INSERT INTO `users` (`id`, `firstname`, `lastname`, `email`, `password_hash`, `phone`) VALUES ('516', 'Gabrielle', 'Balistreri', 'little.freeda@example.org', 'fbbffc06198553f4984e94450b3d602f572132d7', '492840');
INSERT INTO `users` (`id`, `firstname`, `lastname`, `email`, `password_hash`, `phone`) VALUES ('518', 'Bennie', 'Kautzer', 'mcassin@example.com', 'e956c8630e9edaa0512f55022313220ccb2bfc5b', '601');
INSERT INTO `users` (`id`, `firstname`, `lastname`, `email`, `password_hash`, `phone`) VALUES ('519', 'Cristopher', 'Hoeger', 'legros.lura@example.com', 'ac003cc63ac8084e8f97657f94c1632adb17bfe0', '32940');
INSERT INTO `users` (`id`, `firstname`, `lastname`, `email`, `password_hash`, `phone`) VALUES ('520', 'Cordell', 'Buckridge', 'ybechtelar@example.com', '8274a76c60f86ac2553ba517583e984fb0a13fd5', '73');
INSERT INTO `users` (`id`, `firstname`, `lastname`, `email`, `password_hash`, `phone`) VALUES ('522', 'Jackson', 'Yundt', 'lillian48@example.net', 'bbec7742cbcbb14dc62f7ead0a444c5151ffabe8', '33');
INSERT INTO `users` (`id`, `firstname`, `lastname`, `email`, `password_hash`, `phone`) VALUES ('523', 'Camilla', 'Weber', 'addison45@example.com', '1b94706fa6b2cabe9fc5553b6dcda61d7da415ec', '707086');
INSERT INTO `users` (`id`, `firstname`, `lastname`, `email`, `password_hash`, `phone`) VALUES ('530', 'Sarina', 'Ebert', 'wbeahan@example.org', '2ba574addcb3f8591a493c21bbba03a10f56a6f4', '255343');
INSERT INTO `users` (`id`, `firstname`, `lastname`, `email`, `password_hash`, `phone`) VALUES ('532', 'Newell', 'Klein', 'keyon.spinka@example.net', '1f875bee261c471702c8a03341deccc2251d225e', '730088');
INSERT INTO `users` (`id`, `firstname`, `lastname`, `email`, `password_hash`, `phone`) VALUES ('533', 'Johann', 'Gislason', 'rmckenzie@example.net', '14db52b2e9b711366a27eec3b2d01c860d3251ec', '395');
INSERT INTO `users` (`id`, `firstname`, `lastname`, `email`, `password_hash`, `phone`) VALUES ('534', 'Dena', 'Abbott', 'tony.botsford@example.net', '2dde6735f890fd3d8df648abe08f213707ffa09f', '311');
INSERT INTO `users` (`id`, `firstname`, `lastname`, `email`, `password_hash`, `phone`) VALUES ('537', 'Norwood', 'Berge', 'esperanza.schneider@example.net', '1b8193db2d446b294ad303ac29ba102082e5de72', '22');
INSERT INTO `users` (`id`, `firstname`, `lastname`, `email`, `password_hash`, `phone`) VALUES ('538', 'Ima', 'Hackett', 'leanne08@example.net', '5740d4d3c756e01fe046655090ac05eeb0819b32', '928');
INSERT INTO `users` (`id`, `firstname`, `lastname`, `email`, `password_hash`, `phone`) VALUES ('539', 'Rose', 'Franecki', 'pemard@example.org', '0787aa11834b19f1aafd1cf937cbbf40bf87288d', '960');
INSERT INTO `users` (`id`, `firstname`, `lastname`, `email`, `password_hash`, `phone`) VALUES ('542', 'Ephraim', 'Schumm', 'nathanael.gerlach@example.com', 'f67cc687bf355a3fc1b2ef9c800e9186c03952f4', '754');
INSERT INTO `users` (`id`, `firstname`, `lastname`, `email`, `password_hash`, `phone`) VALUES ('543', 'Lucienne', 'Grady', 'javon19@example.org', '857bb9bb6519c0c0b16ba96ca23ad94ddc32c1f4', '81');
INSERT INTO `users` (`id`, `firstname`, `lastname`, `email`, `password_hash`, `phone`) VALUES ('546', 'Abraham', 'McLaughlin', 'dylan50@example.com', '39194373b956e5efec6f3b90f72cfddc3047f022', '184');
INSERT INTO `users` (`id`, `firstname`, `lastname`, `email`, `password_hash`, `phone`) VALUES ('547', 'Adam', 'Nienow', 'mhegmann@example.net', '927d04335dc393b7883329b7feeca47b879970b4', '456899');
INSERT INTO `users` (`id`, `firstname`, `lastname`, `email`, `password_hash`, `phone`) VALUES ('548', 'Velda', 'Waelchi', 'faustino50@example.com', '4b622134688897a4fcf272cd2d478d785ae40f8a', '3');
INSERT INTO `users` (`id`, `firstname`, `lastname`, `email`, `password_hash`, `phone`) VALUES ('549', 'Joe', 'Dickinson', 'rau.abdullah@example.net', '4da6b548f704e0951b45c83387bc41e00f6c9623', '406825');
INSERT INTO `users` (`id`, `firstname`, `lastname`, `email`, `password_hash`, `phone`) VALUES ('550', 'Kailyn', 'Sanford', 'elizabeth25@example.org', '8474e431295deb797177ed29f85d091a56eb4bcb', '563');
INSERT INTO `users` (`id`, `firstname`, `lastname`, `email`, `password_hash`, `phone`) VALUES ('552', 'Ernestine', 'Bahringer', 'heathcote.alfonzo@example.org', '0804dff10bb6aa2b5788e7ce0832e3f556c28b51', '528');
INSERT INTO `users` (`id`, `firstname`, `lastname`, `email`, `password_hash`, `phone`) VALUES ('554', 'Sibyl', 'Fahey', 'leanna.farrell@example.com', '149bf9f5c97a9b6d71a77e39a17de181cc56d57f', '198303');
INSERT INTO `users` (`id`, `firstname`, `lastname`, `email`, `password_hash`, `phone`) VALUES ('555', 'Damien', 'Morar', 'rachael90@example.org', '61e552a7320adb7ca070b8b205129281635b8c53', '4098399741');
INSERT INTO `users` (`id`, `firstname`, `lastname`, `email`, `password_hash`, `phone`) VALUES ('559', 'Gussie', 'Bradtke', 'casey98@example.org', 'cb62cf05686cae051ea663793e1a2f30c3d89a51', '444071');
INSERT INTO `users` (`id`, `firstname`, `lastname`, `email`, `password_hash`, `phone`) VALUES ('561', 'Emile', 'Heidenreich', 'hermann.irving@example.net', 'd7ecccbb00ef7d8ae9bdf0349c73ce909d065eaf', '79');
INSERT INTO `users` (`id`, `firstname`, `lastname`, `email`, `password_hash`, `phone`) VALUES ('564', 'Lucie', 'Watsica', 'hilpert.kiel@example.org', '5231408033dd80093c499783401ae742a5f72e75', '283');
INSERT INTO `users` (`id`, `firstname`, `lastname`, `email`, `password_hash`, `phone`) VALUES ('565', 'Ona', 'Wolff', 'bednar.kim@example.net', '0f167db596bf3d9d308faa653e50f7313d060889', '349');
INSERT INTO `users` (`id`, `firstname`, `lastname`, `email`, `password_hash`, `phone`) VALUES ('566', 'Judy', 'Runte', 'earnestine48@example.com', '35e8501ff6dca8ec82979f7344385e0fe0a6939d', '217638009');
INSERT INTO `users` (`id`, `firstname`, `lastname`, `email`, `password_hash`, `phone`) VALUES ('568', 'Blaise', 'Koch', 'elsie.fahey@example.com', '244c565905d9337dad50000477503cee99f601d0', '326');
INSERT INTO `users` (`id`, `firstname`, `lastname`, `email`, `password_hash`, `phone`) VALUES ('569', 'Jonathan', 'D\'Amore', 'name57@example.net', '07a32eca4c6939b2bf4ae2d9b41d54373c61b1de', '2211686139');
INSERT INTO `users` (`id`, `firstname`, `lastname`, `email`, `password_hash`, `phone`) VALUES ('570', 'Antwon', 'Hessel', 'wschiller@example.net', 'a7169ebc56c9f1e95a77fd77bec62f63170ad35a', '90');
INSERT INTO `users` (`id`, `firstname`, `lastname`, `email`, `password_hash`, `phone`) VALUES ('571', 'Mattie', 'Bechtelar', 'schultz.burley@example.net', '6150a6d9d7c3fe17266a483bc0480bcee39d12bd', '328');
INSERT INTO `users` (`id`, `firstname`, `lastname`, `email`, `password_hash`, `phone`) VALUES ('572', 'Katlynn', 'Wyman', 'strosin.shaniya@example.com', '744240637123940b2b95c86349b53cf51a645008', '994306');
INSERT INTO `users` (`id`, `firstname`, `lastname`, `email`, `password_hash`, `phone`) VALUES ('574', 'Phoebe', 'Kuhic', 'gcummings@example.org', '2e270526130107b2f8da97a3e3e056174a4e01a2', '826');
INSERT INTO `users` (`id`, `firstname`, `lastname`, `email`, `password_hash`, `phone`) VALUES ('575', 'Amiya', 'Ortiz', 'nmosciski@example.org', 'e47136ce5296707c578b0f4fede50a113633c502', '856193');
INSERT INTO `users` (`id`, `firstname`, `lastname`, `email`, `password_hash`, `phone`) VALUES ('578', 'Rubye', 'Cormier', 'beatty.joaquin@example.net', '74d5fa3a383c565527b4c662fb92111f1e0ac78b', '533246');
INSERT INTO `users` (`id`, `firstname`, `lastname`, `email`, `password_hash`, `phone`) VALUES ('580', 'Laverne', 'Gaylord', 'rcarter@example.org', '4b097dfc1dc9a775d2c75f41a2d35cfb3d743632', '366018');
INSERT INTO `users` (`id`, `firstname`, `lastname`, `email`, `password_hash`, `phone`) VALUES ('582', 'Hillary', 'Cartwright', 'lewis.hoppe@example.net', 'c96a7c794329a8bd586779ab6eafbb781c64f580', '505475');
INSERT INTO `users` (`id`, `firstname`, `lastname`, `email`, `password_hash`, `phone`) VALUES ('583', 'Cecelia', 'Quitzon', 'elsa30@example.org', '7cd4372fb48ea1f3e141d8695ad7741c673beb5b', '9836');
INSERT INTO `users` (`id`, `firstname`, `lastname`, `email`, `password_hash`, `phone`) VALUES ('584', 'Assunta', 'Schimmel', 'waelchi.theo@example.net', '050886cc2ea24e86988f2e8c7bf5d5eb0cc04e7e', '651');
INSERT INTO `users` (`id`, `firstname`, `lastname`, `email`, `password_hash`, `phone`) VALUES ('585', 'Dale', 'Kuvalis', 'beier.darryl@example.com', 'b546fe8f440e41190fb19115b008ef5adbdc76d1', '398543');
INSERT INTO `users` (`id`, `firstname`, `lastname`, `email`, `password_hash`, `phone`) VALUES ('586', 'Hailie', 'McKenzie', 'mann.madeline@example.org', 'ea88a9ba831f0e0cb574564ed82c8a2f8cda122a', '30');
INSERT INTO `users` (`id`, `firstname`, `lastname`, `email`, `password_hash`, `phone`) VALUES ('587', 'Delaney', 'Reichert', 'mgottlieb@example.org', '93bff7c27778a337b2c1f3c46223d04729ac8e5e', '641');
INSERT INTO `users` (`id`, `firstname`, `lastname`, `email`, `password_hash`, `phone`) VALUES ('588', 'Kelvin', 'Tillman', 'dale44@example.org', 'c7fdd2960cb580712aacc625e6953ac180d35e1b', '974807');
INSERT INTO `users` (`id`, `firstname`, `lastname`, `email`, `password_hash`, `phone`) VALUES ('590', 'Reece', 'Padberg', 'justine.eichmann@example.org', '7809bdd43030023ec61a8d5d2087aac8c6ee9b1d', '498');
INSERT INTO `users` (`id`, `firstname`, `lastname`, `email`, `password_hash`, `phone`) VALUES ('591', 'Fredy', 'Konopelski', 'crist.jace@example.net', '9cec8499c17e7ca134d7f7373f3bf2e21eadbf69', '41');
INSERT INTO `users` (`id`, `firstname`, `lastname`, `email`, `password_hash`, `phone`) VALUES ('595', 'Joy', 'Feeney', 'chadd.beer@example.com', 'c60497e38be08459eb396ec8e0aa5661ab5cfbfb', '933');
INSERT INTO `users` (`id`, `firstname`, `lastname`, `email`, `password_hash`, `phone`) VALUES ('596', 'Augustus', 'West', 'lamont.cronin@example.net', 'a31c43c6edbdd8dd59564f95c47e9e1553477e6e', '583079');
INSERT INTO `users` (`id`, `firstname`, `lastname`, `email`, `password_hash`, `phone`) VALUES ('597', 'Dennis', 'Ward', 'lane31@example.org', '0d20ad8da3de18569c6f2243cc1d2c8d797a2cdf', '64');
INSERT INTO `users` (`id`, `firstname`, `lastname`, `email`, `password_hash`, `phone`) VALUES ('598', 'Kaylin', 'Weimann', 'rau.syble@example.net', '4c16245426ac6032e8f57e11609eef5b6fdd646a', '970');
INSERT INTO `users` (`id`, `firstname`, `lastname`, `email`, `password_hash`, `phone`) VALUES ('601', 'Vickie', 'Cartwright', 'predovic.abbey@example.net', 'b5c31bfc380652284fe4a89a7d8a2b90f74deab7', '649');
INSERT INTO `users` (`id`, `firstname`, `lastname`, `email`, `password_hash`, `phone`) VALUES ('603', 'Rosalia', 'Thompson', 'sydnie95@example.com', '63bed9a2840da4a140f8b0c9e02f20d0f46ce67c', '472503');
INSERT INTO `users` (`id`, `firstname`, `lastname`, `email`, `password_hash`, `phone`) VALUES ('605', 'Chet', 'Stracke', 'emard.marty@example.org', 'ee40ed1194a8a25b894f32f1dbc523483d197a9b', '207637');
INSERT INTO `users` (`id`, `firstname`, `lastname`, `email`, `password_hash`, `phone`) VALUES ('607', 'Kaelyn', 'Watsica', 'raoul39@example.com', '2ae3f5c73e33b29089c3802e4e0f482d09185283', '506');
INSERT INTO `users` (`id`, `firstname`, `lastname`, `email`, `password_hash`, `phone`) VALUES ('610', 'Brice', 'Mraz', 'morar.zoie@example.net', 'eb6d2dd2bd4424d0f864d0512b34c147d79adfbe', '56148');
INSERT INTO `users` (`id`, `firstname`, `lastname`, `email`, `password_hash`, `phone`) VALUES ('611', 'Rowan', 'Hilll', 'lauretta45@example.org', '55adf749045229d47e6d86dd6d5738aa18a79f30', '694975');
INSERT INTO `users` (`id`, `firstname`, `lastname`, `email`, `password_hash`, `phone`) VALUES ('612', 'Jarred', 'Langworth', 'osbaldo.quitzon@example.net', '7a1513fe59bc887cafef13366f4cf5bbf31507c7', '61');
INSERT INTO `users` (`id`, `firstname`, `lastname`, `email`, `password_hash`, `phone`) VALUES ('614', 'Jamil', 'Considine', 'wiegand.brendan@example.com', 'c4966576efe620d8d78f530ae9c33cd7c7970836', '147');
INSERT INTO `users` (`id`, `firstname`, `lastname`, `email`, `password_hash`, `phone`) VALUES ('616', 'Ruthie', 'Quitzon', 'fbergnaum@example.org', '9f739438caaf7336dd706507bba8fb2ab571dba5', '59503');
INSERT INTO `users` (`id`, `firstname`, `lastname`, `email`, `password_hash`, `phone`) VALUES ('617', 'Kyla', 'Farrell', 'anderson.weimann@example.org', 'e141b0239875a8add4107be6460dc195339abe49', '990');
INSERT INTO `users` (`id`, `firstname`, `lastname`, `email`, `password_hash`, `phone`) VALUES ('618', 'Antonio', 'Ryan', 'gshields@example.com', '078f9407bdacbe264201975096351af63ea94159', '189728');
INSERT INTO `users` (`id`, `firstname`, `lastname`, `email`, `password_hash`, `phone`) VALUES ('620', 'Brendan', 'Nienow', 'romaine.west@example.com', '48655b55a371bec99da5a114310e256b407a7b9e', '492');
INSERT INTO `users` (`id`, `firstname`, `lastname`, `email`, `password_hash`, `phone`) VALUES ('621', 'Millie', 'Cronin', 'xbogan@example.com', '5007d88e1b2bb80f705fa20e68233fd26c76f891', '14493');
INSERT INTO `users` (`id`, `firstname`, `lastname`, `email`, `password_hash`, `phone`) VALUES ('622', 'Carli', 'Bode', 'jamie.langworth@example.com', '3764d836ad56cf4007d5c6aa1b18893d0fb58011', '994780');
INSERT INTO `users` (`id`, `firstname`, `lastname`, `email`, `password_hash`, `phone`) VALUES ('627', 'Johnson', 'Cole', 'king.annabell@example.org', '7589fa5ae6a910e87b276b9705a1c77559d811a7', '213060');
INSERT INTO `users` (`id`, `firstname`, `lastname`, `email`, `password_hash`, `phone`) VALUES ('631', 'Devon', 'Cummings', 'glennie.powlowski@example.net', '7a5f085cfa3349777ef6797eb981fadb310ced78', '48440');
INSERT INTO `users` (`id`, `firstname`, `lastname`, `email`, `password_hash`, `phone`) VALUES ('633', 'Sincere', 'Nader', 'kyle.christiansen@example.com', '7380c6d93467579fcb4524c8c6ba0d45dfea1a89', '39');
INSERT INTO `users` (`id`, `firstname`, `lastname`, `email`, `password_hash`, `phone`) VALUES ('635', 'Rosalind', 'Wiegand', 'dell.dickens@example.net', '592b90758d58dd369585ba5638fd1c1e22b73e9a', '864213');
INSERT INTO `users` (`id`, `firstname`, `lastname`, `email`, `password_hash`, `phone`) VALUES ('638', 'Liliane', 'Jaskolski', 'lilla.hermann@example.org', '8bc62b28518ec8f94fd70dc6f1319a0ecc4b911b', '87');
INSERT INTO `users` (`id`, `firstname`, `lastname`, `email`, `password_hash`, `phone`) VALUES ('639', 'Esmeralda', 'White', 'schimmel.vernie@example.net', 'a96b999d8d96f5022592ab9089aaf4b8d83a92e0', '375');
INSERT INTO `users` (`id`, `firstname`, `lastname`, `email`, `password_hash`, `phone`) VALUES ('640', 'Jolie', 'Veum', 'homenick.marjorie@example.org', '56a388019852863c8620dad529751501d5886ee7', '925');
INSERT INTO `users` (`id`, `firstname`, `lastname`, `email`, `password_hash`, `phone`) VALUES ('641', 'Brendon', 'Bergnaum', 'wwhite@example.net', 'a14d032211452e449592cb42e952994ac952fc3a', '2034452306');
INSERT INTO `users` (`id`, `firstname`, `lastname`, `email`, `password_hash`, `phone`) VALUES ('645', 'Erica', 'Shields', 'anna.mueller@example.net', 'cc79979657dbaf567a84206d4492e973c5d5c039', '345090');
INSERT INTO `users` (`id`, `firstname`, `lastname`, `email`, `password_hash`, `phone`) VALUES ('647', 'Nelda', 'Champlin', 'walter.kaylin@example.org', '4b552be57043a9e077ef108f58d3130149577b0d', '704');
INSERT INTO `users` (`id`, `firstname`, `lastname`, `email`, `password_hash`, `phone`) VALUES ('648', 'Mabelle', 'Johnson', 'ckris@example.net', '7d2c926a6887c0ed8f04d0871ce14bfde134af80', '801');
INSERT INTO `users` (`id`, `firstname`, `lastname`, `email`, `password_hash`, `phone`) VALUES ('649', 'Manuel', 'Satterfield', 'bill.conn@example.net', 'cf6a3c1598036bbbe39a5563d28d00051c509019', '82');
INSERT INTO `users` (`id`, `firstname`, `lastname`, `email`, `password_hash`, `phone`) VALUES ('650', 'Kendall', 'Kovacek', 'rae.nader@example.org', 'b9c9cfb493eadab8887550b00292ee0b64e6d00d', '5903450415');
INSERT INTO `users` (`id`, `firstname`, `lastname`, `email`, `password_hash`, `phone`) VALUES ('651', 'Justina', 'Rohan', 'bayer.ardith@example.org', '15d9c8517941faa20c36b73e77cab01f0e026e01', '66');
INSERT INTO `users` (`id`, `firstname`, `lastname`, `email`, `password_hash`, `phone`) VALUES ('652', 'Cheyenne', 'Hodkiewicz', 'medhurst.myrtie@example.com', 'f224ae84702922c336088a42dc8274dc9859310d', '81603');
INSERT INTO `users` (`id`, `firstname`, `lastname`, `email`, `password_hash`, `phone`) VALUES ('654', 'Adeline', 'Cassin', 'harry40@example.com', '88a02414d01abc54d9a76f0b3b77216226067f8e', '771');
INSERT INTO `users` (`id`, `firstname`, `lastname`, `email`, `password_hash`, `phone`) VALUES ('655', 'Hardy', 'Baumbach', 'domingo61@example.net', 'b4ebecdfc9a6f31f8bf44fb8d0e40e05da3afff4', '207');
INSERT INTO `users` (`id`, `firstname`, `lastname`, `email`, `password_hash`, `phone`) VALUES ('656', 'Norris', 'DuBuque', 'tess.strosin@example.org', '8236ca1b5fb88006f4aedad285abd75e8ea97804', '676');
INSERT INTO `users` (`id`, `firstname`, `lastname`, `email`, `password_hash`, `phone`) VALUES ('657', 'Grant', 'Lowe', 'archibald47@example.org', '94492a7422ebc48f1902739dfd284a750075b4a1', '269');
INSERT INTO `users` (`id`, `firstname`, `lastname`, `email`, `password_hash`, `phone`) VALUES ('659', 'Porter', 'Smith', 'otto40@example.net', '5afdd0b99265bba5b1cc66f5e7d510d8cb666af7', '137');
INSERT INTO `users` (`id`, `firstname`, `lastname`, `email`, `password_hash`, `phone`) VALUES ('660', 'Jasen', 'Schultz', 'gerhold.dorothy@example.org', 'c24711a78541b804618f6d8843702c73b7a3f30b', '849171');
INSERT INTO `users` (`id`, `firstname`, `lastname`, `email`, `password_hash`, `phone`) VALUES ('661', 'Jules', 'Sipes', 'madyson25@example.com', '8d402143c460b5ad123b6fea9f351d7823c82eeb', '93890');
INSERT INTO `users` (`id`, `firstname`, `lastname`, `email`, `password_hash`, `phone`) VALUES ('662', 'Jerome', 'Koss', 'gavin02@example.net', 'd356f7cb592407c31f1d1a48eea2b2daf2573f66', '122296');
INSERT INTO `users` (`id`, `firstname`, `lastname`, `email`, `password_hash`, `phone`) VALUES ('664', 'Billie', 'VonRueden', 'htillman@example.com', '058e73f59501cbd5e8b63aa6015ad9ee7d8050dd', '900678');
INSERT INTO `users` (`id`, `firstname`, `lastname`, `email`, `password_hash`, `phone`) VALUES ('666', 'Okey', 'Hansen', 'jerel.schoen@example.net', 'c110ee1be994a4cd2153502eb14b0a403ed45fc2', '665');
INSERT INTO `users` (`id`, `firstname`, `lastname`, `email`, `password_hash`, `phone`) VALUES ('669', 'Dillon', 'Reilly', 'laury85@example.net', 'f46dd891a078cf1c90414bf04056c0426aeadb31', '190');
INSERT INTO `users` (`id`, `firstname`, `lastname`, `email`, `password_hash`, `phone`) VALUES ('670', 'Hilton', 'Gislason', 'dschmeler@example.com', '144098b0a855d4421d25617efc4a65120b90fc04', '212141');
INSERT INTO `users` (`id`, `firstname`, `lastname`, `email`, `password_hash`, `phone`) VALUES ('671', 'Angelica', 'Satterfield', 'dana06@example.org', 'bc95a4d16fa55f89ae22094ea8ed15a788194ec0', '44');
INSERT INTO `users` (`id`, `firstname`, `lastname`, `email`, `password_hash`, `phone`) VALUES ('673', 'Felton', 'Rosenbaum', 'mlueilwitz@example.com', '947934ea521badfa42262741dd76d81538cbfc0e', '373637');
INSERT INTO `users` (`id`, `firstname`, `lastname`, `email`, `password_hash`, `phone`) VALUES ('674', 'Wyman', 'Reynolds', 'hiram.cassin@example.com', '1cbc751e636d8f23ccd9c29666a9cfb3f74b7407', '4198487572');
INSERT INTO `users` (`id`, `firstname`, `lastname`, `email`, `password_hash`, `phone`) VALUES ('675', 'Roderick', 'Kling', 'addie.fay@example.com', 'efe5a3375344fbc79dab79fa83068b49a7b633a3', '812649');
INSERT INTO `users` (`id`, `firstname`, `lastname`, `email`, `password_hash`, `phone`) VALUES ('676', 'Emilie', 'Schamberger', 'neal51@example.com', '2c2c7ea5b7d6721e234cd75b83b9428a836fdef4', '23');
INSERT INTO `users` (`id`, `firstname`, `lastname`, `email`, `password_hash`, `phone`) VALUES ('678', 'Lucy', 'Abshire', 'xfriesen@example.org', 'b37495736754c03fd53e77ef9445c909a9de7f12', '36');
INSERT INTO `users` (`id`, `firstname`, `lastname`, `email`, `password_hash`, `phone`) VALUES ('680', 'Osbaldo', 'Ortiz', 'adalberto45@example.com', '63777d34108253f8b48ea9134fbd55d68901fb2a', '89');
INSERT INTO `users` (`id`, `firstname`, `lastname`, `email`, `password_hash`, `phone`) VALUES ('681', 'Geovany', 'Boehm', 'kiehn.noemi@example.com', 'b3855051daeb3cf996a1183bc2253feec22c5ed8', '522');
INSERT INTO `users` (`id`, `firstname`, `lastname`, `email`, `password_hash`, `phone`) VALUES ('683', 'Dexter', 'Rippin', 'elva.swaniawski@example.org', 'e81e2a70000832e34d154047e79bff51e9f38681', '339');
INSERT INTO `users` (`id`, `firstname`, `lastname`, `email`, `password_hash`, `phone`) VALUES ('684', 'Mariano', 'Grady', 'zhuels@example.org', '50d08fd65deffab1f6a02cdedbacdb257197b402', '538');
INSERT INTO `users` (`id`, `firstname`, `lastname`, `email`, `password_hash`, `phone`) VALUES ('685', 'Jammie', 'Bernier', 'gracie44@example.org', '5fe9e9e102bfa4d4cfaec34e37cecb28c84739ea', '772');
INSERT INTO `users` (`id`, `firstname`, `lastname`, `email`, `password_hash`, `phone`) VALUES ('686', 'Maybell', 'Kling', 'parker.jairo@example.org', '719242e672c5bdbc2ea6623523daeca50150fdeb', '22947');
INSERT INTO `users` (`id`, `firstname`, `lastname`, `email`, `password_hash`, `phone`) VALUES ('687', 'Pete', 'Kilback', 'laura.hamill@example.org', '841be1f061114d4bccd8b4a78bb4b5c00eaa9aba', '503599');
INSERT INTO `users` (`id`, `firstname`, `lastname`, `email`, `password_hash`, `phone`) VALUES ('688', 'Mazie', 'Beier', 'maddison83@example.net', '3b2f68135895b7cc45d68e3ebc502cc265587a71', '317957');
INSERT INTO `users` (`id`, `firstname`, `lastname`, `email`, `password_hash`, `phone`) VALUES ('689', 'Bernita', 'Hilpert', 'vdonnelly@example.com', '11d95129b8d9fc4d2e763f374195a0522d6b8217', '87839');
INSERT INTO `users` (`id`, `firstname`, `lastname`, `email`, `password_hash`, `phone`) VALUES ('692', 'Jovani', 'Corwin', 'tkeebler@example.net', '01e29aec7ddba1163707a73cd50b366d71e28ad4', '188128');
INSERT INTO `users` (`id`, `firstname`, `lastname`, `email`, `password_hash`, `phone`) VALUES ('694', 'Julianne', 'Pollich', 'bbayer@example.net', '11962c266b00a12070c7ff780ea9b01f7ad7dea7', '86900');
INSERT INTO `users` (`id`, `firstname`, `lastname`, `email`, `password_hash`, `phone`) VALUES ('695', 'Lydia', 'Monahan', 'fo\'keefe@example.com', '4fdcb4810e7c13af4176fdda63a69732d45812d6', '4676935382');
INSERT INTO `users` (`id`, `firstname`, `lastname`, `email`, `password_hash`, `phone`) VALUES ('696', 'Clemens', 'Carter', 'koch.myrtie@example.com', 'bb7cd2b2bf3b14cb041b4c0b76da596adf243370', '8584057800');
INSERT INTO `users` (`id`, `firstname`, `lastname`, `email`, `password_hash`, `phone`) VALUES ('698', 'Salvatore', 'Ullrich', 'erna45@example.com', '9f90177e83f7d20930524c4c5454ecc9c4865fa1', '333599');
INSERT INTO `users` (`id`, `firstname`, `lastname`, `email`, `password_hash`, `phone`) VALUES ('699', 'Ida', 'Weissnat', 'akiehn@example.com', '48c3f882baec821725fe863078d9e766beef0dde', '457');
INSERT INTO `users` (`id`, `firstname`, `lastname`, `email`, `password_hash`, `phone`) VALUES ('700', 'Flossie', 'Conroy', 'eldora47@example.org', '71bdfb67440be587f2cff9bb9f1dfd6efebdb5fc', '292');
INSERT INTO `users` (`id`, `firstname`, `lastname`, `email`, `password_hash`, `phone`) VALUES ('702', 'Shyanne', 'Monahan', 'reichel.terrell@example.net', 'c3161ec719227a749178ca54ad747b10b86076a7', '631683');
INSERT INTO `users` (`id`, `firstname`, `lastname`, `email`, `password_hash`, `phone`) VALUES ('703', 'Hailie', 'Gerlach', 'pat58@example.net', '4b02ae16a105748b5bf05a35e11fdf064991c271', '94290');
INSERT INTO `users` (`id`, `firstname`, `lastname`, `email`, `password_hash`, `phone`) VALUES ('704', 'Agnes', 'Kling', 'owalsh@example.org', '85b1d04244944c96d0e5adc56a60718c303ce7b0', '904846');
INSERT INTO `users` (`id`, `firstname`, `lastname`, `email`, `password_hash`, `phone`) VALUES ('705', 'Norwood', 'Streich', 'pacocha.aaliyah@example.net', '397114ffe177420f8bf148d270580f7bac81e100', '484847');
INSERT INTO `users` (`id`, `firstname`, `lastname`, `email`, `password_hash`, `phone`) VALUES ('707', 'Tiara', 'Marvin', 'mccullough.lea@example.org', '4e6c75acdec45eb5865a4385322a1a0cc5203ffa', '166');
INSERT INTO `users` (`id`, `firstname`, `lastname`, `email`, `password_hash`, `phone`) VALUES ('710', 'Jayde', 'Bruen', 'deron80@example.org', '065e88e84cff9a438d78051cf1863ace330727fd', '530');
INSERT INTO `users` (`id`, `firstname`, `lastname`, `email`, `password_hash`, `phone`) VALUES ('713', 'Lane', 'Heidenreich', 'maureen.predovic@example.net', '2a2302f3166220e8f3c1bf5854851ecff437ea02', '891308');
INSERT INTO `users` (`id`, `firstname`, `lastname`, `email`, `password_hash`, `phone`) VALUES ('714', 'Edwina', 'Weissnat', 'werner.casper@example.com', '58531122077299512f6e7712f30bf514aadadaa5', '75');
INSERT INTO `users` (`id`, `firstname`, `lastname`, `email`, `password_hash`, `phone`) VALUES ('715', 'Jannie', 'Altenwerth', 'evan.ferry@example.com', 'ad300fc7a52d5975bc10a1719ceafffe7abffae3', '676194');
INSERT INTO `users` (`id`, `firstname`, `lastname`, `email`, `password_hash`, `phone`) VALUES ('716', 'Russ', 'McDermott', 'tyshawn21@example.org', '32d4ffe6a654d6756084862e08387172ded6c513', '155');
INSERT INTO `users` (`id`, `firstname`, `lastname`, `email`, `password_hash`, `phone`) VALUES ('717', 'Angelo', 'Wolf', 'sdaugherty@example.net', 'f3a256daebde089accd4edfb0dd022739e88519d', '54');
INSERT INTO `users` (`id`, `firstname`, `lastname`, `email`, `password_hash`, `phone`) VALUES ('718', 'Ervin', 'Marquardt', 'maryjane08@example.com', '45b07e6e360727ff6a097799695fa369f6dbe453', '85');
INSERT INTO `users` (`id`, `firstname`, `lastname`, `email`, `password_hash`, `phone`) VALUES ('719', 'Kurt', 'Schmeler', 'treutel.kip@example.net', '25d5bc3855d2d907fe7c9d5bebf3810c850238e7', '2742354638');
INSERT INTO `users` (`id`, `firstname`, `lastname`, `email`, `password_hash`, `phone`) VALUES ('722', 'Shaniya', 'Dicki', 'considine.glennie@example.net', '3a941a6f26e6599ed8d914c57bd0c686becae132', '99');
INSERT INTO `users` (`id`, `firstname`, `lastname`, `email`, `password_hash`, `phone`) VALUES ('723', 'Jamal', 'Jacobi', 'kerluke.ora@example.com', '43ea1fdcfbe2d4a797e165f8d82bce1f21bc5374', '67');
INSERT INTO `users` (`id`, `firstname`, `lastname`, `email`, `password_hash`, `phone`) VALUES ('725', 'Kale', 'Ortiz', 'roberts.lauryn@example.com', '4caf597f5dc9acb0c3e8d6199828961837537860', '286040');
INSERT INTO `users` (`id`, `firstname`, `lastname`, `email`, `password_hash`, `phone`) VALUES ('727', 'Stefan', 'Cassin', 'danika.pfannerstill@example.net', '48b3a773f77f5c27f91c6843af9f4093b9bef2a8', '832');
INSERT INTO `users` (`id`, `firstname`, `lastname`, `email`, `password_hash`, `phone`) VALUES ('728', 'Janie', 'Sawayn', 'lberge@example.com', '99148f4724dc73bbd40aabf80733b38474f5a4e5', '35');
INSERT INTO `users` (`id`, `firstname`, `lastname`, `email`, `password_hash`, `phone`) VALUES ('729', 'Jamar', 'Ruecker', 'joelle.bashirian@example.com', '6b2045e44c8f99ad620d768a6737fa358ac57365', '52');
INSERT INTO `users` (`id`, `firstname`, `lastname`, `email`, `password_hash`, `phone`) VALUES ('730', 'Prince', 'Weissnat', 'darryl.hane@example.org', '161893726211a7cc896c38670681c4fefe8ad169', '559');
INSERT INTO `users` (`id`, `firstname`, `lastname`, `email`, `password_hash`, `phone`) VALUES ('732', 'Peggie', 'Mayert', 'kling.valentine@example.net', 'bf91d7aaea5538e9196e869c6f2f9d445fb8b118', '256');
INSERT INTO `users` (`id`, `firstname`, `lastname`, `email`, `password_hash`, `phone`) VALUES ('733', 'Darby', 'Schmidt', 'ruthie.spinka@example.org', '6ec0372b142eeb01070861038f4aab61bd25db6b', '673');
INSERT INTO `users` (`id`, `firstname`, `lastname`, `email`, `password_hash`, `phone`) VALUES ('735', 'Theodora', 'Smith', 'johathan79@example.org', '9cfa2ae1ab2f7ae0b24006eb801a52c037ca0887', '435976');
INSERT INTO `users` (`id`, `firstname`, `lastname`, `email`, `password_hash`, `phone`) VALUES ('737', 'Jenifer', 'Labadie', 'wlang@example.net', '35a5df31252b00cf93cf6861cbc4a02d6debefba', '377795');
INSERT INTO `users` (`id`, `firstname`, `lastname`, `email`, `password_hash`, `phone`) VALUES ('738', 'Delphine', 'Cummerata', 'barrows.dayne@example.com', 'fd67abca8f0cfa283c60a9743f0bf62fac80bf6d', '106352');
INSERT INTO `users` (`id`, `firstname`, `lastname`, `email`, `password_hash`, `phone`) VALUES ('740', 'Gardner', 'Haley', 'jeromy81@example.org', 'bb9cb4439140d0800cae56a229543c2687285c71', '834367');
INSERT INTO `users` (`id`, `firstname`, `lastname`, `email`, `password_hash`, `phone`) VALUES ('743', 'Melody', 'Altenwerth', 'jasen64@example.net', 'fdff5e3be27bd5c6a5b4768c6f80f932ce055e9a', '876');
INSERT INTO `users` (`id`, `firstname`, `lastname`, `email`, `password_hash`, `phone`) VALUES ('745', 'Mertie', 'Boyle', 'anjali.bernhard@example.net', 'dc73fbe9ff201a7ccf7995ad8881de5d73efbc02', '995336');
INSERT INTO `users` (`id`, `firstname`, `lastname`, `email`, `password_hash`, `phone`) VALUES ('746', 'Miller', 'Wolf', 'krogahn@example.net', '2d9844fba8fb1437e17f54956ee06b91800208d9', '29');
INSERT INTO `users` (`id`, `firstname`, `lastname`, `email`, `password_hash`, `phone`) VALUES ('747', 'Abbigail', 'Dickinson', 'aroob@example.org', '059aedc86d8934cc38b9b6611915fbe560ccb1d0', '570869');
INSERT INTO `users` (`id`, `firstname`, `lastname`, `email`, `password_hash`, `phone`) VALUES ('748', 'Dena', 'Kuhlman', 'fletcher84@example.net', 'cde5752810605b46412991382673172d18021283', '94');
INSERT INTO `users` (`id`, `firstname`, `lastname`, `email`, `password_hash`, `phone`) VALUES ('749', 'Clementine', 'Lang', 'klein.dejon@example.org', '9e69f9722e2298791c20fa8028d04d4ec957893f', '9773389790');
INSERT INTO `users` (`id`, `firstname`, `lastname`, `email`, `password_hash`, `phone`) VALUES ('750', 'Millie', 'Klocko', 'alexane36@example.org', '13af6e5f1b32d3e0957cde3f2029da85dc4d9809', '1922822559');
INSERT INTO `users` (`id`, `firstname`, `lastname`, `email`, `password_hash`, `phone`) VALUES ('751', 'Florence', 'Kohler', 'melisa.mcdermott@example.net', 'ad74db9881d48a184049067b22cd6a29c389f41d', '84');
INSERT INTO `users` (`id`, `firstname`, `lastname`, `email`, `password_hash`, `phone`) VALUES ('752', 'Clotilde', 'Williamson', 'wadams@example.net', '43932fd21cb2618f23517f99aa5a1ba319bce475', '13265');
INSERT INTO `users` (`id`, `firstname`, `lastname`, `email`, `password_hash`, `phone`) VALUES ('754', 'Ana', 'Powlowski', 'swift.landen@example.net', '31cda94b2a7201cc5cc14fd85c9e5a346ac677b7', '543707');
INSERT INTO `users` (`id`, `firstname`, `lastname`, `email`, `password_hash`, `phone`) VALUES ('758', 'Adrienne', 'Marks', 'casimir.weber@example.net', '18b019b99d0edf888977541b7d76edf59af9dcb5', '4051798215');
INSERT INTO `users` (`id`, `firstname`, `lastname`, `email`, `password_hash`, `phone`) VALUES ('760', 'Clotilde', 'Kshlerin', 'jebert@example.net', '275114253a1b6d274c4c66bfa292e907a35b0d07', '666675');
INSERT INTO `users` (`id`, `firstname`, `lastname`, `email`, `password_hash`, `phone`) VALUES ('761', 'Courtney', 'McClure', 'slubowitz@example.net', '89729e4f3fd851f83550fc574c83934df9fc0766', '965745');
INSERT INTO `users` (`id`, `firstname`, `lastname`, `email`, `password_hash`, `phone`) VALUES ('763', 'Lina', 'Gutkowski', 'mraz.nelle@example.net', '0dceec3a897467f234bc609f4eddb841eead9a06', '585');
INSERT INTO `users` (`id`, `firstname`, `lastname`, `email`, `password_hash`, `phone`) VALUES ('765', 'Marcelo', 'Brown', 'mervin.cole@example.org', 'cf6c6755a1542f829d5f9b45f077cc13eb596166', '465');
INSERT INTO `users` (`id`, `firstname`, `lastname`, `email`, `password_hash`, `phone`) VALUES ('767', 'Lew', 'Langworth', 'pconn@example.com', '014cab6d08c5516940f87a44c0fe6c2f8bb5be7e', '571');
INSERT INTO `users` (`id`, `firstname`, `lastname`, `email`, `password_hash`, `phone`) VALUES ('768', 'Jessyca', 'Homenick', 'oheathcote@example.com', 'c9c1175d5572008a5c2575e64e04d5c3be86fb5e', '537');
INSERT INTO `users` (`id`, `firstname`, `lastname`, `email`, `password_hash`, `phone`) VALUES ('773', 'Berniece', 'Kilback', 'heathcote.kiarra@example.net', '685b7673b73a6c10c25ac4c465206f8a76818c89', '304881');
INSERT INTO `users` (`id`, `firstname`, `lastname`, `email`, `password_hash`, `phone`) VALUES ('776', 'Guillermo', 'Sporer', 'nels66@example.net', 'b2566647cedfe74a7d1a8f08eb41b9b2f6a98180', '25');
INSERT INTO `users` (`id`, `firstname`, `lastname`, `email`, `password_hash`, `phone`) VALUES ('777', 'Jordy', 'Jakubowski', 'ehaley@example.com', 'ee4911445fd5c136084e5f6ed708216189c7db10', '93');
INSERT INTO `users` (`id`, `firstname`, `lastname`, `email`, `password_hash`, `phone`) VALUES ('778', 'Otto', 'Jacobs', 'trantow.torey@example.com', '7b90afeb1a1197bb6aa364ff2a20b31f2e098f9b', '77');
INSERT INTO `users` (`id`, `firstname`, `lastname`, `email`, `password_hash`, `phone`) VALUES ('779', 'Harrison', 'Hahn', 'billie.kilback@example.net', 'c5e4d1eb61153c9ddb06e58b23989279d6320874', '881');
INSERT INTO `users` (`id`, `firstname`, `lastname`, `email`, `password_hash`, `phone`) VALUES ('783', 'Terrill', 'Wilkinson', 'dpollich@example.net', '47f60ece69b0f88aab58d0635a4e187ec223de73', '400');
INSERT INTO `users` (`id`, `firstname`, `lastname`, `email`, `password_hash`, `phone`) VALUES ('784', 'Deonte', 'Kling', 'emil.flatley@example.org', 'b273aded4b8b7289d4b1b8ec40a34b1c54ba314b', '583');
INSERT INTO `users` (`id`, `firstname`, `lastname`, `email`, `password_hash`, `phone`) VALUES ('787', 'Alysha', 'Rath', 'lyla41@example.net', 'a57f38e3b12afecb9fe5c8567061ba10d8e4aecd', '938');
INSERT INTO `users` (`id`, `firstname`, `lastname`, `email`, `password_hash`, `phone`) VALUES ('793', 'Brando', 'Ernser', 'gcorkery@example.net', '3fbb809bac23f243cb77961a0a5705b7f15f6aa1', '880');
INSERT INTO `users` (`id`, `firstname`, `lastname`, `email`, `password_hash`, `phone`) VALUES ('795', 'Nicolas', 'Berge', 'gutkowski.geovany@example.net', '0f7e34f51619ce3451f371fcc24e458dfb923946', '905');
INSERT INTO `users` (`id`, `firstname`, `lastname`, `email`, `password_hash`, `phone`) VALUES ('797', 'Marilie', 'Haley', 'gfay@example.org', '8aa5f95222e2a6865be8e2e22cfc48cb6203da84', '42');
INSERT INTO `users` (`id`, `firstname`, `lastname`, `email`, `password_hash`, `phone`) VALUES ('803', 'Glen', 'Sauer', 'donnie03@example.com', '2c1b503cef8eb71ad1a0c1f33ddf07f401dfeb1a', '629');
INSERT INTO `users` (`id`, `firstname`, `lastname`, `email`, `password_hash`, `phone`) VALUES ('804', 'Tristian', 'Bechtelar', 'wolff.marlene@example.net', 'b52e43226ff484da59643b1e48cf93c349251c6a', '91431');
INSERT INTO `users` (`id`, `firstname`, `lastname`, `email`, `password_hash`, `phone`) VALUES ('805', 'Alfredo', 'McGlynn', 'uolson@example.com', 'ea69e034f16654b4e86f5e36d889ccf8430094ca', '51');
INSERT INTO `users` (`id`, `firstname`, `lastname`, `email`, `password_hash`, `phone`) VALUES ('807', 'Peyton', 'Reynolds', 'udibbert@example.net', '896b82012f446785e50ae40f9c4a840784eb4d00', '7407798654');
INSERT INTO `users` (`id`, `firstname`, `lastname`, `email`, `password_hash`, `phone`) VALUES ('808', 'Emilie', 'Roob', 'andre.pouros@example.org', '8c9246c6d0b9214c48f7d1507dbec8739261730f', '903367');
INSERT INTO `users` (`id`, `firstname`, `lastname`, `email`, `password_hash`, `phone`) VALUES ('809', 'Perry', 'Bins', 'zita62@example.org', 'df9b3f5f1019ab827f047971f82f1115e4e3546b', '93035');
INSERT INTO `users` (`id`, `firstname`, `lastname`, `email`, `password_hash`, `phone`) VALUES ('810', 'Pedro', 'Hagenes', 'fred49@example.net', '2e5cf26ee83303e52a5d01604cc222138591dd6f', '992317');
INSERT INTO `users` (`id`, `firstname`, `lastname`, `email`, `password_hash`, `phone`) VALUES ('812', 'Sincere', 'Thiel', 'laney35@example.net', 'bac13ba9e19991cfcadebfc0cf9d781788fe728f', '885817');
INSERT INTO `users` (`id`, `firstname`, `lastname`, `email`, `password_hash`, `phone`) VALUES ('814', 'Cristopher', 'Goyette', 'tkeebler@example.org', 'f44adb59a42a0cbb8adfe0dde27912ec8d4c32d2', '7998373656');
INSERT INTO `users` (`id`, `firstname`, `lastname`, `email`, `password_hash`, `phone`) VALUES ('819', 'Tanner', 'Haag', 'kbeatty@example.com', '008158b2b19c991f8bed83caedac45d02270f80c', '153750');
INSERT INTO `users` (`id`, `firstname`, `lastname`, `email`, `password_hash`, `phone`) VALUES ('820', 'Darion', 'Torp', 'paucek.virginie@example.org', 'e189d6ac3fdb2d9550ca203968c5dcb4a6364d53', '837');
INSERT INTO `users` (`id`, `firstname`, `lastname`, `email`, `password_hash`, `phone`) VALUES ('821', 'Casey', 'Gulgowski', 'alverta42@example.org', 'f2d337236d00dc321d3b5644307f2be84c36404e', '854125');
INSERT INTO `users` (`id`, `firstname`, `lastname`, `email`, `password_hash`, `phone`) VALUES ('822', 'Allen', 'Wilkinson', 'mueller.larue@example.com', 'dc73cadede58ae0ab765774fc50b8d5c6319a91a', '145');
INSERT INTO `users` (`id`, `firstname`, `lastname`, `email`, `password_hash`, `phone`) VALUES ('824', 'Garry', 'Block', 'jonas.beer@example.net', 'bc95d879ac6e659739c1f660c4761ec5d76cabb1', '554593');
INSERT INTO `users` (`id`, `firstname`, `lastname`, `email`, `password_hash`, `phone`) VALUES ('828', 'Dominic', 'Yost', 'khalid.paucek@example.com', '9b759da8f548af8b386307186119eb1f01a4271d', '545');
INSERT INTO `users` (`id`, `firstname`, `lastname`, `email`, `password_hash`, `phone`) VALUES ('830', 'Quentin', 'Fisher', 'ward.deven@example.org', 'd7bc035ea4024443d082b29527e6f8d98705fdb6', '529347');
INSERT INTO `users` (`id`, `firstname`, `lastname`, `email`, `password_hash`, `phone`) VALUES ('832', 'Robbie', 'Marquardt', 'kavon.gutkowski@example.org', 'ead8fb363c9731ce999ea24ebf420a1d872ec088', '672');
INSERT INTO `users` (`id`, `firstname`, `lastname`, `email`, `password_hash`, `phone`) VALUES ('834', 'Santiago', 'Larkin', 'irolfson@example.org', '08eb24e8fa51a099896b0dd457793ab38ea3fac9', '906328');
INSERT INTO `users` (`id`, `firstname`, `lastname`, `email`, `password_hash`, `phone`) VALUES ('835', 'Karina', 'Bernhard', 'patricia62@example.org', '7e4df6586d86459286bc8a045bfb1488001d0670', '894');
INSERT INTO `users` (`id`, `firstname`, `lastname`, `email`, `password_hash`, `phone`) VALUES ('838', 'Benedict', 'Zemlak', 'omarks@example.net', '583ba532b01ef47b47453e7d799fb74e4e930631', '68');
INSERT INTO `users` (`id`, `firstname`, `lastname`, `email`, `password_hash`, `phone`) VALUES ('839', 'Pablo', 'Kertzmann', 'caroline.kunde@example.com', '0e34a17cf4aad387a91a05c8a5b38187749557fe', '28663');
INSERT INTO `users` (`id`, `firstname`, `lastname`, `email`, `password_hash`, `phone`) VALUES ('840', 'Luz', 'Wiza', 'nova.goldner@example.com', '2686888a3803d296609ecbdb48392d05fb88f8ee', '644');
INSERT INTO `users` (`id`, `firstname`, `lastname`, `email`, `password_hash`, `phone`) VALUES ('841', 'Mercedes', 'Stoltenberg', 'eugenia.windler@example.net', 'dc522dc95c7b9ee909505f3677646181723ca8a4', '114');
INSERT INTO `users` (`id`, `firstname`, `lastname`, `email`, `password_hash`, `phone`) VALUES ('845', 'Karina', 'Kuvalis', 'van.schimmel@example.org', '3f8b10846c0a5a2c22a457a34a8a1770c3bff62e', '9449');
INSERT INTO `users` (`id`, `firstname`, `lastname`, `email`, `password_hash`, `phone`) VALUES ('846', 'Virginie', 'Spinka', 'elliott69@example.org', '94822480f2c3b36d646a890d27cbf9066b847d68', '8730747827');
INSERT INTO `users` (`id`, `firstname`, `lastname`, `email`, `password_hash`, `phone`) VALUES ('848', 'Delia', 'Skiles', 'wiza.randi@example.net', 'e086c278cf68a6ca0600784d662887b56166c8bd', '948');
INSERT INTO `users` (`id`, `firstname`, `lastname`, `email`, `password_hash`, `phone`) VALUES ('850', 'Marcellus', 'Hodkiewicz', 'douglas.gregorio@example.net', '6b7556bb22f904824a456ac0735099e719186d1e', '172419');
INSERT INTO `users` (`id`, `firstname`, `lastname`, `email`, `password_hash`, `phone`) VALUES ('851', 'Ahmad', 'Rice', 'bailey.zelma@example.com', 'bbd62e74e720f2f54ef2c019de2d1967a924abb1', '943');
INSERT INTO `users` (`id`, `firstname`, `lastname`, `email`, `password_hash`, `phone`) VALUES ('852', 'Stuart', 'Hermiston', 'homenick.brandt@example.com', '606b25f815487ada6a0e5439e74f97f8058efd07', '8305509529');
INSERT INTO `users` (`id`, `firstname`, `lastname`, `email`, `password_hash`, `phone`) VALUES ('853', 'Josie', 'Ziemann', 'matilda.heller@example.org', '1a89aca55f1b1e934f1d9c738715c62cf9ee912a', '556102');
INSERT INTO `users` (`id`, `firstname`, `lastname`, `email`, `password_hash`, `phone`) VALUES ('854', 'Dana', 'Dicki', 'minnie.botsford@example.net', 'a55f474be62c4089c8b207bf4a3e24745f66338d', '500991');
INSERT INTO `users` (`id`, `firstname`, `lastname`, `email`, `password_hash`, `phone`) VALUES ('858', 'Aurelio', 'Fritsch', 'alyson12@example.com', 'a4aaee459bfff71cfeb908009a99942c44409ab2', '316199');
INSERT INTO `users` (`id`, `firstname`, `lastname`, `email`, `password_hash`, `phone`) VALUES ('859', 'Reba', 'Crooks', 'mayer.norwood@example.org', '17890ac7a208ef8feaf4cc960c17f94d3362f1ac', '559868');
INSERT INTO `users` (`id`, `firstname`, `lastname`, `email`, `password_hash`, `phone`) VALUES ('860', 'Felicita', 'Prohaska', 'jgutkowski@example.net', '1dfaeba3c17c676ae9cd0c76021ad2361192d93f', '47962');
INSERT INTO `users` (`id`, `firstname`, `lastname`, `email`, `password_hash`, `phone`) VALUES ('861', 'Lance', 'McClure', 'yhalvorson@example.org', '8ecdf3a114a991ec239ff8d372a92f109cd72583', '78');
INSERT INTO `users` (`id`, `firstname`, `lastname`, `email`, `password_hash`, `phone`) VALUES ('863', 'Marquis', 'Breitenberg', 'alva.witting@example.net', '900d6f65206909ed34a327f3903473b0f30a52c7', '14');
INSERT INTO `users` (`id`, `firstname`, `lastname`, `email`, `password_hash`, `phone`) VALUES ('866', 'Dillon', 'Turner', 'dickinson.shania@example.com', '2daddaeb28756463f4418c2325572ef017d926bd', '898245');
INSERT INTO `users` (`id`, `firstname`, `lastname`, `email`, `password_hash`, `phone`) VALUES ('872', 'Marguerite', 'Herman', 'lang.hannah@example.org', 'b244579827e1986f9cb96bfea6b9d5f70ff3cfbe', '753');
INSERT INTO `users` (`id`, `firstname`, `lastname`, `email`, `password_hash`, `phone`) VALUES ('873', 'Reginald', 'Cruickshank', 'sylvan42@example.net', '1c2bb0b376b58c95b9c45379da4a0a847a03be89', '768');
INSERT INTO `users` (`id`, `firstname`, `lastname`, `email`, `password_hash`, `phone`) VALUES ('876', 'Dina', 'Boyer', 'hirthe.michaela@example.org', '07696eee7cb91c444ad184d2b1f0dd06f6194714', '9');
INSERT INTO `users` (`id`, `firstname`, `lastname`, `email`, `password_hash`, `phone`) VALUES ('881', 'Cletus', 'McKenzie', 'kiehn.felton@example.net', 'd27d9ca4efe51d09804a4bf7f9a95515e772ec42', '829780');
INSERT INTO `users` (`id`, `firstname`, `lastname`, `email`, `password_hash`, `phone`) VALUES ('882', 'Dejuan', 'Schuppe', 'qherzog@example.org', 'edd4ef641e3b42c5a12d181051ab09a46753a550', '605369');
INSERT INTO `users` (`id`, `firstname`, `lastname`, `email`, `password_hash`, `phone`) VALUES ('883', 'Roel', 'Abernathy', 'erica39@example.com', '100b2a2ae84b67db2ae300f3d65580affbbfa3d9', '2');
INSERT INTO `users` (`id`, `firstname`, `lastname`, `email`, `password_hash`, `phone`) VALUES ('884', 'Karl', 'Fahey', 'ratke.lorenza@example.com', 'c357214a26d116471d5784f0d9ab7d5e751e03d4', '6756950205');
INSERT INTO `users` (`id`, `firstname`, `lastname`, `email`, `password_hash`, `phone`) VALUES ('885', 'Roel', 'Davis', 'ofelia21@example.net', 'd7533f7ada369c6484f295cf32ef36c781b55097', '48');
INSERT INTO `users` (`id`, `firstname`, `lastname`, `email`, `password_hash`, `phone`) VALUES ('886', 'Parker', 'Bogan', 'michel07@example.org', '5150e0a9354f4e32e8178d0620692a9eb5a856d3', '644965');
INSERT INTO `users` (`id`, `firstname`, `lastname`, `email`, `password_hash`, `phone`) VALUES ('887', 'Magnus', 'Altenwerth', 'lturner@example.org', '9fae42d4f5d55ce928bdb4027d1092627fc53ad5', '680272');
INSERT INTO `users` (`id`, `firstname`, `lastname`, `email`, `password_hash`, `phone`) VALUES ('889', 'Geovanni', 'Ferry', 'bauch.cecil@example.com', 'e1264508e586761648bf0adab6add570f69b624b', '55');
INSERT INTO `users` (`id`, `firstname`, `lastname`, `email`, `password_hash`, `phone`) VALUES ('890', 'Hester', 'Weimann', 'hudson.runolfsson@example.com', '91008685a3ff4481f4b014463b4f368398fc753d', '2252442387');
INSERT INTO `users` (`id`, `firstname`, `lastname`, `email`, `password_hash`, `phone`) VALUES ('893', 'Enos', 'Mraz', 'kylee.hilpert@example.com', '25c2e3b1ab0578e073d37d6fb18ce8c83a94d216', '857591');
INSERT INTO `users` (`id`, `firstname`, `lastname`, `email`, `password_hash`, `phone`) VALUES ('899', 'Lionel', 'Shields', 'hyman88@example.org', 'cb49b2a95fa86922541c3fcee7372fdfbf823df0', '620');
INSERT INTO `users` (`id`, `firstname`, `lastname`, `email`, `password_hash`, `phone`) VALUES ('900', 'Etha', 'Watsica', 'wkunde@example.net', 'acfcca064f5319a1e96daaad5ae57ee1e3504fa9', '822281');
INSERT INTO `users` (`id`, `firstname`, `lastname`, `email`, `password_hash`, `phone`) VALUES ('902', 'Mozelle', 'Howe', 'lenny71@example.com', '9bcd68f8478a1e87b019b4c3554c1f245bb40eec', '846723');
INSERT INTO `users` (`id`, `firstname`, `lastname`, `email`, `password_hash`, `phone`) VALUES ('903', 'Alena', 'Langosh', 'ethelyn.prohaska@example.net', 'ef690291d526b4ba4481740cf21d87e65b8eafd3', '228283');
INSERT INTO `users` (`id`, `firstname`, `lastname`, `email`, `password_hash`, `phone`) VALUES ('904', 'Claudia', 'Padberg', 'stroman.brannon@example.org', '9b549cc0babdb617022735b925e4e346aa2f61a6', '4273023455');
INSERT INTO `users` (`id`, `firstname`, `lastname`, `email`, `password_hash`, `phone`) VALUES ('908', 'Kory', 'Homenick', 'nitzsche.quinn@example.net', '1f81e1a43442453307da72d2862b4b9961158755', '940625');
INSERT INTO `users` (`id`, `firstname`, `lastname`, `email`, `password_hash`, `phone`) VALUES ('912', 'Cooper', 'Emmerich', 'ethel16@example.net', '6a067780a5e3dd1dacd27f5ea78565fca68cf120', '10');
INSERT INTO `users` (`id`, `firstname`, `lastname`, `email`, `password_hash`, `phone`) VALUES ('914', 'Dominic', 'Bradtke', 'hermann.wyatt@example.com', '50e0b69b749333d7f5d85d8d4f81047067826715', '7038744925');
INSERT INTO `users` (`id`, `firstname`, `lastname`, `email`, `password_hash`, `phone`) VALUES ('917', 'Thalia', 'Green', 'josephine60@example.net', '3978a9a60806dc3157d9f3a7b3b2b5efa1049b2d', '799');
INSERT INTO `users` (`id`, `firstname`, `lastname`, `email`, `password_hash`, `phone`) VALUES ('918', 'Glen', 'Smitham', 'eleazar81@example.org', '7abc88c8fa4196990671e80be450f117686454c0', '887997');
INSERT INTO `users` (`id`, `firstname`, `lastname`, `email`, `password_hash`, `phone`) VALUES ('919', 'Kimberly', 'Mante', 'dfarrell@example.org', '4b4201a1991fb87b8c2ba3d67e8b7df21f4b0d0c', '984');
INSERT INTO `users` (`id`, `firstname`, `lastname`, `email`, `password_hash`, `phone`) VALUES ('920', 'Leonie', 'Senger', 'keira.turner@example.com', '88d5ca4380b0e6d90dbb1bdc51f7dfbd6e70d590', '6269869050');
INSERT INTO `users` (`id`, `firstname`, `lastname`, `email`, `password_hash`, `phone`) VALUES ('924', 'Cecelia', 'Torphy', 'simone77@example.org', 'f26db5f3edb96d42b33f61daf0aef17ba4a80a79', '5989325541');
INSERT INTO `users` (`id`, `firstname`, `lastname`, `email`, `password_hash`, `phone`) VALUES ('925', 'Gage', 'Flatley', 'daniella48@example.org', '703c26966d845d21201e362272e7529d91bcad1c', '124461');
INSERT INTO `users` (`id`, `firstname`, `lastname`, `email`, `password_hash`, `phone`) VALUES ('928', 'Davin', 'Bernier', 'fzieme@example.com', 'cf4c7d8a75c408f8241ccedac2581d64bcd170c2', '327509');
INSERT INTO `users` (`id`, `firstname`, `lastname`, `email`, `password_hash`, `phone`) VALUES ('932', 'Martine', 'Oberbrunner', 'o\'reilly.destinee@example.net', '2862d0f276629a1bc4c2b79b8332edd471d37f12', '260');
INSERT INTO `users` (`id`, `firstname`, `lastname`, `email`, `password_hash`, `phone`) VALUES ('935', 'Kylie', 'Krajcik', 'yolanda89@example.org', '08261c2458e55126a9c227d9528a6794acf2d040', '689');
INSERT INTO `users` (`id`, `firstname`, `lastname`, `email`, `password_hash`, `phone`) VALUES ('937', 'Nona', 'Robel', 'amina.blanda@example.net', 'a7577369468f472402525756acbaca14255db679', '997526');
INSERT INTO `users` (`id`, `firstname`, `lastname`, `email`, `password_hash`, `phone`) VALUES ('938', 'Elinor', 'Dooley', 'qhomenick@example.net', '5d794ed4e2001f4f249046a97f573245ad7bb8eb', '780465');
INSERT INTO `users` (`id`, `firstname`, `lastname`, `email`, `password_hash`, `phone`) VALUES ('941', 'Francesca', 'Schuster', 'stuart.wilderman@example.net', '539dfe3f743ce4b2cb1b8c16c272baeac487d6f0', '225');
INSERT INTO `users` (`id`, `firstname`, `lastname`, `email`, `password_hash`, `phone`) VALUES ('942', 'Nichole', 'Bauch', 'emily95@example.net', 'ae19eb214961623d3ff994b3d05b86d33f8af5e7', '718');
INSERT INTO `users` (`id`, `firstname`, `lastname`, `email`, `password_hash`, `phone`) VALUES ('944', 'Arnold', 'Dickinson', 'otha77@example.org', 'ec0d54c08ea23812489f2e2dc835d36034efc37c', '262212');
INSERT INTO `users` (`id`, `firstname`, `lastname`, `email`, `password_hash`, `phone`) VALUES ('946', 'Beth', 'Berge', 'hintz.theodore@example.net', '242c2479d10ce8db2fa34cd83b2c35f001249e34', '614926');
INSERT INTO `users` (`id`, `firstname`, `lastname`, `email`, `password_hash`, `phone`) VALUES ('949', 'Linwood', 'Ernser', 'crooks.ruby@example.net', '98d1e6d6bf65e6e02c69579e0fbd135099dd8714', '4664899296');
INSERT INTO `users` (`id`, `firstname`, `lastname`, `email`, `password_hash`, `phone`) VALUES ('950', 'Christina', 'Zulauf', 'santa33@example.com', '7a42473ca8428541e7cf14bf15d2c31db2349de2', '762');
INSERT INTO `users` (`id`, `firstname`, `lastname`, `email`, `password_hash`, `phone`) VALUES ('951', 'Dulce', 'Abbott', 'monroe50@example.org', 'c885382f78b72ce4fabedf5808399e9063eaa2f8', '71');
INSERT INTO `users` (`id`, `firstname`, `lastname`, `email`, `password_hash`, `phone`) VALUES ('952', 'Jasmin', 'Christiansen', 'hswaniawski@example.org', '361b989addbf554a2e3f2b9e3489ea7993d14845', '3228654804');
INSERT INTO `users` (`id`, `firstname`, `lastname`, `email`, `password_hash`, `phone`) VALUES ('954', 'Lue', 'Rippin', 'elvis.auer@example.org', '1d1f940eeaeb543557835eb4db9452e5a8e45cea', '26883');
INSERT INTO `users` (`id`, `firstname`, `lastname`, `email`, `password_hash`, `phone`) VALUES ('957', 'Kim', 'Bashirian', 'citlalli93@example.org', 'b9823b72cb60e5696fd1b31dbf0a596acea745b4', '92');
INSERT INTO `users` (`id`, `firstname`, `lastname`, `email`, `password_hash`, `phone`) VALUES ('959', 'Kenna', 'Gaylord', 'liam.bogan@example.org', '8181f5930ee2fca5faf2b179f2c99dad44c32f53', '279154');
INSERT INTO `users` (`id`, `firstname`, `lastname`, `email`, `password_hash`, `phone`) VALUES ('961', 'Antonia', 'Braun', 'burley70@example.com', '9941ac544e05c9c94bcfc6c7a7baa0eacf2dc600', '63');
INSERT INTO `users` (`id`, `firstname`, `lastname`, `email`, `password_hash`, `phone`) VALUES ('962', 'Madie', 'West', 'marlee.reichel@example.com', 'd788959d765a2be24358be364a0bc218393c2e1c', '168');
INSERT INTO `users` (`id`, `firstname`, `lastname`, `email`, `password_hash`, `phone`) VALUES ('964', 'Lila', 'King', 'rosamond.quigley@example.net', 'b2f183db3b44f613b0bb12e6550b433e5b7c3b0f', '523');
INSERT INTO `users` (`id`, `firstname`, `lastname`, `email`, `password_hash`, `phone`) VALUES ('965', 'Alexzander', 'Tremblay', 'ywintheiser@example.net', '61cfd079b9ae14e7eb60a98481a76e5cd107b106', '609064');
INSERT INTO `users` (`id`, `firstname`, `lastname`, `email`, `password_hash`, `phone`) VALUES ('967', 'Miles', 'Maggio', 'beahan.sean@example.org', '5bbd63e4e77da186b6ac517912e7f0ff0c1c1021', '9780965694');
INSERT INTO `users` (`id`, `firstname`, `lastname`, `email`, `password_hash`, `phone`) VALUES ('968', 'Florian', 'Stamm', 'charley33@example.org', '5ab197d4e8e6a95e16ae8ea782de05781efaae6e', '4466389771');
INSERT INTO `users` (`id`, `firstname`, `lastname`, `email`, `password_hash`, `phone`) VALUES ('969', 'Hubert', 'Larson', 'lyric32@example.com', '29851769edcf35c11313b912e3dee76cb7245c0b', '259');
INSERT INTO `users` (`id`, `firstname`, `lastname`, `email`, `password_hash`, `phone`) VALUES ('970', 'Tre', 'Kihn', 'lavada.beer@example.com', '8f77061bb7ff73ae49c0e543bf1eac82b5c91e61', '201925');
INSERT INTO `users` (`id`, `firstname`, `lastname`, `email`, `password_hash`, `phone`) VALUES ('972', 'Hattie', 'Bruen', 'hackett.davonte@example.org', 'cee2cd3ca3402239cc2aa263df9829a490878084', '720826');
INSERT INTO `users` (`id`, `firstname`, `lastname`, `email`, `password_hash`, `phone`) VALUES ('974', 'Asia', 'Lang', 'qjacobson@example.net', '4d975b8067ea40bda3441008eff52d3f4c4accf5', '383945');
INSERT INTO `users` (`id`, `firstname`, `lastname`, `email`, `password_hash`, `phone`) VALUES ('975', 'Wilfrid', 'Considine', 'neoma.bosco@example.com', '8310cb9de8a058a7ea60b916a68b9235f0cf4735', '654');
INSERT INTO `users` (`id`, `firstname`, `lastname`, `email`, `password_hash`, `phone`) VALUES ('978', 'Caterina', 'Jerde', 'yasmin78@example.net', 'c9ac430ac7204f4ebb77c9f7fb5557c7eaaa3fb8', '610290');
INSERT INTO `users` (`id`, `firstname`, `lastname`, `email`, `password_hash`, `phone`) VALUES ('983', 'Alize', 'Koch', 'tkiehn@example.net', '7220bd4a3410b387fa7a5d459e189e8ba4689be0', '180726');
INSERT INTO `users` (`id`, `firstname`, `lastname`, `email`, `password_hash`, `phone`) VALUES ('984', 'Billie', 'Thiel', 'renee89@example.net', 'd361c6ff1dea084104d8132022af86203215ab8b', '1997924751');
INSERT INTO `users` (`id`, `firstname`, `lastname`, `email`, `password_hash`, `phone`) VALUES ('985', 'Kaylah', 'Kshlerin', 'kirstin03@example.org', '6f2b9baecf804c960656f01cb737d6915ac20281', '11');
INSERT INTO `users` (`id`, `firstname`, `lastname`, `email`, `password_hash`, `phone`) VALUES ('986', 'Modesta', 'Klein', 'rmonahan@example.com', '214f21ff0cfef35d93259538b0f4c1978838e628', '158');
INSERT INTO `users` (`id`, `firstname`, `lastname`, `email`, `password_hash`, `phone`) VALUES ('990', 'Dallin', 'Ondricka', 'erussel@example.net', '901554c45a8b9355b12e9869c52c756abd43b8a4', '309725');
INSERT INTO `users` (`id`, `firstname`, `lastname`, `email`, `password_hash`, `phone`) VALUES ('994', 'Jan', 'Weimann', 'osbaldo21@example.com', 'ac96c883362fc218d6a9c44027a485816806050f', '889');
INSERT INTO `users` (`id`, `firstname`, `lastname`, `email`, `password_hash`, `phone`) VALUES ('995', 'Daren', 'Steuber', 'yward@example.com', 'd02f6a51a31882370b29a031afacee22d1d45261', '27617');
INSERT INTO `users` (`id`, `firstname`, `lastname`, `email`, `password_hash`, `phone`) VALUES ('996', 'Alvina', 'Grant', 'okuneva.mia@example.com', '4b9237d59a434128829f1538395c11824df8ce75', '676800');
INSERT INTO `users` (`id`, `firstname`, `lastname`, `email`, `password_hash`, `phone`) VALUES ('997', 'Johnathon', 'Herman', 'june61@example.net', '49874d8544ff90aad979e8dc54e8992c654e0c1f', '236');
INSERT INTO `users` (`id`, `firstname`, `lastname`, `email`, `password_hash`, `phone`) VALUES ('999', 'Haskell', 'Hermann', 'alverta.hoeger@example.com', '4237ca14f839eadee466b9ea442935c4ceaca6d6', '679');


#
# TABLE STRUCTURE FOR: users_communities
#

DROP TABLE IF EXISTS `users_communities`;

CREATE TABLE `users_communities` (
  `user_id` bigint(20) unsigned NOT NULL,
  `community_id` bigint(20) unsigned NOT NULL,
  PRIMARY KEY (`user_id`,`community_id`),
  KEY `community_id` (`community_id`),
  CONSTRAINT `users_communities_ibfk_1` FOREIGN KEY (`user_id`) REFERENCES `users` (`id`),
  CONSTRAINT `users_communities_ibfk_2` FOREIGN KEY (`community_id`) REFERENCES `communities` (`id`)
) ENGINE=InnoDB DEFAULT CHARSET=utf8mb4 COLLATE=utf8mb4_unicode_ci;

INSERT INTO `users_communities` (`user_id`, `community_id`) VALUES ('501', '1');
INSERT INTO `users_communities` (`user_id`, `community_id`) VALUES ('501', '282');
INSERT INTO `users_communities` (`user_id`, `community_id`) VALUES ('502', '2');
INSERT INTO `users_communities` (`user_id`, `community_id`) VALUES ('502', '283');
INSERT INTO `users_communities` (`user_id`, `community_id`) VALUES ('503', '3');
INSERT INTO `users_communities` (`user_id`, `community_id`) VALUES ('503', '284');
INSERT INTO `users_communities` (`user_id`, `community_id`) VALUES ('504', '4');
INSERT INTO `users_communities` (`user_id`, `community_id`) VALUES ('504', '285');
INSERT INTO `users_communities` (`user_id`, `community_id`) VALUES ('505', '5');
INSERT INTO `users_communities` (`user_id`, `community_id`) VALUES ('505', '286');
INSERT INTO `users_communities` (`user_id`, `community_id`) VALUES ('507', '6');
INSERT INTO `users_communities` (`user_id`, `community_id`) VALUES ('507', '287');
INSERT INTO `users_communities` (`user_id`, `community_id`) VALUES ('509', '7');
INSERT INTO `users_communities` (`user_id`, `community_id`) VALUES ('509', '288');
INSERT INTO `users_communities` (`user_id`, `community_id`) VALUES ('510', '8');
INSERT INTO `users_communities` (`user_id`, `community_id`) VALUES ('510', '289');
INSERT INTO `users_communities` (`user_id`, `community_id`) VALUES ('511', '9');
INSERT INTO `users_communities` (`user_id`, `community_id`) VALUES ('511', '290');
INSERT INTO `users_communities` (`user_id`, `community_id`) VALUES ('512', '10');
INSERT INTO `users_communities` (`user_id`, `community_id`) VALUES ('512', '291');
INSERT INTO `users_communities` (`user_id`, `community_id`) VALUES ('513', '11');
INSERT INTO `users_communities` (`user_id`, `community_id`) VALUES ('513', '292');
INSERT INTO `users_communities` (`user_id`, `community_id`) VALUES ('515', '12');
INSERT INTO `users_communities` (`user_id`, `community_id`) VALUES ('515', '293');
INSERT INTO `users_communities` (`user_id`, `community_id`) VALUES ('516', '13');
INSERT INTO `users_communities` (`user_id`, `community_id`) VALUES ('516', '294');
INSERT INTO `users_communities` (`user_id`, `community_id`) VALUES ('518', '14');
INSERT INTO `users_communities` (`user_id`, `community_id`) VALUES ('518', '295');
INSERT INTO `users_communities` (`user_id`, `community_id`) VALUES ('519', '15');
INSERT INTO `users_communities` (`user_id`, `community_id`) VALUES ('519', '296');
INSERT INTO `users_communities` (`user_id`, `community_id`) VALUES ('520', '16');
INSERT INTO `users_communities` (`user_id`, `community_id`) VALUES ('520', '297');
INSERT INTO `users_communities` (`user_id`, `community_id`) VALUES ('522', '17');
INSERT INTO `users_communities` (`user_id`, `community_id`) VALUES ('522', '298');
INSERT INTO `users_communities` (`user_id`, `community_id`) VALUES ('523', '18');
INSERT INTO `users_communities` (`user_id`, `community_id`) VALUES ('523', '299');
INSERT INTO `users_communities` (`user_id`, `community_id`) VALUES ('530', '19');
INSERT INTO `users_communities` (`user_id`, `community_id`) VALUES ('530', '300');
INSERT INTO `users_communities` (`user_id`, `community_id`) VALUES ('532', '20');
INSERT INTO `users_communities` (`user_id`, `community_id`) VALUES ('533', '21');
INSERT INTO `users_communities` (`user_id`, `community_id`) VALUES ('534', '22');
INSERT INTO `users_communities` (`user_id`, `community_id`) VALUES ('537', '23');
INSERT INTO `users_communities` (`user_id`, `community_id`) VALUES ('538', '24');
INSERT INTO `users_communities` (`user_id`, `community_id`) VALUES ('539', '25');
INSERT INTO `users_communities` (`user_id`, `community_id`) VALUES ('542', '26');
INSERT INTO `users_communities` (`user_id`, `community_id`) VALUES ('543', '27');
INSERT INTO `users_communities` (`user_id`, `community_id`) VALUES ('546', '28');
INSERT INTO `users_communities` (`user_id`, `community_id`) VALUES ('547', '29');
INSERT INTO `users_communities` (`user_id`, `community_id`) VALUES ('548', '30');
INSERT INTO `users_communities` (`user_id`, `community_id`) VALUES ('549', '31');
INSERT INTO `users_communities` (`user_id`, `community_id`) VALUES ('550', '32');
INSERT INTO `users_communities` (`user_id`, `community_id`) VALUES ('552', '33');
INSERT INTO `users_communities` (`user_id`, `community_id`) VALUES ('554', '34');
INSERT INTO `users_communities` (`user_id`, `community_id`) VALUES ('555', '35');
INSERT INTO `users_communities` (`user_id`, `community_id`) VALUES ('559', '36');
INSERT INTO `users_communities` (`user_id`, `community_id`) VALUES ('561', '37');
INSERT INTO `users_communities` (`user_id`, `community_id`) VALUES ('564', '38');
INSERT INTO `users_communities` (`user_id`, `community_id`) VALUES ('565', '39');
INSERT INTO `users_communities` (`user_id`, `community_id`) VALUES ('566', '40');
INSERT INTO `users_communities` (`user_id`, `community_id`) VALUES ('568', '41');
INSERT INTO `users_communities` (`user_id`, `community_id`) VALUES ('569', '42');
INSERT INTO `users_communities` (`user_id`, `community_id`) VALUES ('570', '43');
INSERT INTO `users_communities` (`user_id`, `community_id`) VALUES ('571', '44');
INSERT INTO `users_communities` (`user_id`, `community_id`) VALUES ('572', '45');
INSERT INTO `users_communities` (`user_id`, `community_id`) VALUES ('574', '46');
INSERT INTO `users_communities` (`user_id`, `community_id`) VALUES ('575', '47');
INSERT INTO `users_communities` (`user_id`, `community_id`) VALUES ('578', '48');
INSERT INTO `users_communities` (`user_id`, `community_id`) VALUES ('580', '49');
INSERT INTO `users_communities` (`user_id`, `community_id`) VALUES ('582', '50');
INSERT INTO `users_communities` (`user_id`, `community_id`) VALUES ('583', '51');
INSERT INTO `users_communities` (`user_id`, `community_id`) VALUES ('584', '52');
INSERT INTO `users_communities` (`user_id`, `community_id`) VALUES ('585', '53');
INSERT INTO `users_communities` (`user_id`, `community_id`) VALUES ('586', '54');
INSERT INTO `users_communities` (`user_id`, `community_id`) VALUES ('587', '55');
INSERT INTO `users_communities` (`user_id`, `community_id`) VALUES ('588', '56');
INSERT INTO `users_communities` (`user_id`, `community_id`) VALUES ('590', '57');
INSERT INTO `users_communities` (`user_id`, `community_id`) VALUES ('591', '58');
INSERT INTO `users_communities` (`user_id`, `community_id`) VALUES ('595', '59');
INSERT INTO `users_communities` (`user_id`, `community_id`) VALUES ('596', '60');
INSERT INTO `users_communities` (`user_id`, `community_id`) VALUES ('597', '61');
INSERT INTO `users_communities` (`user_id`, `community_id`) VALUES ('598', '62');
INSERT INTO `users_communities` (`user_id`, `community_id`) VALUES ('601', '63');
INSERT INTO `users_communities` (`user_id`, `community_id`) VALUES ('603', '64');
INSERT INTO `users_communities` (`user_id`, `community_id`) VALUES ('605', '65');
INSERT INTO `users_communities` (`user_id`, `community_id`) VALUES ('607', '66');
INSERT INTO `users_communities` (`user_id`, `community_id`) VALUES ('610', '67');
INSERT INTO `users_communities` (`user_id`, `community_id`) VALUES ('611', '68');
INSERT INTO `users_communities` (`user_id`, `community_id`) VALUES ('612', '69');
INSERT INTO `users_communities` (`user_id`, `community_id`) VALUES ('614', '70');
INSERT INTO `users_communities` (`user_id`, `community_id`) VALUES ('616', '71');
INSERT INTO `users_communities` (`user_id`, `community_id`) VALUES ('617', '72');
INSERT INTO `users_communities` (`user_id`, `community_id`) VALUES ('618', '73');
INSERT INTO `users_communities` (`user_id`, `community_id`) VALUES ('620', '74');
INSERT INTO `users_communities` (`user_id`, `community_id`) VALUES ('621', '75');
INSERT INTO `users_communities` (`user_id`, `community_id`) VALUES ('622', '76');
INSERT INTO `users_communities` (`user_id`, `community_id`) VALUES ('627', '77');
INSERT INTO `users_communities` (`user_id`, `community_id`) VALUES ('631', '78');
INSERT INTO `users_communities` (`user_id`, `community_id`) VALUES ('633', '79');
INSERT INTO `users_communities` (`user_id`, `community_id`) VALUES ('635', '80');
INSERT INTO `users_communities` (`user_id`, `community_id`) VALUES ('638', '81');
INSERT INTO `users_communities` (`user_id`, `community_id`) VALUES ('639', '82');
INSERT INTO `users_communities` (`user_id`, `community_id`) VALUES ('640', '83');
INSERT INTO `users_communities` (`user_id`, `community_id`) VALUES ('641', '84');
INSERT INTO `users_communities` (`user_id`, `community_id`) VALUES ('645', '85');
INSERT INTO `users_communities` (`user_id`, `community_id`) VALUES ('647', '86');
INSERT INTO `users_communities` (`user_id`, `community_id`) VALUES ('648', '87');
INSERT INTO `users_communities` (`user_id`, `community_id`) VALUES ('649', '88');
INSERT INTO `users_communities` (`user_id`, `community_id`) VALUES ('650', '89');
INSERT INTO `users_communities` (`user_id`, `community_id`) VALUES ('651', '90');
INSERT INTO `users_communities` (`user_id`, `community_id`) VALUES ('652', '91');
INSERT INTO `users_communities` (`user_id`, `community_id`) VALUES ('654', '92');
INSERT INTO `users_communities` (`user_id`, `community_id`) VALUES ('655', '93');
INSERT INTO `users_communities` (`user_id`, `community_id`) VALUES ('656', '94');
INSERT INTO `users_communities` (`user_id`, `community_id`) VALUES ('657', '95');
INSERT INTO `users_communities` (`user_id`, `community_id`) VALUES ('659', '96');
INSERT INTO `users_communities` (`user_id`, `community_id`) VALUES ('660', '97');
INSERT INTO `users_communities` (`user_id`, `community_id`) VALUES ('661', '98');
INSERT INTO `users_communities` (`user_id`, `community_id`) VALUES ('662', '99');
INSERT INTO `users_communities` (`user_id`, `community_id`) VALUES ('664', '100');
INSERT INTO `users_communities` (`user_id`, `community_id`) VALUES ('666', '101');
INSERT INTO `users_communities` (`user_id`, `community_id`) VALUES ('669', '102');
INSERT INTO `users_communities` (`user_id`, `community_id`) VALUES ('670', '103');
INSERT INTO `users_communities` (`user_id`, `community_id`) VALUES ('671', '104');
INSERT INTO `users_communities` (`user_id`, `community_id`) VALUES ('673', '105');
INSERT INTO `users_communities` (`user_id`, `community_id`) VALUES ('674', '106');
INSERT INTO `users_communities` (`user_id`, `community_id`) VALUES ('675', '107');
INSERT INTO `users_communities` (`user_id`, `community_id`) VALUES ('676', '108');
INSERT INTO `users_communities` (`user_id`, `community_id`) VALUES ('678', '109');
INSERT INTO `users_communities` (`user_id`, `community_id`) VALUES ('680', '110');
INSERT INTO `users_communities` (`user_id`, `community_id`) VALUES ('681', '111');
INSERT INTO `users_communities` (`user_id`, `community_id`) VALUES ('683', '112');
INSERT INTO `users_communities` (`user_id`, `community_id`) VALUES ('684', '113');
INSERT INTO `users_communities` (`user_id`, `community_id`) VALUES ('685', '114');
INSERT INTO `users_communities` (`user_id`, `community_id`) VALUES ('686', '115');
INSERT INTO `users_communities` (`user_id`, `community_id`) VALUES ('687', '116');
INSERT INTO `users_communities` (`user_id`, `community_id`) VALUES ('688', '117');
INSERT INTO `users_communities` (`user_id`, `community_id`) VALUES ('689', '118');
INSERT INTO `users_communities` (`user_id`, `community_id`) VALUES ('692', '119');
INSERT INTO `users_communities` (`user_id`, `community_id`) VALUES ('694', '120');
INSERT INTO `users_communities` (`user_id`, `community_id`) VALUES ('695', '121');
INSERT INTO `users_communities` (`user_id`, `community_id`) VALUES ('696', '122');
INSERT INTO `users_communities` (`user_id`, `community_id`) VALUES ('698', '123');
INSERT INTO `users_communities` (`user_id`, `community_id`) VALUES ('699', '124');
INSERT INTO `users_communities` (`user_id`, `community_id`) VALUES ('700', '125');
INSERT INTO `users_communities` (`user_id`, `community_id`) VALUES ('702', '126');
INSERT INTO `users_communities` (`user_id`, `community_id`) VALUES ('703', '127');
INSERT INTO `users_communities` (`user_id`, `community_id`) VALUES ('704', '128');
INSERT INTO `users_communities` (`user_id`, `community_id`) VALUES ('705', '129');
INSERT INTO `users_communities` (`user_id`, `community_id`) VALUES ('707', '130');
INSERT INTO `users_communities` (`user_id`, `community_id`) VALUES ('710', '131');
INSERT INTO `users_communities` (`user_id`, `community_id`) VALUES ('713', '132');
INSERT INTO `users_communities` (`user_id`, `community_id`) VALUES ('714', '133');
INSERT INTO `users_communities` (`user_id`, `community_id`) VALUES ('715', '134');
INSERT INTO `users_communities` (`user_id`, `community_id`) VALUES ('716', '135');
INSERT INTO `users_communities` (`user_id`, `community_id`) VALUES ('717', '136');
INSERT INTO `users_communities` (`user_id`, `community_id`) VALUES ('718', '137');
INSERT INTO `users_communities` (`user_id`, `community_id`) VALUES ('719', '138');
INSERT INTO `users_communities` (`user_id`, `community_id`) VALUES ('722', '139');
INSERT INTO `users_communities` (`user_id`, `community_id`) VALUES ('723', '140');
INSERT INTO `users_communities` (`user_id`, `community_id`) VALUES ('725', '141');
INSERT INTO `users_communities` (`user_id`, `community_id`) VALUES ('727', '142');
INSERT INTO `users_communities` (`user_id`, `community_id`) VALUES ('728', '143');
INSERT INTO `users_communities` (`user_id`, `community_id`) VALUES ('729', '144');
INSERT INTO `users_communities` (`user_id`, `community_id`) VALUES ('730', '145');
INSERT INTO `users_communities` (`user_id`, `community_id`) VALUES ('732', '146');
INSERT INTO `users_communities` (`user_id`, `community_id`) VALUES ('733', '147');
INSERT INTO `users_communities` (`user_id`, `community_id`) VALUES ('735', '148');
INSERT INTO `users_communities` (`user_id`, `community_id`) VALUES ('737', '149');
INSERT INTO `users_communities` (`user_id`, `community_id`) VALUES ('738', '150');
INSERT INTO `users_communities` (`user_id`, `community_id`) VALUES ('740', '151');
INSERT INTO `users_communities` (`user_id`, `community_id`) VALUES ('743', '152');
INSERT INTO `users_communities` (`user_id`, `community_id`) VALUES ('745', '153');
INSERT INTO `users_communities` (`user_id`, `community_id`) VALUES ('746', '154');
INSERT INTO `users_communities` (`user_id`, `community_id`) VALUES ('747', '155');
INSERT INTO `users_communities` (`user_id`, `community_id`) VALUES ('748', '156');
INSERT INTO `users_communities` (`user_id`, `community_id`) VALUES ('749', '157');
INSERT INTO `users_communities` (`user_id`, `community_id`) VALUES ('750', '158');
INSERT INTO `users_communities` (`user_id`, `community_id`) VALUES ('751', '159');
INSERT INTO `users_communities` (`user_id`, `community_id`) VALUES ('752', '160');
INSERT INTO `users_communities` (`user_id`, `community_id`) VALUES ('754', '161');
INSERT INTO `users_communities` (`user_id`, `community_id`) VALUES ('758', '162');
INSERT INTO `users_communities` (`user_id`, `community_id`) VALUES ('760', '163');
INSERT INTO `users_communities` (`user_id`, `community_id`) VALUES ('761', '164');
INSERT INTO `users_communities` (`user_id`, `community_id`) VALUES ('763', '165');
INSERT INTO `users_communities` (`user_id`, `community_id`) VALUES ('765', '166');
INSERT INTO `users_communities` (`user_id`, `community_id`) VALUES ('767', '167');
INSERT INTO `users_communities` (`user_id`, `community_id`) VALUES ('768', '168');
INSERT INTO `users_communities` (`user_id`, `community_id`) VALUES ('773', '169');
INSERT INTO `users_communities` (`user_id`, `community_id`) VALUES ('776', '170');
INSERT INTO `users_communities` (`user_id`, `community_id`) VALUES ('777', '171');
INSERT INTO `users_communities` (`user_id`, `community_id`) VALUES ('778', '172');
INSERT INTO `users_communities` (`user_id`, `community_id`) VALUES ('779', '173');
INSERT INTO `users_communities` (`user_id`, `community_id`) VALUES ('783', '174');
INSERT INTO `users_communities` (`user_id`, `community_id`) VALUES ('784', '175');
INSERT INTO `users_communities` (`user_id`, `community_id`) VALUES ('787', '176');
INSERT INTO `users_communities` (`user_id`, `community_id`) VALUES ('793', '177');
INSERT INTO `users_communities` (`user_id`, `community_id`) VALUES ('795', '178');
INSERT INTO `users_communities` (`user_id`, `community_id`) VALUES ('797', '179');
INSERT INTO `users_communities` (`user_id`, `community_id`) VALUES ('803', '180');
INSERT INTO `users_communities` (`user_id`, `community_id`) VALUES ('804', '181');
INSERT INTO `users_communities` (`user_id`, `community_id`) VALUES ('805', '182');
INSERT INTO `users_communities` (`user_id`, `community_id`) VALUES ('807', '183');
INSERT INTO `users_communities` (`user_id`, `community_id`) VALUES ('808', '184');
INSERT INTO `users_communities` (`user_id`, `community_id`) VALUES ('809', '185');
INSERT INTO `users_communities` (`user_id`, `community_id`) VALUES ('810', '186');
INSERT INTO `users_communities` (`user_id`, `community_id`) VALUES ('812', '187');
INSERT INTO `users_communities` (`user_id`, `community_id`) VALUES ('814', '188');
INSERT INTO `users_communities` (`user_id`, `community_id`) VALUES ('819', '189');
INSERT INTO `users_communities` (`user_id`, `community_id`) VALUES ('820', '190');
INSERT INTO `users_communities` (`user_id`, `community_id`) VALUES ('821', '191');
INSERT INTO `users_communities` (`user_id`, `community_id`) VALUES ('822', '192');
INSERT INTO `users_communities` (`user_id`, `community_id`) VALUES ('824', '193');
INSERT INTO `users_communities` (`user_id`, `community_id`) VALUES ('828', '194');
INSERT INTO `users_communities` (`user_id`, `community_id`) VALUES ('830', '195');
INSERT INTO `users_communities` (`user_id`, `community_id`) VALUES ('832', '196');
INSERT INTO `users_communities` (`user_id`, `community_id`) VALUES ('834', '197');
INSERT INTO `users_communities` (`user_id`, `community_id`) VALUES ('835', '198');
INSERT INTO `users_communities` (`user_id`, `community_id`) VALUES ('838', '199');
INSERT INTO `users_communities` (`user_id`, `community_id`) VALUES ('839', '200');
INSERT INTO `users_communities` (`user_id`, `community_id`) VALUES ('840', '201');
INSERT INTO `users_communities` (`user_id`, `community_id`) VALUES ('841', '202');
INSERT INTO `users_communities` (`user_id`, `community_id`) VALUES ('845', '203');
INSERT INTO `users_communities` (`user_id`, `community_id`) VALUES ('846', '204');
INSERT INTO `users_communities` (`user_id`, `community_id`) VALUES ('848', '205');
INSERT INTO `users_communities` (`user_id`, `community_id`) VALUES ('850', '206');
INSERT INTO `users_communities` (`user_id`, `community_id`) VALUES ('851', '207');
INSERT INTO `users_communities` (`user_id`, `community_id`) VALUES ('852', '208');
INSERT INTO `users_communities` (`user_id`, `community_id`) VALUES ('853', '209');
INSERT INTO `users_communities` (`user_id`, `community_id`) VALUES ('854', '210');
INSERT INTO `users_communities` (`user_id`, `community_id`) VALUES ('858', '211');
INSERT INTO `users_communities` (`user_id`, `community_id`) VALUES ('859', '212');
INSERT INTO `users_communities` (`user_id`, `community_id`) VALUES ('860', '213');
INSERT INTO `users_communities` (`user_id`, `community_id`) VALUES ('861', '214');
INSERT INTO `users_communities` (`user_id`, `community_id`) VALUES ('863', '215');
INSERT INTO `users_communities` (`user_id`, `community_id`) VALUES ('866', '216');
INSERT INTO `users_communities` (`user_id`, `community_id`) VALUES ('872', '217');
INSERT INTO `users_communities` (`user_id`, `community_id`) VALUES ('873', '218');
INSERT INTO `users_communities` (`user_id`, `community_id`) VALUES ('876', '219');
INSERT INTO `users_communities` (`user_id`, `community_id`) VALUES ('881', '220');
INSERT INTO `users_communities` (`user_id`, `community_id`) VALUES ('882', '221');
INSERT INTO `users_communities` (`user_id`, `community_id`) VALUES ('883', '222');
INSERT INTO `users_communities` (`user_id`, `community_id`) VALUES ('884', '223');
INSERT INTO `users_communities` (`user_id`, `community_id`) VALUES ('885', '224');
INSERT INTO `users_communities` (`user_id`, `community_id`) VALUES ('886', '225');
INSERT INTO `users_communities` (`user_id`, `community_id`) VALUES ('887', '226');
INSERT INTO `users_communities` (`user_id`, `community_id`) VALUES ('889', '227');
INSERT INTO `users_communities` (`user_id`, `community_id`) VALUES ('890', '228');
INSERT INTO `users_communities` (`user_id`, `community_id`) VALUES ('893', '229');
INSERT INTO `users_communities` (`user_id`, `community_id`) VALUES ('899', '230');
INSERT INTO `users_communities` (`user_id`, `community_id`) VALUES ('900', '231');
INSERT INTO `users_communities` (`user_id`, `community_id`) VALUES ('902', '232');
INSERT INTO `users_communities` (`user_id`, `community_id`) VALUES ('903', '233');
INSERT INTO `users_communities` (`user_id`, `community_id`) VALUES ('904', '234');
INSERT INTO `users_communities` (`user_id`, `community_id`) VALUES ('908', '235');
INSERT INTO `users_communities` (`user_id`, `community_id`) VALUES ('912', '236');
INSERT INTO `users_communities` (`user_id`, `community_id`) VALUES ('914', '237');
INSERT INTO `users_communities` (`user_id`, `community_id`) VALUES ('917', '238');
INSERT INTO `users_communities` (`user_id`, `community_id`) VALUES ('918', '239');
INSERT INTO `users_communities` (`user_id`, `community_id`) VALUES ('919', '240');
INSERT INTO `users_communities` (`user_id`, `community_id`) VALUES ('920', '241');
INSERT INTO `users_communities` (`user_id`, `community_id`) VALUES ('924', '242');
INSERT INTO `users_communities` (`user_id`, `community_id`) VALUES ('925', '243');
INSERT INTO `users_communities` (`user_id`, `community_id`) VALUES ('928', '244');
INSERT INTO `users_communities` (`user_id`, `community_id`) VALUES ('932', '245');
INSERT INTO `users_communities` (`user_id`, `community_id`) VALUES ('935', '246');
INSERT INTO `users_communities` (`user_id`, `community_id`) VALUES ('937', '247');
INSERT INTO `users_communities` (`user_id`, `community_id`) VALUES ('938', '248');
INSERT INTO `users_communities` (`user_id`, `community_id`) VALUES ('941', '249');
INSERT INTO `users_communities` (`user_id`, `community_id`) VALUES ('942', '250');
INSERT INTO `users_communities` (`user_id`, `community_id`) VALUES ('944', '251');
INSERT INTO `users_communities` (`user_id`, `community_id`) VALUES ('946', '252');
INSERT INTO `users_communities` (`user_id`, `community_id`) VALUES ('949', '253');
INSERT INTO `users_communities` (`user_id`, `community_id`) VALUES ('950', '254');
INSERT INTO `users_communities` (`user_id`, `community_id`) VALUES ('951', '255');
INSERT INTO `users_communities` (`user_id`, `community_id`) VALUES ('952', '256');
INSERT INTO `users_communities` (`user_id`, `community_id`) VALUES ('954', '257');
INSERT INTO `users_communities` (`user_id`, `community_id`) VALUES ('957', '258');
INSERT INTO `users_communities` (`user_id`, `community_id`) VALUES ('959', '259');
INSERT INTO `users_communities` (`user_id`, `community_id`) VALUES ('961', '260');
INSERT INTO `users_communities` (`user_id`, `community_id`) VALUES ('962', '261');
INSERT INTO `users_communities` (`user_id`, `community_id`) VALUES ('964', '262');
INSERT INTO `users_communities` (`user_id`, `community_id`) VALUES ('965', '263');
INSERT INTO `users_communities` (`user_id`, `community_id`) VALUES ('967', '264');
INSERT INTO `users_communities` (`user_id`, `community_id`) VALUES ('968', '265');
INSERT INTO `users_communities` (`user_id`, `community_id`) VALUES ('969', '266');
INSERT INTO `users_communities` (`user_id`, `community_id`) VALUES ('970', '267');
INSERT INTO `users_communities` (`user_id`, `community_id`) VALUES ('972', '268');
INSERT INTO `users_communities` (`user_id`, `community_id`) VALUES ('974', '269');
INSERT INTO `users_communities` (`user_id`, `community_id`) VALUES ('975', '270');
INSERT INTO `users_communities` (`user_id`, `community_id`) VALUES ('978', '271');
INSERT INTO `users_communities` (`user_id`, `community_id`) VALUES ('983', '272');
INSERT INTO `users_communities` (`user_id`, `community_id`) VALUES ('984', '273');
INSERT INTO `users_communities` (`user_id`, `community_id`) VALUES ('985', '274');
INSERT INTO `users_communities` (`user_id`, `community_id`) VALUES ('986', '275');
INSERT INTO `users_communities` (`user_id`, `community_id`) VALUES ('990', '276');
INSERT INTO `users_communities` (`user_id`, `community_id`) VALUES ('994', '277');
INSERT INTO `users_communities` (`user_id`, `community_id`) VALUES ('995', '278');
INSERT INTO `users_communities` (`user_id`, `community_id`) VALUES ('996', '279');
INSERT INTO `users_communities` (`user_id`, `community_id`) VALUES ('997', '280');
INSERT INTO `users_communities` (`user_id`, `community_id`) VALUES ('999', '281');


